,Build_id,Total_Anomalies,Total_Count,Percentage
0,1.0 - BLD 01_7836716,1,90,1.1111111111111112
1,1.0 - BLD 01_7838586,4,87,4.597701149425287
2,1.0 - BLD 04_7381828,3,90,3.3333333333333335
3,10.0 - BLD 01_7864550,6,100,6.0
4,10.0 - BLD 02_7864551,3,100,3.0
5,10.0 - BLD 03_8010023,2,100,2.0
6,10.0 - BLD 04_7864536,2,100,2.0
7,10.0 - BLD 05_8163877,2,78,2.564102564102564
8,10.0 - BLD 06_8163892,2,79,2.5316455696202533
9,10.0 - BLD 07_8010032,1,100,1.0
10,10.0 - BLD 08_7864549,5,100,5.0
11,10.0 - BLD 09_8125376,2,97,2.0618556701030926
12,10.0 - BLD 10_8010020,2,100,2.0
13,10.0 - BLD 11_7864545,4,99,4.040404040404041
14,10.0 - BLD 13_8301063,2,97,2.0618556701030926
15,10.0 - BLD 14_8301067,3,100,3.0
16,10.0 - BLD 15_7864540,2,99,2.0202020202020203
17,10.0 - BLD 16_7864543,4,100,4.0
18,10.0 - BLD 16_8163879,2,74,2.7027027027027026
19,100.0 - BLD 01_7250288,3,102,2.941176470588235
20,100.0 - BLD 02_6458115,2,102,1.9607843137254901
21,100.0 - BLD 03 - Community Center_5537272,1,71,1.4084507042253522
22,101.0 - BLD 02_7834072,4,102,3.9215686274509802
23,101.0 - BLD 04_7421675,4,103,3.8834951456310676
24,102.0 - BLD 02_8107087,2,102,1.9607843137254901
25,102.0 - BLD 07_8107064,2,102,1.9607843137254901
26,102.0 - BLD 10_8095559,3,98,3.061224489795918
27,103.0 - BLD 01_7860781,3,102,2.941176470588235
28,103.0 - BLD 04_8743232,3,102,2.941176470588235
29,103.0 - BLD 05_8095087,2,101,1.9801980198019802
30,11.0 - CLASON POINT GARDENS BLD 13_8096758,1,64,1.5625
31,11.0 - CLASON POINT GARDENS BLD 26_8322343,1,64,1.5625
32,11.0 - CLASON POINT GARDENS BLD 35_8362634,1,64,1.5625
33,11.0 - CLASON POINT GARDENS BLD 44_8362632,2,79,2.5316455696202533
34,111.0 - BLD 01_8809141,1,87,1.1494252873563218
35,111.0 - BLD 02_7250823,2,97,2.0618556701030926
36,111.0 - BLD 03_7693515,2,93,2.1505376344086025
37,111.0 - BLD 04_7231512,2,102,1.9607843137254901
38,111.0 - BLD 05 - Community Center_6728438,2,103,1.9417475728155338
39,111.0 - BLD 05_7272306,2,102,1.9607843137254901
40,112.0 - BLD 02_7613299,2,93,2.1505376344086025
41,112.0 - BLD 03_7421651,3,95,3.1578947368421053
42,113.0 - BLD 01_7252796,3,73,4.10958904109589
43,113.0 - BLD 02_6488781,1,71,1.4084507042253522
44,113.0 - BLD 03_8322187,2,102,1.9607843137254901
45,113.0 - BLD 04_7296111,2,73,2.73972602739726
46,113.0 - BLD 05_6369049,3,73,4.10958904109589
47,113.0 - BLD 06_6566403,3,73,4.10958904109589
48,113.0 - BLD 06_8632861,1,51,1.9607843137254901
49,114.0 - BLD 01_7835168,3,103,2.912621359223301
50,116.0 - WEST BRIGHTON I BLD 06_7860113_1600-87.8%,4,101,3.9603960396039604
51,117.0 - BLD 01_7404357,3,95,3.1578947368421053
52,117.0 - BLD 03_6790407,2,70,2.857142857142857
53,117.0 - BLD 03_7382879,2,89,2.247191011235955
54,118.0 - BLD 01_7518352,2,99,2.0202020202020203
55,118.0 - BLD 02_7725456,4,101,3.9603960396039604
56,118.0 - BLD 03_7725454,4,99,4.040404040404041
57,118.0 - BLD 04_7725479,3,101,2.9702970297029703
58,118.0 - BLD 05_7223256,1,98,1.0204081632653061
59,118.0 - BLD 06_7518362,2,97,2.0618556701030926
60,118.0 - BLD 07_7515778,5,96,5.208333333333334
61,120.0 - BLD 01_8125615,2,98,2.0408163265306123
62,121.0 - BLD 02_8095083,2,96,2.083333333333333
63,121.0 - BLD 04_6680683,1,92,1.0869565217391304
64,121.0 - BLD 06_8660158,2,97,2.0618556701030926
65,121.0 - BLD 09_6250421,2,90,2.2222222222222223
66,122.0 - BLD 01_8383643,2,103,1.9417475728155338
67,122.0 - BLD 02_8383642,3,101,2.9702970297029703
68,122.0 - BLD 03_7754295,4,98,4.081632653061225
69,122.0 - BLD 06_8632116,4,99,4.040404040404041
70,123.0 - BLD 01_7929705,6,103,5.825242718446602
71,123.0 - BLD 05_8205894,1,71,1.4084507042253522
72,124.0 - BLD 01_8545783,1,52,1.9230769230769231
73,125.0 - BLD 01_8770735,3,102,2.941176470588235
74,126.0 - BLD 03_8095574,3,99,3.0303030303030303
75,126.0 - BLD 12 - Community Center_8319527,1,74,1.3513513513513513
76,127.0 - BLD 01_8095604,3,96,3.125
77,128.0 - BLD 01_6598912,2,101,1.9801980198019802
78,128.0 - BLD 02_6598890,3,102,2.941176470588235
79,128.0 - BLD 03_6623243,2,101,1.9801980198019802
80,128.0 - BLD 04_6623375,4,102,3.9215686274509802
81,128.0 - BLD 05_7754298,1,103,0.9708737864077669
82,129.0 - BLD 02_8096901,3,103,2.912621359223301
83,130.0 - MORRIS I BLD 05_8096662-58.5,2,102,1.9607843137254901
84,131.0 - BLD 01_8095075,5,96,5.208333333333334
85,131.0 - BLD 02_5536400,4,100,4.0
86,131.0 - BLD 04_8095063,2,92,2.1739130434782608
87,131.0 - BLD 06_6432705,3,96,3.125
88,132.0 - BLD 10_7209846,5,97,5.154639175257731
89,133.0 - BLD 01_7908199,2,103,1.9417475728155338
90,133.0 - BLD 02_7835163,2,84,2.380952380952381
91,134.0 - BLD 01_8008845,4,102,3.9215686274509802
92,135.0 - BLD 01_6698686,4,101,3.9603960396039604
93,135.0 - BLD 02_6147187,5,100,5.0
94,135.0 - BLD 03_7115296,2,102,1.9607843137254901
95,135.0 - BLD 04_7564874,2,88,2.272727272727273
96,135.0 - BLD 05_7703501,4,98,4.081632653061225
97,135.0 - BLD 06_6148530,3,100,3.0
98,136.0 - BLD 01_7251088,1,80,1.25
99,136.0 - BLD 02_7835028,3,100,3.0
100,136.0 - BLD 03_7125134,2,102,1.9607843137254901
101,136.0 - BLD 04_6249590,2,87,2.2988505747126435
102,136.0 - BLD 05_7117110,2,100,2.0
103,136.0 - BLD 06_5537456,2,66,3.0303030303030303
104,136.0 - BLD 07_7223193,5,99,5.05050505050505
105,136.0 - BLD 08_7116223,3,101,2.9702970297029703
106,136.0 - BLD 09_7834930,4,102,3.9215686274509802
107,136.0 - BLD 10_5537606,6,101,5.9405940594059405
108,136.0 - BLD 11_8256037,1,70,1.4285714285714286
109,138.0 - BLD 01_8350138,4,100,4.0
110,138.0 - BLD 02_8350139,1,100,1.0
111,138.0 - BLD 03_8350144,2,101,1.9801980198019802
112,138.0 - BLD 04_8200721,1,100,1.0
113,139.0 - BLD 01_7382887,5,103,4.854368932038835
114,139.0 - BLD 02_8300567,2,67,2.9850746268656714
115,14.0 - INGERSOLL BLD 17_8661656,3,93,3.225806451612903
116,14.0 - INGERSOLL BLD 19_8478521,2,73,2.73972602739726
117,14.0 - INGERSOLL BLD 20_8572287,2,92,2.1739130434782608
118,14.0 - INGERSOLL BLD 21_8572284,1,92,1.0869565217391304
119,14.0 - INGERSOLL BLD 22_8478507,2,90,2.2222222222222223
120,14.0 - INGERSOLL BLD 23_8572285,2,92,2.1739130434782608
121,14.0 - INGERSOLL BLD 24_8478484,1,75,1.3333333333333335
122,14.0 - INGERSOLL BLD 25_8478523,1,76,1.3157894736842104
123,14.0 - INGERSOLL BLD 26_8478502,1,71,1.4084507042253522
124,14.0 - INGERSOLL BLD 27_8478524,1,74,1.3513513513513513
125,14.0 - INGERSOLL BLD 28_8478482,4,75,5.333333333333334
126,14.0 - INGERSOLL BLD 31_8572288,2,92,2.1739130434782608
127,14.0 - INGERSOLL BLD 33_8572281,4,92,4.3478260869565215
128,14.0 - INGERSOLL BLD 34_8572282,2,92,2.1739130434782608
129,14.0 - INGERSOLL BLD 35_8572289,2,91,2.197802197802198
130,14.0 - INGERSOLL BLD 36_8478505,2,91,2.197802197802198
131,14.0 - NA_8478483,1,68,1.4705882352941175
132,140.0 - BLD 02_8095585,2,96,2.083333333333333
133,140.0 - BLD 05_8095058,2,93,2.1505376344086025
134,141.0 - BLD 04_8095575,3,102,2.941176470588235
135,142.0 - BLD 01_7225275,2,101,1.9801980198019802
136,142.0 - BLD 02_5536425,1,101,0.9900990099009901
137,142.0 - BLD 03_2585398,4,101,3.9603960396039604
138,143.0 - BLD 01_7272173,3,103,2.912621359223301
139,145.0 - BLD 04_8125366,3,102,2.941176470588235
140,145.0 - BLD 07_8009943,4,103,3.8834951456310676
141,147.0 - BLD 08_7152047,3,98,3.061224489795918
142,148.0 - BLD 18_7834064,1,89,1.1235955056179776
143,149.0 - BLD 01_8362615,3,89,3.3707865168539324
144,149.0 - BLD 02_8362616,3,63,4.761904761904762
145,149.0 - BLD 02_8362617,2,63,3.1746031746031744
146,149.0 - BLD 03_8362614,3,89,3.3707865168539324
147,149.0 - BLD 04_7263111,2,101,1.9801980198019802
148,15.0 - BLD 01_7890006,2,103,1.9417475728155338
149,15.0 - BLD 02_7890017,2,103,1.9417475728155338
150,15.0 - BLD 03_7860023,4,103,3.8834951456310676
151,15.0 - BLD 04_7890003,2,103,1.9417475728155338
152,150.0 - BLD 01_7692844,2,74,2.7027027027027026
153,151.0 - BLD 03_8746903,3,101,2.9702970297029703
154,152.0 - BLD 10_7695070,5,101,4.9504950495049505
155,153.0 - BLD 01_7837018,3,102,2.941176470588235
156,153.0 - BLD 02_7272240,2,102,1.9607843137254901
157,154.0 - BLD 01_7574782,3,102,2.941176470588235
158,155.0 - BLD 01_7115642,4,102,3.9215686274509802
159,156.0 - BLD 01_7573839,4,98,4.081632653061225
160,157.0 - BLD 11_8350354,1,101,0.9900990099009901
161,157.0 - BLD 12_8298907,2,101,1.9801980198019802
162,158.0 - BLD 01_6598945,3,102,2.941176470588235
163,159.0 - BLD 01_7176946,3,99,3.0303030303030303
164,159.0 - BLD 01_7835171,1,102,0.9803921568627451
165,16.0 - BROWNSVILLE BLD 01_8125870,2,75,2.666666666666667
166,16.0 - BROWNSVILLE BLD 02_8322431,2,77,2.5974025974025974
167,16.0 - BROWNSVILLE BLD 03_8322424,2,77,2.5974025974025974
168,16.0 - BROWNSVILLE BLD 04_8095213,2,77,2.5974025974025974
169,16.0 - BROWNSVILLE BLD 05_8125869,2,78,2.564102564102564
170,16.0 - BROWNSVILLE BLD 07_8322437,2,76,2.631578947368421
171,16.0 - BROWNSVILLE BLD 08_8125866,2,76,2.631578947368421
172,16.0 - BROWNSVILLE BLD 09_8095207,2,78,2.564102564102564
173,16.0 - BROWNSVILLE BLD 11_8095208,2,78,2.564102564102564
174,16.0 - BROWNSVILLE BLD 12_8095205,3,79,3.79746835443038
175,16.0 - BROWNSVILLE BLD 13_8095216,2,77,2.5974025974025974
176,16.0 - BROWNSVILLE BLD 14_8125619,1,77,1.2987012987012987
177,16.0 - BROWNSVILLE BLD 15_8095211,2,78,2.564102564102564
178,16.0 - BROWNSVILLE BLD 16_8322413,2,76,2.631578947368421
179,16.0 - BROWNSVILLE BLD 18_8095212,2,78,2.564102564102564
180,16.0 - BROWNSVILLE BLD 19_8125626,1,78,1.282051282051282
181,16.0 - BROWNSVILLE BLD 21_8125620,3,80,3.75
182,16.0 - BROWNSVILLE BLD 22_8125621,2,78,2.564102564102564
183,16.0 - BROWNSVILLE BLD 23_8095214,2,76,2.631578947368421
184,16.0 - BROWNSVILLE BLD 24_8095203,3,79,3.79746835443038
185,16.0 - BROWNSVILLE BLD 25_8095215,2,80,2.5
186,16.0 - BROWNSVILLE BLD 26_8095310,2,78,2.564102564102564
187,16.0 - BROWNSVILLE BLD 27_8095218,2,78,2.564102564102564
188,160.0 - BLD 01_7382890,4,102,3.9215686274509802
189,161.0 - BLD 17_5536418,3,99,3.0303030303030303
190,162.0 - BLD 01_8074911,2,103,1.9417475728155338
191,162.0 - BLD 02_7908851,3,103,2.912621359223301
192,162.0 - BLD 03_8074912,4,103,3.8834951456310676
193,163.0 - BLD 02_8096666,5,103,4.854368932038835
194,163.0 - BLD 03_8096664,4,103,3.8834951456310676
195,163.0 - BLD 03_8096667,2,103,1.9417475728155338
196,164.0 - BLD 01_96973681,1,100,1.0
197,165.0 - BLD 01_99800299,3,103,2.912621359223301
198,165.0 - BLD 02_99261420,1,102,0.9803921568627451
199,165.0 - BLD 03_90327795,2,103,1.9417475728155338
200,165.0 - BLD 04_99273488,2,103,1.9417475728155338
201,166.0 - BLD 01_7251046,2,101,1.9801980198019802
202,166.0 - BLD 02_8078169,3,102,2.941176470588235
203,166.0 - BLD 03_7404621,2,103,1.9417475728155338
204,167.0 - BLD 01_7391017,3,100,3.0
205,168.0 - BLD 01_7025655,1,79,1.2658227848101267
206,168.0 - BLD 02_7025653,4,87,4.597701149425287
207,168.0 - BLD 03_6938089,2,69,2.898550724637681
208,169.0 - BLD 01_7424127,2,101,1.9801980198019802
209,169.0 - BLD 02_8078302,5,100,5.0
210,169.0 - BLD 03_8072598,4,99,4.040404040404041
211,169.0 - BLD 04_8078330,2,100,2.0
212,17.0 - JOHNSON BLD 01_8093710,1,53,1.8867924528301887
213,17.0 - JOHNSON BLD 02_8093704,1,53,1.8867924528301887
214,17.0 - JOHNSON BLD 03_8093691,2,53,3.7735849056603774
215,17.0 - JOHNSON BLD 04_8093699,2,53,3.7735849056603774
216,17.0 - JOHNSON BLD 05_8093694,1,53,1.8867924528301887
217,17.0 - JOHNSON BLD 06_8093709,1,53,1.8867924528301887
218,17.0 - JOHNSON BLD 07_8093698,1,53,1.8867924528301887
219,17.0 - JOHNSON BLD 08_8093708,1,53,1.8867924528301887
220,17.0 - JOHNSON BLD 09_8093685,1,53,1.8867924528301887
221,17.0 - JOHNSON BLD 10_8093703,1,53,1.8867924528301887
222,17.0 - JOHNSON BLD 10_8096449,1,53,1.8867924528301887
223,170.0 - BLD 01_7383523,1,54,1.8518518518518516
224,170.0 - BLD 02_6815022,1,66,1.5151515151515151
225,170.0 - BLD 05_7861372,2,54,3.7037037037037033
226,171.0 - BLD 01_7423999,3,101,2.9702970297029703
227,171.0 - BLD 02_7423997,1,101,0.9900990099009901
228,171.0 - BLD 03_8078347,4,100,4.0
229,172.0 - BLD 01_7383554,1,62,1.6129032258064515
230,172.0 - BLD 02_6310852,1,55,1.8181818181818181
231,173.0 - BLD 05_7834068,2,97,2.0618556701030926
232,174.0 - BLD 01_7835156,2,78,2.564102564102564
233,175.0 - WEST BRIGHTON I BLD 06_7860113_7500-12.2%,5,101,4.9504950495049505
234,176.0 - BLD 01_8127140,3,96,3.125
235,177.0 - BLD 07_7424138,5,103,4.854368932038835
236,177.0 - BLD 08_7662314,3,102,2.941176470588235
237,177.0 - BLD 09_5648236,5,101,4.9504950495049505
238,178.0 - BLD 19_6438125,3,84,3.571428571428571
239,178.0 - BLD 26_7692975,2,102,1.9607843137254901
240,18.0 - NA_8093927,3,87,3.4482758620689653
241,18.0 - NA_8096620,3,87,3.4482758620689653
242,18.0 - NA_8096623,2,87,2.2988505747126435
243,18.0 - NA_8096624,2,87,2.2988505747126435
244,18.0 - NA_8096628,3,88,3.4090909090909087
245,18.0 - NA_8142764,2,87,2.2988505747126435
246,18.0 - NA_8142769,3,87,3.4482758620689653
247,18.0 - NA_8142779,1,67,1.4925373134328357
248,18.0 - NA_8142780,2,88,2.272727272727273
249,18.0 - NA_8142782,3,87,3.4482758620689653
250,18.0 - NA_8142798,3,87,3.4482758620689653
251,180.0 - BLD 01_8074850,3,89,3.3707865168539324
252,181.0 - BLD 03_5649493,2,79,2.5316455696202533
253,182.0 - BLD 01_7719140,4,87,4.597701149425287
254,182.0 - BLD 02_6383272,2,70,2.857142857142857
255,183.0 - BLD 01_6937990,2,96,2.083333333333333
256,184.0 - BLD 01_7007362,1,74,1.3513513513513513
257,185.0 - BLD 01_7272247,1,102,0.9803921568627451
258,186.0 - BLD 01_7719178,1,102,0.9803921568627451
259,186.0 - BLD 02_6505419,2,102,1.9607843137254901
260,186.0 - BLD 03_6356890,4,101,3.9603960396039604
261,186.0 - BLD 04_6395328,1,102,0.9803921568627451
262,187.0 - BLD 01_5648200,1,94,1.0638297872340425
263,189.0 - BLD 01_7441488,1,69,1.4492753623188406
264,189.0 - BLD 01_7827666,1,72,1.3888888888888888
265,189.0 - BLD 02 - Community Center_8074759,1,103,0.9708737864077669
266,19.0 - NA_7929554,2,71,2.8169014084507045
267,19.0 - NA_7929560,1,71,1.4084507042253522
268,19.0 - NA_8142774,2,87,2.2988505747126435
269,19.0 - NA_8142787,2,87,2.2988505747126435
270,19.0 - NA_8142965,3,71,4.225352112676056
271,19.0 - NA_8142966,2,71,2.8169014084507045
272,190.0 - BLD 01_7821087,2,98,2.0408163265306123
273,191.0 - BLD 01_8350349,2,65,3.076923076923077
274,192.0 - BLD 01_6439097,2,98,2.0408163265306123
275,192.0 - BLD 02_6821247,4,96,4.166666666666666
276,192.0 - BLD 03 - Community Center_7116125,2,88,2.272727272727273
277,193.0 - BLD 30_8350406,1,98,1.0204081632653061
278,193.0 - BLD 31_8350387,2,101,1.9801980198019802
279,193.0 - BLD 32_8200767,2,73,2.73972602739726
280,193.0 - BLD 33_8350393,2,100,2.0
281,194.0 - BLD 01_7719134,3,98,3.061224489795918
282,194.0 - BLD 02_7545126,1,97,1.0309278350515463
283,194.0 - BLD 03_7821184,4,97,4.123711340206185
284,195.0 - BLD 01_7117134,3,101,2.9702970297029703
285,196.0 - BLD 01_8809016,2,100,2.0
286,197.0 - BLD 01_8095565,3,96,3.125
287,198.0 - BLD 18_7838856,3,100,3.0
288,2.0 - BLD 21 - Community Center_6842671,1,73,1.36986301369863
289,20.0 - BLD 01_8362709,1,62,1.6129032258064515
290,20.0 - BLD 02_8362706,1,62,1.6129032258064515
291,20.0 - BLD 03_8322447,1,62,1.6129032258064515
292,20.0 - BLD 04_8322448,1,62,1.6129032258064515
293,20.0 - BLD 05_8362708,1,62,1.6129032258064515
294,20.0 - BLD 06_8362686,2,62,3.225806451612903
295,20.0 - BLD 07_8362687,1,62,1.6129032258064515
296,20.0 - BLD 08_8362688,1,62,1.6129032258064515
297,20.0 - BLD 08_8362707,1,62,1.6129032258064515
298,20.0 - BLD 08_8362733,1,62,1.6129032258064515
299,20.0 - BLD 10_8571957,2,62,3.225806451612903
300,20.0 - BLD 11_8362689,1,62,1.6129032258064515
301,20.0 - BLD 12_8362731,1,62,1.6129032258064515
302,20.0 - BLD 13_8362732,1,62,1.6129032258064515
303,200.0 - BLD 01_7272348,2,94,2.127659574468085
304,200.0 - BLD 02_7382876,4,94,4.25531914893617
305,200.0 - BLD 03_7719179,3,89,3.3707865168539324
306,200.0 - BLD 04 - Community Center_8632495,4,95,4.2105263157894735
307,201.0 - BLD 01_7719168,1,102,0.9803921568627451
308,202.0 - BLD 01_8545890,3,103,2.912621359223301
309,203.0 - BLD 01_7466839,1,101,0.9900990099009901
310,204.0 - BLD 01_6369212,2,95,2.1052631578947367
311,205.0 - BLD 01_7885252,1,100,1.0
312,205.0 - BLD 02_2934812,4,99,4.040404040404041
313,205.0 - BLD 02_8548081,2,102,1.9607843137254901
314,205.0 - BLD 03_8510818,2,100,2.0
315,205.0 - BLD 04_8088763,2,102,1.9607843137254901
316,205.0 - BLD 07_8505069,2,100,2.0
317,205.0 - BLD 08_7955384,1,102,0.9803921568627451
318,205.0 - BLD 09_8505034,2,100,2.0
319,205.0 - BLD 11_7953599,1,102,0.9803921568627451
320,205.0 - BLD 12_6269382,1,95,1.0526315789473684
321,205.0 - BLD 13_7995356,3,102,2.941176470588235
322,205.0 - BLD 16_3248091,2,90,2.2222222222222223
323,206.0 - BLD 02_7382886,1,102,0.9803921568627451
324,207.0 - BLD 06_7695000,3,100,3.0
325,207.0 - BLD 07_3197906,2,98,2.0408163265306123
326,207.0 - BLD 08_6939913,3,101,2.9702970297029703
327,207.0 - BLD 09_7178840,2,102,1.9607843137254901
328,207.0 - BLD 12_7703583,3,97,3.0927835051546393
329,207.0 - BLD 13_6706773,4,96,4.166666666666666
330,207.0 - BLD 13_7719136,2,81,2.4691358024691357
331,208.0 - BLD 01_8184991,5,94,5.319148936170213
332,208.0 - BLD 01_8545724,1,59,1.694915254237288
333,21.0 - BLD 01_8300966,3,98,3.061224489795918
334,21.0 - BLD 03_6443449,3,92,3.260869565217391
335,21.0 - BLD 04_8267457,6,99,6.0606060606060606
336,21.0 - BLD 05_8267460,5,99,5.05050505050505
337,21.0 - BLD 06_8300965,4,99,4.040404040404041
338,21.0 - BLD 07_8661551,2,96,2.083333333333333
339,21.0 - BLD 08_8267558,4,99,4.040404040404041
340,21.0 - BLD 09_8096396,3,99,3.0303030303030303
341,21.0 - BLD 10_8300961,6,99,6.0606060606060606
342,21.0 - BLD 11_8267547,5,97,5.154639175257731
343,21.0 - BLD 12_8267555,4,99,4.040404040404041
344,21.0 - BLD 14_8267461,3,74,4.054054054054054
345,21.0 - BLD 14_8300960,3,75,4.0
346,21.0 - BLD 15_8267458,4,97,4.123711340206185
347,21.0 - BLD 16_8267556,4,96,4.166666666666666
348,21.0 - BLD 17_7833954,3,100,3.0
349,21.0 - BLD 18_8009861,4,100,4.0
350,21.0 - BLD 19_7833988,1,100,1.0
351,21.0 - BLD 20_7833963,2,100,2.0
352,21.0 - BLD 21_7833964,5,100,5.0
353,21.0 - BLD 22_7833959,5,100,5.0
354,21.0 - BLD 23_7833960,3,100,3.0
355,21.0 - BLD 24_7833966,5,100,5.0
356,21.0 - BLD 25_8009854,3,100,3.0
357,21.0 - BLD 26_7833965,2,100,2.0
358,21.0 - BLD 27_7833950,2,100,2.0
359,210.0 - BLD 03_7573620,1,99,1.0101010101010102
360,210.0 - BLD 04_7574699,1,101,0.9900990099009901
361,210.0 - BLD 06_6599069,3,100,3.0
362,210.0 - BLD 07_5922822,2,98,2.0408163265306123
363,210.0 - BLD 08_7754296,2,97,2.0618556701030926
364,210.0 - BLD 09_6653509,2,82,2.4390243902439024
365,210.0 - BLD 10_8448625,2,103,1.9417475728155338
366,211.0 - BLD 01_7391516,4,98,4.081632653061225
367,211.0 - BLD 08_8570389,1,100,1.0
368,211.0 - BLD 09_8009553,2,103,1.9417475728155338
369,214.0 - BLD 01_8349989,1,102,0.9803921568627451
370,215.0 - BLD 01_6383266,2,99,2.0202020202020203
371,216.0 - BLD 01_7115462,2,101,1.9801980198019802
372,216.0 - BLD 01_7383579,3,90,3.3333333333333335
373,218.0 - BLD 01_8448317,1,58,1.7241379310344827
374,22.0 - BLD 01_8322347,1,56,1.7857142857142856
375,22.0 - BLD 02_8322349,1,56,1.7857142857142856
376,22.0 - BLD 03_8095295,1,56,1.7857142857142856
377,22.0 - BLD 04_8322345,1,56,1.7857142857142856
378,22.0 - BLD 05_8095296,1,56,1.7857142857142856
379,22.0 - BLD 06_8362656,1,56,1.7857142857142856
380,22.0 - BLD 09_8322346,2,56,3.571428571428571
381,22.0 - BLD 10_8322348,1,56,1.7857142857142856
382,22.0 - BLD 11_8095298,1,56,1.7857142857142856
383,22.0 - BLD 13_8362654,1,56,1.7857142857142856
384,220.0 - BLD 04_7252760,2,101,1.9801980198019802
385,221.0 - BLD 02_8631979,2,103,1.9417475728155338
386,221.0 - BLD 03_5705181,3,102,2.941176470588235
387,221.0 - BLD 05_7574718,1,102,0.9803921568627451
388,221.0 - BLD 05_8631977,2,103,1.9417475728155338
389,222.0 - BLD 03_9053782,2,100,2.0
390,224.0 - BLD 01_7209833,2,98,2.0408163265306123
391,225.0 - BLD 01_8350458,1,69,1.4492753623188406
392,228.0 - BLD 02_7466780,1,69,1.4492753623188406
393,228.0 - NA_7838764,2,88,2.272727272727273
394,229.0 - BLD 02_7695015,2,79,2.5316455696202533
395,229.0 - BLD 02_8393792,1,59,1.694915254237288
396,229.0 - BLD 02_8448795,1,56,1.7857142857142856
397,23.0 - WALD BLD 01_8142768,2,86,2.3255813953488373
398,23.0 - WALD BLD 02_8096640,3,87,3.4482758620689653
399,23.0 - WALD BLD 03_8096626,2,87,2.2988505747126435
400,23.0 - WALD BLD 04_8142775,2,87,2.2988505747126435
401,23.0 - WALD BLD 05_8093921,2,87,2.2988505747126435
402,23.0 - WALD BLD 06_8322243,3,87,3.4482758620689653
403,23.0 - WALD BLD 07_7929552,4,87,4.597701149425287
404,23.0 - WALD BLD 08_8096621,2,87,2.2988505747126435
405,23.0 - WALD BLD 09_7929571,2,87,2.2988505747126435
406,23.0 - WALD BLD 10_8096625,1,87,1.1494252873563218
407,23.0 - WALD BLD 11_8096622,2,87,2.2988505747126435
408,23.0 - WALD BLD 12_8321865,2,87,2.2988505747126435
409,23.0 - WALD BLD 13_8142763,2,87,2.2988505747126435
410,23.0 - WALD BLD 14_7929558,2,87,2.2988505747126435
411,23.0 - WALD BLD 15_8095198,1,62,1.6129032258064515
412,23.0 - WALD BLD 16_8095196,1,62,1.6129032258064515
413,230.0 - BLD 01_7025562,3,99,3.0303030303030303
414,230.0 - BLD 03_8768343,2,89,2.247191011235955
415,230.0 - BLD 05_8448234,2,63,3.1746031746031744
416,230.0 - BLD 06_8768345,2,102,1.9607843137254901
417,230.0 - BLD 07_6356783,3,94,3.1914893617021276
418,230.0 - BLD 08_7837000,3,101,2.9702970297029703
419,231.0 - BLD 03_7117273,2,95,2.1052631578947367
420,232.0 - BLD 01_5706459,2,102,1.9607843137254901
421,233.0 - BLD 01 - Community Center_8072540,2,97,2.0618556701030926
422,233.0 - BLD 01_8072539,1,101,0.9900990099009901
423,234.0 - BLD 01_6867547,3,101,2.9702970297029703
424,234.0 - BLD 02_6822570,3,102,2.941176470588235
425,234.0 - BLD 05_6815000,5,102,4.901960784313726
426,235.0 - BLD 01_7505240,2,74,2.7027027027027026
427,236.0 - BLD 01_7719778,2,69,2.898550724637681
428,237.0 - BLD 01_7031076,3,95,3.1578947368421053
429,237.0 - BLD 02_7209822,2,99,2.0202020202020203
430,238.0 - BLD 01_7404459,1,60,1.6666666666666667
431,239.0 - BLD 01_7573694,3,101,2.9702970297029703
432,24.0 - BLD 01_7889794,3,99,3.0303030303030303
433,24.0 - BLD 02_7889789,2,100,2.0
434,24.0 - BLD 03_7889798,5,100,5.0
435,24.0 - BLD 04_7889812,3,100,3.0
436,24.0 - BLD 05_7889811,4,100,4.0
437,24.0 - BLD 06_7889786,3,100,3.0
438,24.0 - BLD 07_7889787,2,80,2.5
439,24.0 - BLD 08_7889780,3,100,3.0
440,24.0 - BLD 09_7889801,3,100,3.0
441,24.0 - BLD 10_7889785,3,100,3.0
442,24.0 - BLD 11_7889830,4,100,4.0
443,24.0 - BLD 12_7889790,3,100,3.0
444,24.0 - BLD 13_7889829,2,100,2.0
445,24.0 - BLD 14_7889832,3,100,3.0
446,24.0 - BLD 15_7889779,4,100,4.0
447,240.0 - BLD 01_7695001,1,101,0.9900990099009901
448,240.0 - BLD 02_5649563,2,101,1.9801980198019802
449,240.0 - BLD 03_7545100,2,101,1.9801980198019802
450,241.0 - BLD 01_7505088,2,98,2.0408163265306123
451,242.0 - BLD 01_6250406,4,102,3.9215686274509802
452,243.0 - BLD 01_7719116,4,101,3.9603960396039604
453,243.0 - BLD 04_7719126,3,102,2.941176470588235
454,243.0 - BLD 07_8095054,1,99,1.0101010101010102
455,243.0 - BLD 07_8095078,3,99,3.0303030303030303
456,243.0 - BLD 16 - Community Center_7719191,1,69,1.4492753623188406
457,245.0 - BLD 34_7252789,1,89,1.1235955056179776
458,245.0 - BLD 35_8350389,2,102,1.9607843137254901
459,245.0 - BLD 36_8350388,1,102,0.9803921568627451
460,247.0 - BLD 01_7424135,1,103,0.9708737864077669
461,247.0 - BLD 03_3276276,4,102,3.9215686274509802
462,247.0 - BLD 03_4047142,2,103,1.9417475728155338
463,247.0 - BLD 04 - Community Center_6540936,4,102,3.9215686274509802
464,247.0 - BLD 06 - Community Center_7424243,1,103,0.9708737864077669
465,25.0 - BLD 01_8142997,4,100,4.0
466,25.0 - BLD 02_8143007,4,99,4.040404040404041
467,25.0 - BLD 04_8143003,4,87,4.597701149425287
468,25.0 - BLD 04_8143013,2,87,2.2988505747126435
469,25.0 - BLD 05_8143000,4,100,4.0
470,25.0 - BLD 06_8143014,3,100,3.0
471,25.0 - BLD 07_8143011,2,97,2.0618556701030926
472,25.0 - BLD 08_8143010,3,100,3.0
473,25.0 - BLD 10_8143002,2,100,2.0
474,25.0 - BLD 11_8143005,3,87,3.4482758620689653
475,25.0 - BLD 13_8143009,1,100,1.0
476,252.0 - BLD 01_7972522,2,99,2.0202020202020203
477,252.0 - BLD 02_7834070,4,101,3.9603960396039604
478,252.0 - BLD 03_7692890,5,100,5.0
479,256.0 - BLD 01_8301116,2,81,2.4691358024691357
480,26.0 - BLD 01_8142853,2,76,2.631578947368421
481,26.0 - BLD 02_8142869,2,76,2.631578947368421
482,26.0 - BLD 03_8142872,2,76,2.631578947368421
483,26.0 - BLD 04_8142865,3,76,3.9473684210526314
484,26.0 - BLD 05_8142861,2,76,2.631578947368421
485,26.0 - BLD 06_8142858,1,76,1.3157894736842104
486,26.0 - BLD 07_8142894,2,76,2.631578947368421
487,26.0 - BLD 08_8142889,3,76,3.9473684210526314
488,26.0 - BLD 09_8142859,2,76,2.631578947368421
489,26.0 - BLD 10_8142857,2,76,2.631578947368421
490,26.0 - BLD 12_8142863,1,60,1.6666666666666667
491,26.0 - BLD 13_8142856,1,76,1.3157894736842104
492,26.0 - BLD 15_8142878,2,76,2.631578947368421
493,26.0 - BLD 16_8142870,1,76,1.3157894736842104
494,26.0 - BLD 17_8142866,1,76,1.3157894736842104
495,26.0 - BLD 18_8142882,1,76,1.3157894736842104
496,26.0 - BLD 19_8142881,2,76,2.631578947368421
497,26.0 - BLD 20_8142880,2,76,2.631578947368421
498,26.0 - BLD 21_8142867,2,76,2.631578947368421
499,26.0 - BLD 22_8142860,1,76,1.3157894736842104
500,26.0 - BLD 23_8142871,3,76,3.9473684210526314
501,261.0 - BLD 01_8072739,1,80,1.25
502,261.0 - BLD 02_7545070,3,100,3.0
503,261.0 - BLD 03_7754299,3,98,3.061224489795918
504,261.0 - BLD 04_7754297,3,95,3.1578947368421053
505,261.0 - BLD 05_5536038,2,99,2.0202020202020203
506,262.0 - BLD 01_7695093,1,92,1.0869565217391304
507,262.0 - BLD 02 - Community Center_7574678,3,98,3.061224489795918
508,262.0 - BLD 02_7574659,2,97,2.0618556701030926
509,263.0 - BLD 01_8300405,3,87,3.4482758620689653
510,263.0 - BLD 02_7231407,1,68,1.4705882352941175
511,263.0 - BLD 04_7260357,2,100,2.0
512,263.0 - BLD 05_7572901,2,91,2.197802197802198
513,263.0 - BLD 06_7231580,2,100,2.0
514,263.0 - BLD 07_5705021,3,90,3.3333333333333335
515,263.0 - BLD 08_5707103,3,93,3.225806451612903
516,264.0 - BLD 01_6025786,3,101,2.9702970297029703
517,265.0 - BLD 01_7031117,2,98,2.0408163265306123
518,266.0 - BLD 01_7834060,3,103,2.912621359223301
519,267.0 - BLD 01_8322189,1,103,0.9708737864077669
520,267.0 - BLD 02_7252800,3,94,3.1914893617021276
521,267.0 - BLD 03_7837188,2,100,2.0
522,267.0 - BLD 03_8661312,4,100,4.0
523,268.0 - BLD 01_6211908,6,102,5.88235294117647
524,268.0 - BLD 01_6443251,4,102,3.9215686274509802
525,27.0 - BLD 01_8362679,2,63,3.1746031746031744
526,27.0 - BLD 02_8322389,1,63,1.5873015873015872
527,27.0 - BLD 03_8322406,1,63,1.5873015873015872
528,27.0 - BLD 04_8322397,2,63,3.1746031746031744
529,27.0 - BLD 05_8322386,1,63,1.5873015873015872
530,27.0 - BLD 06_8322391,1,63,1.5873015873015872
531,27.0 - BLD 07_8322405,1,63,1.5873015873015872
532,27.0 - BLD 08_8322404,1,63,1.5873015873015872
533,27.0 - BLD 09_8322387,1,63,1.5873015873015872
534,27.0 - BLD 10_7930198,1,63,1.5873015873015872
535,27.0 - BLD 11_8322093,2,63,3.1746031746031744
536,27.0 - BLD 12_8322396,1,63,1.5873015873015872
537,271.0 - BLD 10_5536935,2,59,3.389830508474576
538,271.0 - BLD 11_8232049,6,96,6.25
539,276.0 - BLD 01_7703521,1,102,0.9803921568627451
540,276.0 - BLD 02_3197994,1,82,1.2195121951219512
541,276.0 - BLD 04_7209938,1,103,0.9708737864077669
542,278.0 - BLD 26_2180293,2,56,3.571428571428571
543,278.0 - BLD 28_6438677,2,69,2.898550724637681
544,278.0 - BLD 28_6626444,2,71,2.8169014084507045
545,278.0 - BLD 29_5772930,2,72,2.7777777777777777
546,278.0 - BLD 32_7890501,1,72,1.3888888888888888
547,279.0 - BLD 01_3703376,1,85,1.1764705882352942
548,279.0 - BLD 01_7929572,4,96,4.166666666666666
549,28.0 - BLD 01_8125780,2,83,2.4096385542168677
550,28.0 - BLD 02_7930001,1,83,1.2048192771084338
551,28.0 - BLD 03_7930003,2,83,2.4096385542168677
552,28.0 - BLD 04_8096607,1,83,1.2048192771084338
553,28.0 - BLD 05_7929977,2,82,2.4390243902439024
554,28.0 - BLD 06_8096601,1,83,1.2048192771084338
555,28.0 - BLD 07_8096605,2,83,2.4096385542168677
556,28.0 - BLD 08_8093918,1,83,1.2048192771084338
557,28.0 - BLD 09 - Community Center_8570506,2,90,2.2222222222222223
558,280.0 - BLD 01_8349972,1,103,0.9708737864077669
559,280.0 - BLD 02_8349994,3,103,2.912621359223301
560,280.0 - BLD 03_8349995,3,103,2.912621359223301
561,280.0 - BLD 04_8561805,1,99,1.0101010101010102
562,280.0 - BLD 05_8349996,4,103,3.8834951456310676
563,280.0 - BLD 06_8349997,3,103,2.912621359223301
564,280.0 - BLD 07_8350178,2,103,1.9417475728155338
565,282.0 - BLD 01_6147844,3,87,3.4482758620689653
566,285.0 - BLD 01_6251262,3,92,3.260869565217391
567,285.0 - BLD 02_6370152,2,98,2.0408163265306123
568,285.0 - BLD 03_7117249,2,96,2.083333333333333
569,285.0 - BLD 04_7441733,2,102,1.9607843137254901
570,285.0 - BLD 05_6415043,1,73,1.36986301369863
571,286.0 - BLD 03_7125119,1,100,1.0
572,286.0 - BLD 04_7835020,4,99,4.040404040404041
573,287.0 - BLD 01 - Community Center_8545700,4,100,4.0
574,29.0 - BLD 01_8232121,2,103,1.9417475728155338
575,29.0 - BLD 02_8232113,3,103,2.912621359223301
576,29.0 - BLD 03_8232100,2,103,1.9417475728155338
577,29.0 - BLD 04_8232099,2,103,1.9417475728155338
578,29.0 - BLD 06_8232109,3,103,2.912621359223301
579,29.0 - BLD 07_8232123,3,103,2.912621359223301
580,29.0 - BLD 08_8232114,1,103,0.9708737864077669
581,29.0 - BLD 09_8232101,3,103,2.912621359223301
582,29.0 - BLD 10_8232107,1,103,0.9708737864077669
583,292.0 - BLD 01_5321429,2,92,2.1739130434782608
584,292.0 - BLD 01_8633611,3,92,3.260869565217391
585,293.0 - BLD 01_5397806,3,91,3.296703296703297
586,293.0 - BLD 01_7505066,3,93,3.225806451612903
587,293.0 - BLD 03_7268715,2,88,2.272727272727273
588,293.0 - BLD 04_7268714,2,89,2.247191011235955
589,296.0 - BLD 01_7406137,3,103,2.912621359223301
590,296.0 - BLD 03_7677488,2,99,2.0202020202020203
591,297.0 - BLD 01_5933799,3,88,3.4090909090909087
592,297.0 - BLD 01_7860262,1,97,1.0309278350515463
593,3.0 - BLD 01_8095249,2,94,2.127659574468085
594,3.0 - BLD 01_8095265,5,93,5.376344086021505
595,3.0 - BLD 02_8095247,4,93,4.301075268817205
596,3.0 - BLD 02_8095261,5,94,5.319148936170213
597,3.0 - BLD 03_8095248,3,94,3.1914893617021276
598,3.0 - BLD 03_8095260,3,94,3.1914893617021276
599,3.0 - BLD 04_8095271,3,94,3.1914893617021276
600,3.0 - BLD 04_8095273,3,94,3.1914893617021276
601,3.0 - BLD 05_8095259,4,94,4.25531914893617
602,3.0 - BLD 05_8095262,3,94,3.1914893617021276
603,3.0 - BLD 06_8095266,3,94,3.1914893617021276
604,3.0 - BLD 06_8095274,2,94,2.127659574468085
605,3.0 - BLD 07_8095250,2,94,2.127659574468085
606,3.0 - BLD 07_8095264,3,94,3.1914893617021276
607,30.0 - BLD 01_8362650,1,60,1.6666666666666667
608,30.0 - BLD 02_8362653,1,60,1.6666666666666667
609,30.0 - BLD 03_8362651,1,60,1.6666666666666667
610,30.0 - BLD 04 - Community Center_6673159,3,99,3.0303030303030303
611,30.0 - BLD 07_7423781,2,60,3.3333333333333335
612,30.0 - BLD 08_8075319,1,60,1.6666666666666667
613,30.0 - BLD 09_7930182,1,59,1.694915254237288
614,30.0 - BLD 10_8075306,1,60,1.6666666666666667
615,302.0 - BLD 01_8023364,3,89,3.3707865168539324
616,302.0 - BLD 01_8088709,3,103,2.912621359223301
617,302.0 - BLD 02_7608926,1,84,1.1904761904761905
618,302.0 - BLD 03_7245207,1,67,1.4925373134328357
619,302.0 - BLD 04_8074786,2,103,1.9417475728155338
620,302.0 - BLD 05_6036863,2,100,2.0
621,302.0 - BLD 06_8160663,3,102,2.941176470588235
622,302.0 - BLD 07_6699321,2,103,1.9417475728155338
623,302.0 - BLD 08_7661864,1,103,0.9708737864077669
624,302.0 - BLD 09_5647341,2,103,1.9417475728155338
625,302.0 - BLD 11_7390166,4,102,3.9215686274509802
626,302.0 - BLD 12_7517708,2,82,2.4390243902439024
627,302.0 - BLD 13_8071773,4,100,4.0
628,302.0 - BLD 14_8881052,3,103,2.912621359223301
629,302.0 - BLD 15_4906172,1,101,0.9900990099009901
630,302.0 - BLD 16_7161135,4,100,4.0
631,302.0 - BLD 17_7356812,3,103,2.912621359223301
632,302.0 - BLD 19_5776059,2,102,1.9607843137254901
633,302.0 - BLD 20_5919677,3,103,2.912621359223301
634,302.0 - BLD 21_7564361,2,99,2.0202020202020203
635,302.0 - BLD 22_8071840,5,100,5.0
636,302.0 - BLD 23_7972648,1,101,0.9900990099009901
637,302.0 - BLD 24_7423125,2,102,1.9607843137254901
638,302.0 - BLD 25_6646996,1,103,0.9708737864077669
639,303.0 - BLD 26_7423124,1,102,0.9803921568627451
640,303.0 - BLD 27_7363429,3,103,2.912621359223301
641,303.0 - BLD 28_7442728,2,101,1.9801980198019802
642,303.0 - BLD 29_7390591,4,103,3.8834951456310676
643,303.0 - BLD 30_7423127,2,92,2.1739130434782608
644,303.0 - BLD 31_8002323,2,103,1.9417475728155338
645,303.0 - BLD 32_7210780,2,100,2.0
646,303.0 - BLD 33_7515357,2,103,1.9417475728155338
647,303.0 - BLD 34_4911399,1,90,1.1111111111111112
648,303.0 - BLD 35_7662909,2,103,1.9417475728155338
649,303.0 - BLD 36_7442599,2,102,1.9607843137254901
650,303.0 - BLD 37_8071839,1,100,1.0
651,303.0 - BLD 38_8444333,1,62,1.6129032258064515
652,303.0 - BLD 39_7972649,4,103,3.8834951456310676
653,303.0 - BLD 40_8074787,2,101,1.9801980198019802
654,303.0 - BLD 41_7661684,3,103,2.912621359223301
655,303.0 - BLD 42_7390980,4,103,3.8834951456310676
656,303.0 - BLD 44_6360233,2,103,1.9417475728155338
657,303.0 - BLD 45_7545428,1,103,0.9708737864077669
658,303.0 - BLD 46_7347348,3,103,2.912621359223301
659,303.0 - BLD 47_7564364,3,81,3.7037037037037033
660,303.0 - BLD 48_5775022,1,102,0.9803921568627451
661,303.0 - BLD 49_7390981,2,96,2.083333333333333
662,303.0 - BLD 51 - Community Center_6484303,2,93,2.1505376344086025
663,304.0 - BLD 01_7114306,2,102,1.9607843137254901
664,304.0 - BLD 02_7116709,4,98,4.081632653061225
665,304.0 - BLD 04_7382285,3,98,3.061224489795918
666,304.0 - BLD 05_6245330,2,97,2.0618556701030926
667,305.0 - BLD 01_7347051,2,95,2.1052631578947367
668,305.0 - BLD 02_5931404,3,100,3.0
669,305.0 - BLD 02_7838309,1,99,1.0101010101010102
670,305.0 - BLD 04_8089783,2,95,2.1052631578947367
671,307.0 - BLD 01_8561944,3,93,3.225806451612903
672,307.0 - BLD 02_8200763,1,81,1.2345679012345678
673,307.0 - BLD 03_6243553,3,91,3.296703296703297
674,307.0 - BLD 05_4012466,3,93,3.225806451612903
675,307.0 - BLD 06_8741239,5,100,5.0
676,308.0 - BLD 01_5017672,3,90,3.3333333333333335
677,308.0 - BLD 01_5017684,2,90,2.2222222222222223
678,308.0 - BLD 01_7405988,3,66,4.545454545454546
679,308.0 - BLD 02_8445002,1,102,0.9803921568627451
680,308.0 - BLD 03_7930369,1,68,1.4705882352941175
681,308.0 - BLD 04_7835151,2,90,2.2222222222222223
682,308.0 - BLD 05_6621147,2,81,2.4691358024691357
683,309.0 - BLD 01_5159431,1,103,0.9708737864077669
684,309.0 - BLD 01_6383071,4,101,3.9603960396039604
685,31.0 - ALBANY BLD 03_5081734,1,53,1.8867924528301887
686,31.0 - ALBANY BLD 04_7662330,1,54,1.8518518518518516
687,311.0 - BLD 01_4950319,1,101,0.9900990099009901
688,311.0 - BLD 01_7250278,1,100,1.0
689,311.0 - BLD 03_5704985,4,102,3.9215686274509802
690,312.0 - BLD 01_8072876,2,102,1.9607843137254901
691,312.0 - BLD 07_7908830,4,103,3.8834951456310676
692,312.0 - BLD 1_7272594,2,100,2.0
693,313.0 - BLD 01_7891031,2,93,2.1505376344086025
694,313.0 - BLD 02_7891032,5,102,4.901960784313726
695,313.0 - BLD 03_7891030,2,95,2.1052631578947367
696,313.0 - BLD 04_7891029,6,102,5.88235294117647
697,313.0 - BLD 05_7908612,4,103,3.8834951456310676
698,314.0 - BLD 01_5032388,4,88,4.545454545454546
699,314.0 - BLD 01_7404348,4,99,4.040404040404041
700,315.0 - BLD 01_4948246,2,101,1.9801980198019802
701,315.0 - BLD 01_6625874,2,102,1.9607843137254901
702,315.0 - BLD 02_4965362,2,101,1.9801980198019802
703,315.0 - BLD 02_4965627,2,100,2.0
704,315.0 - BLD 02_7692834,1,102,0.9803921568627451
705,315.0 - BLD 03 - Community Center_7703609,2,102,1.9607843137254901
706,316.0 - BLD 01_4684400,3,100,3.0
707,316.0 - BLD 01_4684432,4,100,4.0
708,316.0 - BLD 01_4684454,4,100,4.0
709,316.0 - BLD 01_4946700,2,98,2.0408163265306123
710,316.0 - BLD 01_4952060,2,100,2.0
711,316.0 - BLD 01_4952091,2,100,2.0
712,316.0 - BLD 01_4952101,3,100,3.0
713,316.0 - BLD 01_4952111,1,99,1.0101010101010102
714,316.0 - BLD 01_4952115,3,100,3.0
715,316.0 - BLD 01_4952116,2,100,2.0
716,316.0 - BLD 01_5003866,2,99,2.0202020202020203
717,316.0 - BLD 01_5367449,2,100,2.0
718,316.0 - BLD 01_6938558,3,100,3.0
719,316.0 - BLD 01_7406023,2,101,1.9801980198019802
720,32.0 - BLD 01_8322128,2,91,2.197802197802198
721,32.0 - BLD 02_8125316,3,91,3.296703296703297
722,32.0 - BLD 03_8093923,4,103,3.8834951456310676
723,32.0 - BLD 04_8096650,2,103,1.9417475728155338
724,32.0 - BLD 05_8096632,4,103,3.8834951456310676
725,32.0 - BLD 06_8096633,3,103,2.912621359223301
726,32.0 - BLD 07_8096631,3,91,3.296703296703297
727,32.0 - BLD 07_8096637,4,92,4.3478260869565215
728,32.0 - BLD 09_8096647,2,103,1.9417475728155338
729,32.0 - BLD 10 - Community Center_7836344,2,101,1.9801980198019802
730,324.0 - BLD 02_7390712,3,93,3.225806451612903
731,324.0 - BLD 03_7891053,1,101,0.9900990099009901
732,324.0 - BLD 03_8466252,4,103,3.8834951456310676
733,324.0 - BLD 04_7442721,2,94,2.127659574468085
734,324.0 - BLD 05_8881064,2,101,1.9801980198019802
735,325.0 - BLD 01_7273048,2,100,2.0
736,325.0 - BLD 01_7382498,2,94,2.127659574468085
737,325.0 - BLD 02 - Community Center_8888116,3,98,3.061224489795918
738,326.0 - BLD 01_6790321,2,103,1.9417475728155338
739,326.0 - BLD 02_5647227,1,102,0.9803921568627451
740,326.0 - BLD 03_7115356,4,97,4.123711340206185
741,326.0 - BLD 04_7268751,1,103,0.9708737864077669
742,326.0 - BLD 05_7268750,2,103,1.9417475728155338
743,329.0 - BLD 01_6246111,2,90,2.2222222222222223
744,33.0 - BLD 01_8125819,1,80,1.25
745,33.0 - BLD 02_8125824,3,80,3.75
746,33.0 - BLD 03_8125827,3,80,3.75
747,33.0 - BLD 04_8125825,3,80,3.75
748,33.0 - BLD 05_8125823,1,80,1.25
749,33.0 - BLD 06_8125830,4,80,5.0
750,33.0 - BLD 07_8125834,1,80,1.25
751,33.0 - BLD 09_8125822,2,80,2.5
752,33.0 - BLD 10_8125818,3,80,3.75
753,33.0 - BLD 11_8125828,2,80,2.5
754,33.0 - BLD 13_8125820,3,80,3.75
755,33.0 - BLD 14_8125829,2,80,2.5
756,33.0 - BLD 15_8125833,2,80,2.5
757,33.0 - BLD 16_8125813,3,80,3.75
758,33.0 - BLD 17_8321870,1,80,1.25
759,33.0 - BLD 18_8125808,3,80,3.75
760,33.0 - BLD 19_8096392,2,80,2.5
761,33.0 - BLD 20_8125814,3,80,3.75
762,330.0 - BLD 01_7913169,4,88,4.545454545454546
763,330.0 - BLD 02_6548490,1,72,1.3888888888888888
764,331.0 - BLD 03_7268716,6,100,6.0
765,331.0 - BLD 04_6679825,5,101,4.9504950495049505
766,334.0 - BLD 01_8002479,2,103,1.9417475728155338
767,334.0 - BLD 03_7836967,1,90,1.1111111111111112
768,334.0 - BLD 03_8084241,3,101,2.9702970297029703
769,335.0 - BLD 01_6245931,2,91,2.197802197802198
770,335.0 - BLD 02_6242998,2,88,2.272727272727273
771,335.0 - BLD 03_8443906,2,62,3.225806451612903
772,335.0 - BLD 06_6540508,1,87,1.1494252873563218
773,335.0 - BLD 07_7295341,2,69,2.898550724637681
774,335.0 - BLD 08_7518002,2,94,2.127659574468085
775,335.0 - BLD 09_6671626,1,95,1.0526315789473684
776,336.0 - BLD 02_7834992,3,96,3.125
777,336.0 - BLD 03_7719769,2,93,2.1505376344086025
778,337.0 - BLD 02_8076862,4,102,3.9215686274509802
779,337.0 - BLD 03_5503301,1,98,1.0204081632653061
780,337.0 - BLD 03_5503302,3,103,2.912621359223301
781,337.0 - BLD 03_5651747,3,96,3.125
782,337.0 - BLD 04_5427055,3,97,3.0927835051546393
783,337.0 - BLD 04_7346971,1,100,1.0
784,337.0 - BLD 05_7295772,3,101,2.9702970297029703
785,338.0 - BLD 01_6246539,2,100,2.0
786,338.0 - BLD 02_5329661,4,102,3.9215686274509802
787,338.0 - BLD 03_7690748,5,96,5.208333333333334
788,338.0 - BLD 04_7505176,2,97,2.0618556701030926
789,338.0 - BLD 05_6651022,3,97,3.0927835051546393
790,338.0 - BLD 06_7663421,2,96,2.083333333333333
791,338.0 - BLD 07_7264499,1,89,1.1235955056179776
792,339.0 - BLD 01_8072899,2,101,1.9801980198019802
793,339.0 - BLD 02_7951784,1,103,0.9708737864077669
794,339.0 - BLD 02_7951785,4,103,3.8834951456310676
795,339.0 - BLD 02_7972625,3,99,3.0303030303030303
796,339.0 - BLD 03_8072894,1,85,1.1764705882352942
797,339.0 - BLD 04_7660317,1,74,1.3513513513513513
798,339.0 - BLD 05_5429735,2,87,2.2988505747126435
799,34.0 - BLD 01_7929840,3,100,3.0
800,34.0 - BLD 02_7929846,3,100,3.0
801,34.0 - BLD 03_7860095,2,100,2.0
802,34.0 - BLD 04_7929825,5,99,5.05050505050505
803,34.0 - BLD 05_7860107,2,101,1.9801980198019802
804,34.0 - BLD 06_7929830,3,101,2.9702970297029703
805,34.0 - BLD 07_8008347,3,101,2.9702970297029703
806,34.0 - BLD 08_8096728,5,101,4.9504950495049505
807,34.0 - BLD 09_7929928,3,101,2.9702970297029703
808,34.0 - BLD 10_7929845,3,100,3.0
809,340.0 - BLD 01_7334265,4,80,5.0
810,341.0 - BLD 01_7706532,3,103,2.912621359223301
811,341.0 - BLD 02_6311007,1,103,0.9708737864077669
812,341.0 - BLD 03_7505179,2,102,1.9607843137254901
813,341.0 - BLD 04_7835072,3,102,2.941176470588235
814,342.0 - BLD 01_6382700,2,100,2.0
815,342.0 - BLD 01_8089804,4,101,3.9603960396039604
816,343.0 - BLD 01_4585919,1,103,0.9708737864077669
817,343.0 - BLD 01_4587383,2,88,2.272727272727273
818,343.0 - BLD 01_4588085,2,102,1.9607843137254901
819,343.0 - BLD 01_4589156,3,103,2.912621359223301
820,343.0 - BLD 01_4609856,1,103,0.9708737864077669
821,343.0 - BLD 01_4613122,3,91,3.296703296703297
822,343.0 - BLD 01_4651458,2,103,1.9417475728155338
823,343.0 - BLD 01_4817430,3,103,2.912621359223301
824,343.0 - BLD 01_5096104,2,103,1.9417475728155338
825,343.0 - BLD 01_5096992,5,103,4.854368932038835
826,343.0 - BLD 01_5106231,5,103,4.854368932038835
827,343.0 - BLD 01_5116615,3,103,2.912621359223301
828,343.0 - BLD 01_5135198,2,103,1.9417475728155338
829,343.0 - BLD 01_5165466,5,103,4.854368932038835
830,343.0 - BLD 01_5308256,1,91,1.098901098901099
831,343.0 - BLD 01_5470999,4,103,3.8834951456310676
832,343.0 - BLD 01_6911424,1,103,0.9708737864077669
833,343.0 - BLD 01_7613341,3,103,2.912621359223301
834,344.0 - BLD 01_8200623,3,99,3.0303030303030303
835,345.0 - BLD 01_8074665,1,102,0.9803921568627451
836,345.0 - BLD 02_8074670,1,103,0.9708737864077669
837,345.0 - BLD 03_7564319,1,101,0.9900990099009901
838,346.0 - BLD 01_8443716,2,99,2.0202020202020203
839,346.0 - BLD 02_8506872,1,61,1.639344262295082
840,346.0 - BLD 03_8298891,1,97,1.0309278350515463
841,347.0 - BLD 01_7821818,1,102,0.9803921568627451
842,348.0 - BLD 01_8559220,3,103,2.912621359223301
843,348.0 - BLD 03_8072875,3,103,2.912621359223301
844,35.0 - BLD 05_8008857,2,103,1.9417475728155338
845,351.0 - BLD 01_8558900,2,95,2.1052631578947367
846,351.0 - BLD 02_8002300,1,102,0.9803921568627451
847,351.0 - BLD 03_8558927,4,96,4.166666666666666
848,351.0 - BLD 04_7371966,3,99,3.0303030303030303
849,351.0 - BLD 06_8074788,3,99,3.0303030303030303
850,351.0 - BLD 07_8002301,4,90,4.444444444444445
851,352.0 - BLD 01_7707533,3,99,3.0303030303030303
852,352.0 - BLD 03_6414930,3,103,2.912621359223301
853,352.0 - BLD 03_7855286,2,103,1.9417475728155338
854,352.0 - BLD 04_7390699,3,101,2.9702970297029703
855,352.0 - BLD 05_6789690,2,101,1.9801980198019802
856,353.0 - BLD 01_5378902,1,94,1.0638297872340425
857,353.0 - BLD 01_6566083,3,98,3.061224489795918
858,353.0 - BLD 01_7382395,1,99,1.0101010101010102
859,353.0 - BLD 02_7838211,1,98,1.0204081632653061
860,354.0 - BLD 01_7707460,5,83,6.024096385542169
861,354.0 - BLD 02_7248220,2,75,2.666666666666667
862,354.0 - BLD 02_7754374,1,59,1.694915254237288
863,354.0 - BLD 02_7754375,3,103,2.912621359223301
864,354.0 - BLD 03_7864437,5,103,4.854368932038835
865,354.0 - BLD 05_7864435,1,102,0.9803921568627451
866,354.0 - BLD 06_7689728,2,94,2.127659574468085
867,354.0 - BLD 07_7864482,3,103,2.912621359223301
868,354.0 - BLD 08_7661513,1,93,1.0752688172043012
869,355.0 - BLD 01_7406192,1,100,1.0
870,355.0 - BLD 01_7906666,2,100,2.0
871,356.0 - BLD 01_6844157,4,95,4.2105263157894735
872,356.0 - BLD 02_7382284,4,98,4.081632653061225
873,356.0 - BLD 04_6766530,4,97,4.123711340206185
874,356.0 - BLD 05_7382287,1,100,1.0
875,357.0 - BLD 01_7821110,4,103,3.8834951456310676
876,357.0 - BLD 03_7864272,1,101,0.9900990099009901
877,357.0 - BLD 04_7449953,3,90,3.3333333333333335
878,358.0 - BLD 02_7972624,1,103,0.9708737864077669
879,359.0 - BLD 01_6498473,2,103,1.9417475728155338
880,360.0 - BLD 03_6626072,2,102,1.9607843137254901
881,360.0 - BLD 04_7821275,3,101,2.9702970297029703
882,362.0 - BLD 01_5651104,2,100,2.0
883,362.0 - BLD 02_5705166,3,95,3.1578947368421053
884,363.0 - BLD 01_7247458,1,101,0.9900990099009901
885,364.0 - BLD 01_6315677,1,103,0.9708737864077669
886,364.0 - BLD 02_8562414,1,56,1.7857142857142856
887,365.0 - BLD 03_8444065,3,102,2.941176470588235
888,365.0 - BLD 06_7907868,1,101,0.9900990099009901
889,365.0 - BLD 07_8002302,2,101,1.9801980198019802
890,366.0 - BLD 02_8444086,1,103,0.9708737864077669
891,366.0 - BLD 03_8558926,4,103,3.8834951456310676
892,366.0 - BLD 04_8074789,2,102,1.9607843137254901
893,366.0 - BLD 05_8072898,3,101,2.9702970297029703
894,367.0 - BLD 05_7245306,1,101,0.9900990099009901
895,367.0 - BLD 07_6540562,2,101,1.9801980198019802
896,367.0 - BLD 10_6565900,3,101,2.9702970297029703
897,367.0 - BLD 13_5706393,2,103,1.9417475728155338
898,368.0 - BLD 01_8444074,4,103,3.8834951456310676
899,368.0 - BLD 03_8712542,2,99,2.0202020202020203
900,368.0 - BLD 04_6621062,3,101,2.9702970297029703
901,368.0 - BLD 05_7663190,3,102,2.941176470588235
902,368.0 - BLD 06_5777987,2,100,2.0
903,368.0 - BLD 07_8072900,2,103,1.9417475728155338
904,369.0 - BLD 01_6249766,2,97,2.0618556701030926
905,369.0 - BLD 02_6249758,2,91,2.197802197802198
906,369.0 - BLD 03_8072571,2,103,1.9417475728155338
907,37.0 - BLD 02_8266790,2,69,2.898550724637681
908,37.0 - BLD 03_8266792,2,88,2.272727272727273
909,37.0 - BLD 04_8266797,3,69,4.3478260869565215
910,37.0 - BLD 05_8266791,2,89,2.247191011235955
911,37.0 - BLD 06_8266788,4,91,4.395604395604396
912,37.0 - BLD 07_8266785,2,69,2.898550724637681
913,37.0 - BLD 08_8266789,2,69,2.898550724637681
914,370.0 - BLD 02_7297380,4,98,4.081632653061225
915,370.0 - BLD 02_8382880,4,99,4.040404040404041
916,370.0 - BLD 03_6244352,3,96,3.125
917,370.0 - BLD 04_6244328,2,99,2.0202020202020203
918,371.0 - BLD 01_8544035,3,99,3.0303030303030303
919,371.0 - BLD 02_6319404,2,101,1.9801980198019802
920,371.0 - BLD 02_7161124,1,101,0.9900990099009901
921,371.0 - BLD 03_6504691,2,99,2.0202020202020203
922,377.0 - BLD 01_8924393,4,102,3.9215686274509802
923,377.0 - BLD 02_6036169,1,103,0.9708737864077669
924,377.0 - BLD 03_8769564,2,103,1.9417475728155338
925,377.0 - BLD 04_6528917,2,103,1.9417475728155338
926,377.0 - BLD 05_6707470,2,103,1.9417475728155338
927,377.0 - BLD 06_7890555,1,103,0.9708737864077669
928,377.0 - BLD 07_7356333,3,103,2.912621359223301
929,377.0 - BLD 09_7406139,1,102,0.9803921568627451
930,377.0 - BLD 10_8023048,2,103,1.9417475728155338
931,377.0 - BLD 11_5777838,2,103,1.9417475728155338
932,377.0 - BLD 12_7165648,3,102,2.941176470588235
933,377.0 - BLD 13_6034136,1,103,0.9708737864077669
934,377.0 - BLD 14_7356150,1,103,0.9708737864077669
935,377.0 - BLD 15_6728853,2,103,1.9417475728155338
936,377.0 - BLD 16_5646184,1,102,0.9803921568627451
937,377.0 - BLD 17_7372018,2,103,1.9417475728155338
938,377.0 - BLD 18_8096131,1,101,0.9900990099009901
939,377.0 - BLD 19_6882299,2,99,2.0202020202020203
940,377.0 - BLD 20_8404464,1,60,1.6666666666666667
941,377.0 - BLD 21_5932559,3,103,2.912621359223301
942,377.0 - BLD 22_7890509,2,103,1.9417475728155338
943,377.0 - BLD 23_6034130,2,102,1.9607843137254901
944,377.0 - BLD 24_7423404,2,103,1.9417475728155338
945,377.0 - BLD 25_7405987,2,103,1.9417475728155338
946,377.0 - BLD 26_7207900,2,95,2.1052631578947367
947,377.0 - BLD 27_7821988,2,93,2.1505376344086025
948,377.0 - BLD 28_7356331,3,102,2.941176470588235
949,377.0 - BLD 29_6539605,3,103,2.912621359223301
950,377.0 - BLD 30_5931752,3,102,2.941176470588235
951,377.0 - BLD 31_7356315,4,103,3.8834951456310676
952,377.0 - BLD 32_7707116,4,103,3.8834951456310676
953,377.0 - BLD 33_7837960,2,95,2.1052631578947367
954,377.0 - BLD 34_6029018,3,103,2.912621359223301
955,377.0 - BLD 37_7406138,4,103,3.8834951456310676
956,377.0 - BLD 44_6852237,4,103,3.8834951456310676
957,377.0 - BLD 45_7564288,5,103,4.854368932038835
958,377.0 - BLD 48 - Community Center_5705928,2,101,1.9801980198019802
959,377.0 - BLD 48 - Community Center_7706326,1,102,0.9803921568627451
960,38.0 - BLD 01_8266800,1,73,1.36986301369863
961,38.0 - BLD 02_8266813,2,73,2.73972602739726
962,38.0 - BLD 03_8266814,1,73,1.36986301369863
963,38.0 - BLD 05_8266806,1,73,1.36986301369863
964,38.0 - BLD 06_8266805,1,73,1.36986301369863
965,38.0 - BLD 07_8322045,1,73,1.36986301369863
966,38.0 - BLD 08_8661635,2,73,2.73972602739726
967,38.0 - BLD 09_8478444,1,73,1.36986301369863
968,38.0 - BLD 10_8266809,2,73,2.73972602739726
969,38.0 - BLD 11_8266808,1,73,1.36986301369863
970,38.0 - BLD 13_8266811,1,73,1.36986301369863
971,389.0 - BLD 40_7406150,2,103,1.9417475728155338
972,389.0 - BLD 41_5912442,2,102,1.9607843137254901
973,389.0 - BLD 42_5932522,1,103,0.9708737864077669
974,389.0 - BLD 43_7025285,5,103,4.854368932038835
975,39.0 - BLD 01_7929837,3,100,3.0
976,39.0 - BLD 02_7929786,2,99,2.0202020202020203
977,39.0 - BLD 03_7890053,2,100,2.0
978,39.0 - BLD 04_8094064,2,100,2.0
979,39.0 - BLD 04_8095282,1,98,1.0204081632653061
980,39.0 - BLD 05_8008964,3,99,3.0303030303030303
981,39.0 - BLD 06_7929839,1,98,1.0204081632653061
982,39.0 - BLD 07_7700760,3,100,3.0
983,39.0 - BLD 07_8008955,3,99,3.0303030303030303
984,39.0 - BLD 09_7890025,3,99,3.0303030303030303
985,39.0 - BLD 10_7890032,3,99,3.0303030303030303
986,39.0 - BLD 11_7860121,2,100,2.0
987,39.0 - BLD 12_7860131,2,101,1.9801980198019802
988,39.0 - BLD 14_7929835,4,99,4.040404040404041
989,39.0 - BLD 15_7860139,2,100,2.0
990,39.0 - BLD 15_7929828,2,98,2.0408163265306123
991,39.0 - BLD 16_7889937,4,103,3.8834951456310676
992,39.0 - BLD 17_7889893,2,102,1.9607843137254901
993,39.0 - BLD 18_8095572,4,102,3.9215686274509802
994,39.0 - BLD 19_8125345,2,103,1.9417475728155338
995,39.0 - BLD 20_8095571,4,103,3.8834951456310676
996,39.0 - BLD 21_8125346,3,102,2.941176470588235
997,39.0 - BLD 22_8095568,4,103,3.8834951456310676
998,39.0 - BLD 23_8095570,4,102,3.9215686274509802
999,398.0 - BLD 46_7390756,2,103,1.9417475728155338
1000,399.0 - BLD 47_6145129,2,103,1.9417475728155338
1001,4.0 - RED HOOK EAST BLD 14_6541124,2,53,3.7735849056603774
1002,40.0 - BLD 01_7889978,4,102,3.9215686274509802
1003,40.0 - BLD 02_8095576,1,102,0.9803921568627451
1004,40.0 - BLD 03_8095573,3,102,2.941176470588235
1005,40.0 - BLD 04_8095235,2,102,1.9607843137254901
1006,40.0 - BLD 05_8093972,2,102,1.9607843137254901
1007,40.0 - BLD 06_8093936,1,102,0.9803921568627451
1008,41.0 - BLD 01_8142948,3,64,4.6875
1009,41.0 - BLD 02_8142950,1,64,1.5625
1010,41.0 - BLD 03_8142947,1,64,1.5625
1011,41.0 - BLD 04_8142957,1,64,1.5625
1012,41.0 - BLD 05_8142949,2,64,3.125
1013,41.0 - BLD 06_8142951,1,64,1.5625
1014,41.0 - BLD 07_8142976,1,64,1.5625
1015,41.0 - BLD 08_8142941,1,64,1.5625
1016,42.0 - BLD 07_8008856,1,102,0.9803921568627451
1017,44.0 - BLD 15 - Community Center_8078327,2,99,2.0202020202020203
1018,45.0 - BLD 01_7859814,4,103,3.8834951456310676
1019,45.0 - BLD 02_7929773,3,103,2.912621359223301
1020,45.0 - BLD 03_7860101,2,103,1.9417475728155338
1021,45.0 - BLD 04_7890058,4,103,3.8834951456310676
1022,45.0 - BLD 06_7859944,3,103,2.912621359223301
1023,45.0 - BLD 06_7929778,3,103,2.912621359223301
1024,45.0 - BLD 07_7859876,2,103,1.9417475728155338
1025,47.0 - BLD 01_7860124,2,100,2.0
1026,47.0 - BLD 02_7929779,1,101,0.9900990099009901
1027,47.0 - BLD 03_7929577,3,101,2.9702970297029703
1028,47.0 - BLD 04_7890045,2,101,1.9801980198019802
1029,47.0 - BLD 05_7929706,2,101,1.9801980198019802
1030,47.0 - BLD 06_7930082,1,101,0.9900990099009901
1031,47.0 - BLD 07_7929578,2,101,1.9801980198019802
1032,47.0 - BLD 08_7890060,2,101,1.9801980198019802
1033,47.0 - BLD 09_7930083,2,101,1.9801980198019802
1034,47.0 - BLD 10_7929709,4,101,3.9603960396039604
1035,47.0 - BLD 11_7929788,3,101,2.9702970297029703
1036,47.0 - BLD 14_7929701,2,101,1.9801980198019802
1037,48.0 - BLD 01_8096926,2,78,2.564102564102564
1038,48.0 - BLD 01_8125734,2,78,2.564102564102564
1039,48.0 - BLD 02_8125735,2,78,2.564102564102564
1040,48.0 - BLD 03_8125718,2,78,2.564102564102564
1041,48.0 - BLD 04_8125744,1,78,1.282051282051282
1042,48.0 - BLD 06_8125736,2,78,2.564102564102564
1043,48.0 - BLD 07_8125715,4,78,5.128205128205128
1044,48.0 - BLD 10_8125739,1,78,1.282051282051282
1045,48.0 - BLD 11_8125728,1,78,1.282051282051282
1046,48.0 - BLD 12_8125743,4,78,5.128205128205128
1047,48.0 - BLD 13_8125722,2,79,2.5316455696202533
1048,48.0 - BLD 14_8125714,1,78,1.282051282051282
1049,48.0 - BLD 14_8125724,3,78,3.8461538461538463
1050,48.0 - BLD 15_8125742,1,78,1.282051282051282
1051,48.0 - BLD 16_8125729,3,78,3.8461538461538463
1052,48.0 - BLD 17_7834071,2,78,2.564102564102564
1053,48.0 - BLD 18_8125719,2,78,2.564102564102564
1054,48.0 - BLD 19_8125738,2,78,2.564102564102564
1055,48.0 - BLD 20_8096925,2,78,2.564102564102564
1056,48.0 - BLD 21_8125732,4,78,5.128205128205128
1057,48.0 - BLD 21_8125737,1,78,1.282051282051282
1058,48.0 - BLD 22_8125727,1,78,1.282051282051282
1059,48.0 - BLD 23_8125726,2,78,2.564102564102564
1060,48.0 - BLD 24_8125709,4,78,5.128205128205128
1061,48.0 - BLD 25_8125731,2,78,2.564102564102564
1062,48.0 - BLD 26_8125720,2,78,2.564102564102564
1063,48.0 - BLD 27_8125721,2,78,2.564102564102564
1064,48.0 - BLD 27_8125725,2,78,2.564102564102564
1065,48.0 - BLD 30_8125733,2,78,2.564102564102564
1066,48.0 - BLD 31_8125730,2,78,2.564102564102564
1067,49.0 - BLD 01_8095303,2,97,2.0618556701030926
1068,49.0 - BLD 02_8095304,2,97,2.0618556701030926
1069,49.0 - BLD 03_8095318,1,97,1.0309278350515463
1070,49.0 - BLD 04_8096592,2,83,2.4096385542168677
1071,49.0 - BLD 05_8093909,2,83,2.4096385542168677
1072,49.0 - BLD 06_8093910,3,97,3.0927835051546393
1073,49.0 - BLD 07_8093912,2,84,2.380952380952381
1074,49.0 - BLD 07_8093922,1,84,1.1904761904761905
1075,49.0 - BLD 08_8096395,5,97,5.154639175257731
1076,49.0 - BLD 09_8093911,2,96,2.083333333333333
1077,49.0 - BLD 10_8362683,1,63,1.5873015873015872
1078,5.0 - NA_7526742,1,56,1.7857142857142856
1079,5.0 - QUEENSBRIDGE SOUTH BLD 05_8093806,1,61,1.639344262295082
1080,5.0 - QUEENSBRIDGE SOUTH BLD 05_8093824,1,61,1.639344262295082
1081,5.0 - QUEENSBRIDGE SOUTH BLD 05_8125693,1,61,1.639344262295082
1082,5.0 - QUEENSBRIDGE SOUTH BLD 06_8093817,1,61,1.639344262295082
1083,5.0 - QUEENSBRIDGE SOUTH BLD 06_8093826,2,61,3.278688524590164
1084,5.0 - QUEENSBRIDGE SOUTH BLD 06_8093827,2,61,3.278688524590164
1085,5.0 - QUEENSBRIDGE SOUTH BLD 07_8093809,1,59,1.694915254237288
1086,5.0 - QUEENSBRIDGE SOUTH BLD 15_8093812,2,61,3.278688524590164
1087,5.0 - QUEENSBRIDGE SOUTH BLD 16_8093813,1,61,1.639344262295082
1088,5.0 - QUEENSBRIDGE SOUTH BLD 17_8125706,2,61,3.278688524590164
1089,5.0 - QUEENSBRIDGE SOUTH BLD 26_8093821,2,61,3.278688524590164
1090,50.0 - LEXINGTON BLD 01_8266716,2,54,3.7037037037037033
1091,50.0 - LEXINGTON BLD 02_8094991,2,51,3.9215686274509802
1092,50.0 - LEXINGTON BLD 03_8094988,2,51,3.9215686274509802
1093,502.0 - BLD 13_7837118,2,73,2.73972602739726
1094,502.0 - BLD 14_7821335,2,73,2.73972602739726
1095,502.0 - BLD 17_6370135,2,71,2.8169014084507045
1096,505.0 - QUEENSBRIDGE NORTH BLD 01_8093823,1,61,1.639344262295082
1097,505.0 - QUEENSBRIDGE NORTH BLD 01_8125698,1,61,1.639344262295082
1098,505.0 - QUEENSBRIDGE NORTH BLD 02_8125696,2,61,3.278688524590164
1099,505.0 - QUEENSBRIDGE NORTH BLD 03_8125694,2,61,3.278688524590164
1100,505.0 - QUEENSBRIDGE NORTH BLD 04_8093819,1,61,1.639344262295082
1101,505.0 - QUEENSBRIDGE NORTH BLD 09_8125705,1,61,1.639344262295082
1102,505.0 - QUEENSBRIDGE NORTH BLD 10_8125699,1,61,1.639344262295082
1103,505.0 - QUEENSBRIDGE NORTH BLD 11_8093816,1,61,1.639344262295082
1104,505.0 - QUEENSBRIDGE NORTH BLD 13_8093802,1,61,1.639344262295082
1105,505.0 - QUEENSBRIDGE NORTH BLD 19_8093803,2,61,3.278688524590164
1106,505.0 - QUEENSBRIDGE NORTH BLD 19_8093804,1,61,1.639344262295082
1107,505.0 - QUEENSBRIDGE NORTH BLD 19_8093814,1,61,1.639344262295082
1108,505.0 - QUEENSBRIDGE NORTH BLD 20_8125692,1,61,1.639344262295082
1109,505.0 - QUEENSBRIDGE NORTH BLD 21_8093820,2,63,3.1746031746031744
1110,505.0 - QUEENSBRIDGE NORTH BLD 21_8125691,1,61,1.639344262295082
1111,505.0 - QUEENSBRIDGE NORTH BLD 22_8125695,2,61,3.278688524590164
1112,505.0 - QUEENSBRIDGE NORTH BLD 27_8096414,3,61,4.918032786885246
1113,51.0 - BLD 01_99267717,2,101,1.9801980198019802
1114,51.0 - BLD 02 - Community Center_99822181,2,94,2.127659574468085
1115,51.0 - BLD 02_96737637,3,95,3.1578947368421053
1116,51.0 - BLD 03_99267716,2,98,2.0408163265306123
1117,51.0 - BLD 04_99267714,2,94,2.127659574468085
1118,51.0 - BLD 05_96747235,3,96,3.125
1119,51.0 - BLD 06_96747190,2,95,2.1052631578947367
1120,51.0 - BLD 07_96747169,1,95,1.0526315789473684
1121,514.0 - BLD 03_7545228,2,96,2.083333333333333
1122,514.0 - BLD 39 - Community Center_7210050,1,65,1.5384615384615385
1123,514.0 - WHITMAN BLD 01_8478528,3,89,3.3707865168539324
1124,514.0 - WHITMAN BLD 02_8661655,3,92,3.260869565217391
1125,514.0 - WHITMAN BLD 03_8478530,2,90,2.2222222222222223
1126,514.0 - WHITMAN BLD 04_8478499,2,90,2.2222222222222223
1127,514.0 - WHITMAN BLD 05_8478529,3,89,3.3707865168539324
1128,514.0 - WHITMAN BLD 06_8478527,2,90,2.2222222222222223
1129,514.0 - WHITMAN BLD 07_8478500,3,90,3.3333333333333335
1130,514.0 - WHITMAN BLD 08_8478525,2,90,2.2222222222222223
1131,514.0 - WHITMAN BLD 09_8478532,2,90,2.2222222222222223
1132,514.0 - WHITMAN BLD 10_8572283,3,88,3.4090909090909087
1133,514.0 - WHITMAN BLD 11_8478531,2,89,2.247191011235955
1134,514.0 - WHITMAN BLD 12_8572286,2,90,2.2222222222222223
1135,514.0 - WHITMAN BLD 13_8478504,2,91,2.197802197802198
1136,514.0 - WHITMAN BLD 14_8478498,3,90,3.3333333333333335
1137,514.0 - WHITMAN BLD 15_8478526,2,86,2.3255813953488373
1138,514.0 - WHITMAN BLD 37_7144190,3,64,4.6875
1139,514.0 - WHITMAN BLD 38_7930310,3,90,3.3333333333333335
1140,515.0 - BLD 04_6249681,3,102,2.941176470588235
1141,515.0 - BLD 04_6458091,3,103,2.912621359223301
1142,516.0 - BLD 01_6249905,2,101,1.9801980198019802
1143,516.0 - NA_6505090,1,102,0.9803921568627451
1144,516.0 - NA_6940027,3,101,2.9702970297029703
1145,517.0 - BLD 01_5649351,2,89,2.247191011235955
1146,518.0 - BLD 03_7391545,3,85,3.5294117647058822
1147,519.0 - BLD 01_6498538,3,89,3.3707865168539324
1148,519.0 - BLD 02_7821074,1,98,1.0204081632653061
1149,52.0 - BLD 01_8008858,1,103,0.9708737864077669
1150,520.0 - BLD 04_6370204,2,85,2.3529411764705883
1151,521.0 - BLD 06_7176981,2,96,2.083333333333333
1152,523.0 - BLD 02_6247827,3,103,2.912621359223301
1153,523.0 - BLD 03_7265340,5,100,5.0
1154,523.0 - BLD 04_8745700,1,103,0.9708737864077669
1155,523.0 - BLD 05_5786116,3,103,2.912621359223301
1156,523.0 - BLD 06_6145323,6,102,5.88235294117647
1157,523.0 - BLD 07_6314557,3,99,3.0303030303030303
1158,523.0 - BLD 08_6990892,3,99,3.0303030303030303
1159,524.0 - BLD 07_6763674,4,103,3.8834951456310676
1160,525.0 - BLD 08_6095763,3,102,2.941176470588235
1161,525.0 - BLD 08_7209364,3,103,2.912621359223301
1162,525.0 - BLD 09_6990373,3,103,2.912621359223301
1163,525.0 - BLD 10_7209362,2,103,1.9417475728155338
1164,526.0 - BLD 02_7275150,4,99,4.040404040404041
1165,53.0 - BLD 01_7929814,3,97,3.0927835051546393
1166,53.0 - BLD 02_7929791,3,97,3.0927835051546393
1167,53.0 - BLD 03_8478490,1,97,1.0309278350515463
1168,53.0 - BLD 04_7929985,2,96,2.083333333333333
1169,53.0 - BLD 07_7929982,4,97,4.123711340206185
1170,53.0 - BLD 09_7929987,1,97,1.0309278350515463
1171,53.0 - BLD 10_7929800,3,97,3.0927835051546393
1172,53.0 - BLD 11_7929888,2,97,2.0618556701030926
1173,53.0 - BLD 16_7929823,3,97,3.0927835051546393
1174,53.0 - BLD 17_7929892,3,97,3.0927835051546393
1175,53.0 - BLD 18_7929889,4,97,4.123711340206185
1176,53.0 - BLD 20_7929976,1,97,1.0309278350515463
1177,53.0 - BLD 22_8322223,1,97,1.0309278350515463
1178,53.0 - BLD 23_7929970,2,97,2.0618556701030926
1179,53.0 - BLD 24_7929808,2,97,2.0618556701030926
1180,53.0 - BLD 25_7929811,1,97,1.0309278350515463
1181,53.0 - BLD 26_7929804,2,97,2.0618556701030926
1182,53.0 - BLD 27_7929824,4,97,4.123711340206185
1183,53.0 - BLD 28_7929819,2,97,2.0618556701030926
1184,53.0 - BLD 29_7929986,2,97,2.0618556701030926
1185,53.0 - BLD 30_7929980,3,97,3.0927835051546393
1186,53.0 - BLD 31_7929803,3,97,3.0927835051546393
1187,53.0 - BLD 32_7929806,2,95,2.1052631578947367
1188,53.0 - BLD 33_7929993,2,97,2.0618556701030926
1189,53.0 - BLD 34_7929969,2,97,2.0618556701030926
1190,53.0 - BLD 35_7929992,3,97,3.0927835051546393
1191,531.0 - BLD 04_7030740,3,103,2.912621359223301
1192,531.0 - BLD 05_7403293,4,103,3.8834951456310676
1193,531.0 - BLD 06_6560246,2,103,1.9417475728155338
1194,54.0 - BLD 01_8125336,3,93,3.225806451612903
1195,54.0 - BLD 02_8125333,3,93,3.225806451612903
1196,54.0 - BLD 03_8125332,3,93,3.225806451612903
1197,54.0 - BLD 04_8125335,3,93,3.225806451612903
1198,54.0 - BLD 05_8125337,3,93,3.225806451612903
1199,547.0 - BLD 02_7821817,3,96,3.125
1200,547.0 - BLD 03_5922683,3,101,2.9702970297029703
1201,547.0 - BLD 04_7821819,3,101,2.9702970297029703
1202,55.0 - BLD 02_301197,2,103,1.9417475728155338
1203,559.0 - BLD 01_6842587,1,101,0.9900990099009901
1204,56.0 - BLD 01_8572100,2,85,2.3529411764705883
1205,56.0 - BLD 02_8572095,3,85,3.5294117647058822
1206,56.0 - BLD 03_8572093,2,85,2.3529411764705883
1207,56.0 - BLD 04_8572071,3,85,3.5294117647058822
1208,56.0 - BLD 05_8572099,3,85,3.5294117647058822
1209,56.0 - BLD 06_8572075,3,87,3.4482758620689653
1210,56.0 - BLD 07_8572098,2,85,2.3529411764705883
1211,56.0 - BLD 08_8572072,1,85,1.1764705882352942
1212,56.0 - BLD 09_8572069,2,85,2.3529411764705883
1213,56.0 - BLD 10_8572097,2,85,2.3529411764705883
1214,56.0 - BLD 11_8572074,3,85,3.5294117647058822
1215,56.0 - BLD 12_8572079,2,85,2.3529411764705883
1216,56.0 - BLD 13_8572103,4,85,4.705882352941177
1217,56.0 - BLD 14_8572076,1,85,1.1764705882352942
1218,56.0 - BLD 15_8572073,4,85,4.705882352941177
1219,56.0 - BLD 16_8572068,1,85,1.1764705882352942
1220,56.0 - BLD 17_8572091,5,85,5.88235294117647
1221,56.0 - BLD 18_8572092,1,66,1.5151515151515151
1222,56.0 - BLD 19_8572065,3,85,3.5294117647058822
1223,56.0 - BLD 20_8301112,3,86,3.488372093023256
1224,56.0 - BLD 21_8572066,2,85,2.3529411764705883
1225,56.0 - BLD 22_8572089,1,85,1.1764705882352942
1226,56.0 - BLD 23_8572096,2,85,2.3529411764705883
1227,56.0 - BLD 24_8572080,2,85,2.3529411764705883
1228,56.0 - BLD 25_8572090,3,85,3.5294117647058822
1229,56.0 - BLD 26_8572077,3,85,3.5294117647058822
1230,56.0 - BLD 27_8572067,2,85,2.3529411764705883
1231,56.0 - BLD 28_8572094,1,85,1.1764705882352942
1232,56.0 - BLD 29_8572078,2,85,2.3529411764705883
1233,56.0 - BLD 30_8572070,1,85,1.1764705882352942
1234,56.0 - BLD 32_8301113,3,79,3.79746835443038
1235,57.0 - BLD 01_7929617,2,85,2.3529411764705883
1236,57.0 - BLD 02_7929948,2,85,2.3529411764705883
1237,57.0 - BLD 03_8096629,3,84,3.571428571428571
1238,57.0 - BLD 04_7929949,1,85,1.1764705882352942
1239,57.0 - BLD 05_8322059,1,85,1.1764705882352942
1240,57.0 - BLD 06_7929950,2,70,2.857142857142857
1241,57.0 - BLD 07_7929947,1,70,1.4285714285714286
1242,57.0 - BLD 08_7929612,3,85,3.5294117647058822
1243,57.0 - BLD 10_7929934,4,85,4.705882352941177
1244,57.0 - BLD 11_8096634,3,84,3.571428571428571
1245,57.0 - BLD 12_7929592,1,85,1.1764705882352942
1246,57.0 - BLD 13_7929863,2,85,2.3529411764705883
1247,57.0 - BLD 14_7929640,3,84,3.571428571428571
1248,57.0 - BLD 15_7929923,1,85,1.1764705882352942
1249,57.0 - BLD 16_7929639,2,85,2.3529411764705883
1250,57.0 - BLD 17_7929632,2,85,2.3529411764705883
1251,57.0 - BLD 18_7929941,2,82,2.4390243902439024
1252,57.0 - BLD 19_7929582,2,85,2.3529411764705883
1253,57.0 - BLD 20_7929641,2,70,2.857142857142857
1254,57.0 - BLD 21_7929636,3,85,3.5294117647058822
1255,57.0 - BLD 22_7929575,1,70,1.4285714285714286
1256,57.0 - BLD 23_7929921,3,85,3.5294117647058822
1257,57.0 - BLD 25_7929607,5,84,5.952380952380952
1258,57.0 - BLD 26_7929876,2,85,2.3529411764705883
1259,57.0 - BLD 28_8362685,2,84,2.380952380952381
1260,57.0 - BLD 29_8096646,2,84,2.380952380952381
1261,57.0 - BLD 30_8096645,4,83,4.819277108433735
1262,57.0 - BLD 35_7929890,3,83,3.614457831325301
1263,57.0 - BLD 36_7929935,3,85,3.5294117647058822
1264,57.0 - BLD 37_7929924,1,85,1.1764705882352942
1265,57.0 - BLD 38_7929603,2,85,2.3529411764705883
1266,57.0 - BLD 39_7929938,1,85,1.1764705882352942
1267,57.0 - BLD 40_7929610,4,85,4.705882352941177
1268,57.0 - BLD 41_7929937,1,85,1.1764705882352942
1269,58.0 - CARVER BLD 01_8572102,2,51,3.9215686274509802
1270,58.0 - CARVER BLD 02_8094994,1,51,1.9607843137254901
1271,58.0 - CARVER BLD 05_8094992,2,51,3.9215686274509802
1272,58.0 - CARVER BLD 06_8266722,2,51,3.9215686274509802
1273,58.0 - CARVER BLD 07_8094993,2,51,3.9215686274509802
1274,58.0 - CARVER BLD 08_8094989,2,51,3.9215686274509802
1275,58.0 - CARVER BLD 09_8266704,2,51,3.9215686274509802
1276,58.0 - CARVER BLD 10_8266711,2,53,3.7735849056603774
1277,58.0 - CARVER BLD 11_8094996,2,54,3.7037037037037033
1278,58.0 - CARVER BLD 12_8266723,2,51,3.9215686274509802
1279,58.0 - CARVER BLD 13_8266701,2,51,3.9215686274509802
1280,582.0 - DOUGLASS II BLD 13_8661722,3,71,4.225352112676056
1281,582.0 - DOUGLASS II BLD 14_8661721,3,71,4.225352112676056
1282,59.0 - BLD 01_8125755,2,74,2.7027027027027026
1283,59.0 - BLD 02_8125752,3,98,3.061224489795918
1284,59.0 - BLD 03_7929943,3,97,3.0927835051546393
1285,59.0 - BLD 04_8301041,4,97,4.123711340206185
1286,59.0 - BLD 05_8125756,4,94,4.25531914893617
1287,59.0 - BLD 06_8125757,5,96,5.208333333333334
1288,59.0 - BLD 07_7929588,5,98,5.1020408163265305
1289,59.0 - BLD 08_8301070,3,98,3.061224489795918
1290,59.0 - BLD 09_8301039,3,97,3.0927835051546393
1291,59.0 - BLD 10_8125747,5,96,5.208333333333334
1292,59.0 - BLD 11_8125748,2,74,2.7027027027027026
1293,59.0 - BLD 12_8125758,4,94,4.25531914893617
1294,59.0 - BLD 13_8301040,2,96,2.083333333333333
1295,59.0 - BLD 14_8301054,4,97,4.123711340206185
1296,59.0 - BLD 15_8096391,3,91,3.296703296703297
1297,6.0 - VLADECK BLD 01_8362640,4,96,4.166666666666666
1298,6.0 - VLADECK BLD 02_8362646,2,93,2.1505376344086025
1299,6.0 - VLADECK BLD 03_8362643,4,96,4.166666666666666
1300,6.0 - VLADECK BLD 04_8362645,2,96,2.083333333333333
1301,6.0 - VLADECK BLD 05_8362647,3,92,3.260869565217391
1302,6.0 - VLADECK BLD 06_8362644,2,96,2.083333333333333
1303,6.0 - VLADECK BLD 07_8362638,2,94,2.127659574468085
1304,6.0 - VLADECK BLD 08_8362675,2,95,2.1052631578947367
1305,6.0 - VLADECK BLD 09_8362674,3,93,3.225806451612903
1306,6.0 - VLADECK BLD 10_8362673,3,94,3.1914893617021276
1307,6.0 - VLADECK BLD 11_8362676,3,95,3.1578947368421053
1308,6.0 - VLADECK BLD 12_8095301,3,95,3.1578947368421053
1309,6.0 - VLADECK BLD 13_8362666,3,93,3.225806451612903
1310,6.0 - VLADECK BLD 14_8362677,3,94,3.1914893617021276
1311,6.0 - VLADECK BLD 15_8362667,3,93,3.225806451612903
1312,6.0 - VLADECK BLD 16_8362649,3,94,3.1914893617021276
1313,6.0 - VLADECK BLD 17_8362668,2,93,2.1505376344086025
1314,6.0 - VLADECK BLD 18_8362648,1,65,1.5384615384615385
1315,6.0 - VLADECK BLD 18_8362671,1,65,1.5384615384615385
1316,6.0 - VLADECK BLD 19_8362642,1,95,1.0526315789473684
1317,6.0 - VLADECK BLD 20_8362672,3,93,3.225806451612903
1318,60.0 - BARUCH BLD 01_7929545,2,88,2.272727272727273
1319,60.0 - BARUCH BLD 02_7929540,2,87,2.2988505747126435
1320,60.0 - BARUCH BLD 03_7929541,2,87,2.2988505747126435
1321,60.0 - BARUCH BLD 04_7929999,2,87,2.2988505747126435
1322,60.0 - BARUCH BLD 05_8142781,2,88,2.272727272727273
1323,60.0 - BARUCH BLD 06_7929539,2,87,2.2988505747126435
1324,60.0 - BARUCH BLD 07_8142793,1,87,1.1494252873563218
1325,60.0 - BARUCH BLD 07_8142999,2,87,2.2988505747126435
1326,60.0 - BARUCH BLD 08_8096617,2,88,2.272727272727273
1327,60.0 - BARUCH BLD 09_7929559,2,87,2.2988505747126435
1328,60.0 - BARUCH BLD 10_7929561,2,87,2.2988505747126435
1329,60.0 - BARUCH BLD 11_8142786,2,87,2.2988505747126435
1330,60.0 - BARUCH BLD 13_8142990,2,87,2.2988505747126435
1331,60.0 - BARUCH BLD 14_7929556,2,87,2.2988505747126435
1332,60.0 - BARUCH BLD 15_8142797,2,87,2.2988505747126435
1333,60.0 - BARUCH BLD 16_8142792,2,88,2.272727272727273
1334,60.0 - BARUCH BLD 17_7929553,2,88,2.272727272727273
1335,60.0 - BLD 12_8746982,3,99,3.0303030303030303
1336,60.0 - BLD 13_5648168,2,101,1.9801980198019802
1337,61.0 - BLD 24_7424238,6,101,5.9405940594059405
1338,61.0 - VAN DYKE I BLD 02_8322414,2,76,2.631578947368421
1339,61.0 - VAN DYKE I BLD 03_8322425,2,68,2.941176470588235
1340,61.0 - VAN DYKE I BLD 04_8322422,4,76,5.263157894736842
1341,61.0 - VAN DYKE I BLD 05_8322421,2,77,2.5974025974025974
1342,61.0 - VAN DYKE I BLD 06_8322423,1,76,1.3157894736842104
1343,61.0 - VAN DYKE I BLD 07_8322440,2,76,2.631578947368421
1344,61.0 - VAN DYKE I BLD 08_8322438,1,77,1.2987012987012987
1345,61.0 - VAN DYKE I BLD 09_8322416,3,75,4.0
1346,61.0 - VAN DYKE I BLD 10_8095217,2,78,2.564102564102564
1347,61.0 - VAN DYKE I BLD 11_8322430,1,74,1.3513513513513513
1348,61.0 - VAN DYKE I BLD 12_8322432,2,75,2.666666666666667
1349,61.0 - VAN DYKE I BLD 13_8322439,2,76,2.631578947368421
1350,61.0 - VAN DYKE I BLD 14_8322429,2,76,2.631578947368421
1351,61.0 - VAN DYKE I BLD 15_8322426,2,78,2.564102564102564
1352,61.0 - VAN DYKE I BLD 17_8322427,1,76,1.3157894736842104
1353,61.0 - VAN DYKE I BLD 18_8095206,2,74,2.7027027027027026
1354,61.0 - VAN DYKE I BLD 19_8095209,3,76,3.9473684210526314
1355,61.0 - VAN DYKE I BLD 20_8095210,2,77,2.5974025974025974
1356,61.0 - VAN DYKE I BLD 21_8095308,3,74,4.054054054054054
1357,61.0 - VAN DYKE I BLD 22_8095307,1,77,1.2987012987012987
1358,62.0 - WASHINGTON BLD 01_8094997,2,51,3.9215686274509802
1359,62.0 - WASHINGTON BLD 02_8661575,2,51,3.9215686274509802
1360,62.0 - WASHINGTON BLD 03_8266713,2,51,3.9215686274509802
1361,62.0 - WASHINGTON BLD 04_8094998,2,51,3.9215686274509802
1362,62.0 - WASHINGTON BLD 05_8095002,2,51,3.9215686274509802
1363,62.0 - WASHINGTON BLD 06_7833973,2,53,3.7735849056603774
1364,62.0 - WASHINGTON BLD 07_8095001,2,53,3.7735849056603774
1365,62.0 - WASHINGTON BLD 08_8094999,2,51,3.9215686274509802
1366,62.0 - WASHINGTON BLD 09_8266702,2,51,3.9215686274509802
1367,62.0 - WASHINGTON BLD 10_8094995,2,51,3.9215686274509802
1368,62.0 - WASHINGTON BLD 11_8095000,2,51,3.9215686274509802
1369,62.0 - WASHINGTON BLD 12_8266703,2,51,3.9215686274509802
1370,62.0 - WASHINGTON BLD 13_8266712,2,51,3.9215686274509802
1371,62.0 - WASHINGTON BLD 14_8266709,2,51,3.9215686274509802
1372,62.0 - WASHINGTON BLD 15_8266710,2,51,3.9215686274509802
1373,63.0 - BLD 01_8096643,2,86,2.3255813953488373
1374,63.0 - BLD 02_7929881,2,86,2.3255813953488373
1375,63.0 - BLD 03_7929956,1,86,1.1627906976744187
1376,63.0 - BLD 04_7929952,1,86,1.1627906976744187
1377,63.0 - BLD 05_8142994,1,86,1.1627906976744187
1378,63.0 - BLD 06_8142993,1,86,1.1627906976744187
1379,63.0 - BLD 07_8096618,1,86,1.1627906976744187
1380,63.0 - BLD 08_8096641,1,86,1.1627906976744187
1381,63.0 - BLD 09_7929879,1,86,1.1627906976744187
1382,63.0 - BLD 10_8096616,3,86,3.488372093023256
1383,63.0 - BLD 11_8125318,2,86,2.3255813953488373
1384,63.0 - BLD 12_8142996,1,86,1.1627906976744187
1385,63.0 - BLD 13_8142995,1,86,1.1627906976744187
1386,63.0 - BLD 14_8096579,1,85,1.1764705882352942
1387,63.0 - BLD 15_8096642,1,86,1.1627906976744187
1388,63.0 - BLD 16_7929629,1,57,1.7543859649122806
1389,63.0 - BLD 17_8142991,1,86,1.1627906976744187
1390,63.0 - BLD 18_7929604,1,86,1.1627906976744187
1391,63.0 - BLD 19_7929861,1,86,1.1627906976744187
1392,63.0 - BLD 20_8096639,1,86,1.1627906976744187
1393,63.0 - BLD 21_8142992,1,86,1.1627906976744187
1394,63.0 - BLD 23_7929872,3,85,3.5294117647058822
1395,63.0 - BLD 23_8096644,2,86,2.3255813953488373
1396,63.0 - BLD 24_8095305,3,85,3.5294117647058822
1397,63.0 - BLD 25_8095222,3,85,3.5294117647058822
1398,63.0 - BLD 26_7929868,3,85,3.5294117647058822
1399,63.0 - BLD 27_8096615,3,85,3.5294117647058822
1400,63.0 - BLD 28_7929953,1,85,1.1764705882352942
1401,63.0 - BLD 29_8095306,3,85,3.5294117647058822
1402,64.0 - BLD 14_7834916,2,100,2.0
1403,64.0 - JEFFERSON BLD 02_8093693,2,53,3.7735849056603774
1404,64.0 - JEFFERSON BLD 03_8093711,1,53,1.8867924528301887
1405,64.0 - JEFFERSON BLD 04_8093705,1,53,1.8867924528301887
1406,64.0 - JEFFERSON BLD 05_8093688,1,53,1.8867924528301887
1407,64.0 - JEFFERSON BLD 06_8093692,1,53,1.8867924528301887
1408,64.0 - JEFFERSON BLD 07_8093706,2,53,3.7735849056603774
1409,64.0 - JEFFERSON BLD 08_8093707,1,53,1.8867924528301887
1410,64.0 - JEFFERSON BLD 09_8093696,1,53,1.8867924528301887
1411,64.0 - JEFFERSON BLD 10_8093687,1,53,1.8867924528301887
1412,64.0 - JEFFERSON BLD 11_8093702,2,53,3.7735849056603774
1413,64.0 - JEFFERSON BLD 12_8093700,1,53,1.8867924528301887
1414,64.0 - JEFFERSON BLD 13_8093686,1,53,1.8867924528301887
1415,64.0 - JEFFERSON BLD 15_8093697,1,54,1.8518518518518516
1416,64.0 - JEFFERSON BLD 16_8093689,1,53,1.8867924528301887
1417,64.0 - JEFFERSON BLD 17_8093701,1,53,1.8867924528301887
1418,64.0 - JEFFERSON BLD 18_8093690,2,52,3.8461538461538463
1419,65.0 - BLD 01_7889951,4,103,3.8834951456310676
1420,65.0 - BLD 02_8095593,2,103,1.9417475728155338
1421,65.0 - BLD 03_7889966,2,103,1.9417475728155338
1422,65.0 - BLD 04_7889999,4,103,3.8834951456310676
1423,65.0 - BLD 09_7889954,3,101,2.9702970297029703
1424,65.0 - BLD 10_7890000,4,103,3.8834951456310676
1425,65.0 - BLD 11_7889980,1,103,0.9708737864077669
1426,65.0 - BLD 12_8095594,1,103,0.9708737864077669
1427,65.0 - BLD 13_8095586,5,102,4.901960784313726
1428,66.0 - NA_8095488,4,99,4.040404040404041
1429,66.0 - NA_8095490,3,99,3.0303030303030303
1430,66.0 - SOUTH JAMAICA II BLD 13_8095491,3,99,3.0303030303030303
1431,66.0 - SOUTH JAMAICA II BLD 14_8095484,3,99,3.0303030303030303
1432,66.0 - SOUTH JAMAICA II BLD 15_8095498,2,99,2.0202020202020203
1433,66.0 - SOUTH JAMAICA II BLD 16_8095502,2,99,2.0202020202020203
1434,66.0 - SOUTH JAMAICA II BLD 18_8095500,2,99,2.0202020202020203
1435,66.0 - SOUTH JAMAICA II BLD 19_8095486,2,99,2.0202020202020203
1436,66.0 - SOUTH JAMAICA II BLD 20_8095499,2,99,2.0202020202020203
1437,66.0 - SOUTH JAMAICA II BLD 21_8095508,2,99,2.0202020202020203
1438,66.0 - SOUTH JAMAICA II BLD 22_8095509,2,99,2.0202020202020203
1439,66.0 - SOUTH JAMAICA II BLD 23_8095495,2,99,2.0202020202020203
1440,66.0 - SOUTH JAMAICA II BLD 24_8095506,3,99,3.0303030303030303
1441,66.0 - SOUTH JAMAICA II BLD 25_8095510,3,99,3.0303030303030303
1442,66.0 - SOUTH JAMAICA II BLD 27_8095496,2,99,2.0202020202020203
1443,67.0 - BLD 01_8322417,2,64,3.125
1444,67.0 - BLD 01_8362723,1,64,1.5625
1445,67.0 - BLD 02_8322442,1,64,1.5625
1446,67.0 - BLD 02_8362703,1,64,1.5625
1447,67.0 - BLD 04_8322444,3,80,3.75
1448,67.0 - BLD 05_8322443,2,80,2.5
1449,67.0 - BLD 06_8322419,1,80,1.25
1450,67.0 - BLD 07_8362724,2,80,2.5
1451,67.0 - BLD 08_8362627,1,80,1.25
1452,67.0 - BLD 09_8322420,2,80,2.5
1453,67.0 - BLD 11_8362725,1,80,1.25
1454,67.0 - BLD 12_8362705,2,80,2.5
1455,67.0 - BLD 13_8362722,1,80,1.25
1456,67.0 - BLD 14_8322418,1,80,1.25
1457,67.0 - BLD 15_8362626,4,80,5.0
1458,67.0 - BLD 16_8362628,1,80,1.25
1459,67.0 - BLD 17_8362717,3,80,3.75
1460,67.0 - BLD 18_8362714,3,79,3.79746835443038
1461,67.0 - BLD 19_8362716,1,80,1.25
1462,67.0 - BLD 21_8362702,1,80,1.25
1463,67.0 - BLD 22_8362690,3,80,3.75
1464,67.0 - BLD 23_8362692,2,80,2.5
1465,67.0 - BLD 24_8362691,2,79,2.5316455696202533
1466,67.0 - BLD 25_8362693,3,80,3.75
1467,67.0 - BLD 26_8322441,1,80,1.25
1468,67.0 - BLD 27_8362704,1,75,1.3333333333333335
1469,67.0 - BLD 28_8362715,1,80,1.25
1470,67.0 - BLD 31 - Community Center_8350391,1,68,1.4705882352941175
1471,68.0 - BLD 01_8125375,2,88,2.272727272727273
1472,68.0 - BLD 02_8125387,4,88,4.545454545454546
1473,68.0 - BLD 03_8125315,4,88,4.545454545454546
1474,68.0 - BLD 04_8125369,4,86,4.651162790697675
1475,68.0 - BLD 05_8125314,2,88,2.272727272727273
1476,68.0 - BLD 06_8125381,2,89,2.247191011235955
1477,68.0 - BLD 07_8125312,3,88,3.4090909090909087
1478,68.0 - BLD 08_8125329,4,88,4.545454545454546
1479,68.0 - BLD 09_8125311,4,88,4.545454545454546
1480,68.0 - BLD 10_8125371,4,88,4.545454545454546
1481,68.0 - BLD 11_8125372,2,88,2.272727272727273
1482,68.0 - BLD 13_8125330,1,88,1.1363636363636365
1483,68.0 - BLD 14_8125367,2,88,2.272727272727273
1484,68.0 - BLD 15_8125328,3,88,3.4090909090909087
1485,69.0 - BLD 01_7833993,4,101,3.9603960396039604
1486,69.0 - BLD 02_7833949,4,101,3.9603960396039604
1487,69.0 - BLD 03_7833951,3,101,2.9702970297029703
1488,69.0 - BLD 04_7833955,3,101,2.9702970297029703
1489,69.0 - BLD 05_7833952,2,101,1.9801980198019802
1490,69.0 - BLD 06_7833956,2,101,1.9801980198019802
1491,69.0 - BLD 07_8009844,2,101,1.9801980198019802
1492,69.0 - BLD 08_7833957,3,101,2.9702970297029703
1493,69.0 - BLD 09_7833947,3,101,2.9702970297029703
1494,69.0 - BLD 10_8009845,1,101,0.9900990099009901
1495,69.0 - BLD 11_8009850,1,101,0.9900990099009901
1496,7.0 - VLADECK II BLD 21_8362670,3,93,3.225806451612903
1497,7.0 - VLADECK II BLD 22_8362639,2,88,2.272727272727273
1498,7.0 - VLADECK II BLD 23_8362669,3,93,3.225806451612903
1499,70.0 - BLD 02_8095178,2,56,3.571428571428571
1500,70.0 - BLD 03_8095175,1,56,1.7857142857142856
1501,70.0 - BLD 05_8095183,2,53,3.7735849056603774
1502,70.0 - BLD 06_8095185,1,56,1.7857142857142856
1503,70.0 - BLD 07_8095172,3,56,5.357142857142857
1504,70.0 - BLD 08_8095184,1,56,1.7857142857142856
1505,70.0 - BLD 09_8095181,1,56,1.7857142857142856
1506,70.0 - BLD 13_8095186,2,56,3.571428571428571
1507,70.0 - BLD 14_8095174,2,56,3.571428571428571
1508,71.0 - SOUNDVIEW BLD 01_8322410,1,64,1.5625
1509,71.0 - SOUNDVIEW BLD 02_8362641,1,64,1.5625
1510,71.0 - SOUNDVIEW BLD 03_8362601,1,64,1.5625
1511,71.0 - SOUNDVIEW BLD 04_8322341,1,64,1.5625
1512,71.0 - SOUNDVIEW BLD 05_8362636,2,64,3.125
1513,71.0 - SOUNDVIEW BLD 06_8362637,1,64,1.5625
1514,71.0 - SOUNDVIEW BLD 07_8362633,2,64,3.125
1515,71.0 - SOUNDVIEW BLD 09_8362599,1,64,1.5625
1516,71.0 - SOUNDVIEW BLD 11_8362631,2,64,3.125
1517,72.0 - BLD 01_7466814,3,95,3.1578947368421053
1518,72.0 - BLD 02_7250717,2,91,2.197802197802198
1519,72.0 - BLD 03_7693367,2,91,2.197802197802198
1520,72.0 - BLD 04_7382865,3,92,3.260869565217391
1521,72.0 - BLD 05_7372790,2,91,2.197802197802198
1522,72.0 - BLD 06_7284635,2,91,2.197802197802198
1523,72.0 - BLD 07_7284625,2,92,2.1739130434782608
1524,72.0 - BLD 09_7372650,3,94,3.1914893617021276
1525,72.0 - BLD 10_7284664,2,91,2.197802197802198
1526,73.0 - BLD 01 - Community Center_7424132,1,103,0.9708737864077669
1527,73.0 - BLD 02_8321869,3,85,3.5294117647058822
1528,73.0 - BLD 03_8321900,4,87,4.597701149425287
1529,73.0 - BLD 04_8322217,3,85,3.5294117647058822
1530,73.0 - BLD 05_8321970,2,88,2.272727272727273
1531,73.0 - BLD 07_7424148,2,88,2.272727272727273
1532,73.0 - BLD 08_8095164,7,88,7.954545454545454
1533,73.0 - BLD 10_8321872,3,83,3.614457831325301
1534,73.0 - BLD 12_8321888,4,88,4.545454545454546
1535,74.0 - BLD 01_8096718,3,69,4.3478260869565215
1536,74.0 - BLD 02_8096689,3,69,4.3478260869565215
1537,74.0 - BLD 03_8096710,3,69,4.3478260869565215
1538,74.0 - BLD 05_8096698,3,69,4.3478260869565215
1539,74.0 - BLD 06_8096706,3,69,4.3478260869565215
1540,74.0 - BLD 07_8096713,3,70,4.285714285714286
1541,74.0 - BLD 08_8266793,3,69,4.3478260869565215
1542,74.0 - BLD 09_8096707,2,69,2.898550724637681
1543,74.0 - BLD 10_8266786,3,69,4.3478260869565215
1544,74.0 - BLD 11_8096695,3,69,4.3478260869565215
1545,74.0 - BLD 12_8572086,3,69,4.3478260869565215
1546,74.0 - BLD 13_8266796,3,69,4.3478260869565215
1547,74.0 - BLD 14_8266795,3,69,4.3478260869565215
1548,74.0 - BLD 15_8096699,3,69,4.3478260869565215
1549,74.0 - BLD 16_8096697,3,70,4.285714285714286
1550,74.0 - BLD 17_8096702,3,69,4.3478260869565215
1551,74.0 - BLD 18_8096691,3,69,4.3478260869565215
1552,74.0 - BLD 18_8096716,3,69,4.3478260869565215
1553,74.0 - BLD 19_8096701,3,69,4.3478260869565215
1554,74.0 - BLD 20_8096711,3,69,4.3478260869565215
1555,74.0 - BLD 21_8096703,3,69,4.3478260869565215
1556,74.0 - BLD 22_8096687,3,69,4.3478260869565215
1557,75.0 - BLD 01_301226,2,85,2.3529411764705883
1558,75.0 - BLD 08_99268475,2,101,1.9801980198019802
1559,76.0 - BLD 02_8362661,3,93,3.225806451612903
1560,76.0 - BLD 03_8362658,2,95,2.1052631578947367
1561,76.0 - BLD 04_8322091,2,94,2.127659574468085
1562,76.0 - BLD 05_8362659,2,59,3.389830508474576
1563,76.0 - BLD 05_8362660,2,59,3.389830508474576
1564,76.0 - BLD 06_8322371,2,94,2.127659574468085
1565,76.0 - BLD 07_8322370,2,94,2.127659574468085
1566,76.0 - BLD 08_8322368,2,94,2.127659574468085
1567,76.0 - BLD 09_8362655,2,94,2.127659574468085
1568,77.0 - BLD 03_7383346,2,100,2.0
1569,77.0 - BLD 04_7383356,1,101,0.9900990099009901
1570,77.0 - BLD 05_5922312,1,99,1.0101010101010102
1571,77.0 - BLD 06_6654896,2,100,2.0
1572,77.0 - NA_7125034,1,52,1.9230769230769231
1573,78.0 - BLD 01_7929647,2,102,1.9607843137254901
1574,78.0 - BLD 02_7889940,4,102,3.9215686274509802
1575,78.0 - BLD 03_8010017,4,102,3.9215686274509802
1576,78.0 - BLD 05_7929658,4,102,3.9215686274509802
1577,78.0 - BLD 06_7929660,1,102,0.9803921568627451
1578,8.0 - SOUTH JAMAICA I BLD 01_8095489,1,99,1.0101010101010102
1579,8.0 - SOUTH JAMAICA I BLD 02_8095487,3,99,3.0303030303030303
1580,8.0 - SOUTH JAMAICA I BLD 03_8095492,3,99,3.0303030303030303
1581,8.0 - SOUTH JAMAICA I BLD 04_8095503,2,99,2.0202020202020203
1582,8.0 - SOUTH JAMAICA I BLD 05_8095501,1,99,1.0101010101010102
1583,8.0 - SOUTH JAMAICA I BLD 06_8095505,1,99,1.0101010101010102
1584,8.0 - SOUTH JAMAICA I BLD 07_8095507,2,99,2.0202020202020203
1585,8.0 - SOUTH JAMAICA I BLD 08_8095497,4,99,4.040404040404041
1586,8.0 - SOUTH JAMAICA I BLD 10_8095504,1,99,1.0101010101010102
1587,8.0 - SOUTH JAMAICA I BLD 11_8095485,3,99,3.0303030303030303
1588,80.0 - BLD 01_8350750,1,103,0.9708737864077669
1589,80.0 - BLD 02_8350751,2,103,1.9417475728155338
1590,80.0 - BLD 03_8350749,2,103,1.9417475728155338
1591,80.0 - BLD 04_8322192,3,103,2.912621359223301
1592,80.0 - BLD 05_8350748,1,102,0.9803921568627451
1593,80.0 - BLD 06_8350746,3,103,2.912621359223301
1594,80.0 - BLD 07_8350747,2,102,1.9607843137254901
1595,80.0 - BLD 08_8350752,3,103,2.912621359223301
1596,80.0 - BLD 09_8350181,4,103,3.8834951456310676
1597,80.0 - BLD 10_8349971,1,103,0.9708737864077669
1598,80.0 - BLD 11_8350753,1,101,0.9900990099009901
1599,80.0 - BLD 12_8350180,3,103,2.912621359223301
1600,80.0 - BLD 13_8350133,2,102,1.9607843137254901
1601,80.0 - BLD 14_8350179,2,102,1.9607843137254901
1602,81.0 - BLD 01_6251008,3,102,2.941176470588235
1603,81.0 - BLD 02_6251015,2,101,1.9801980198019802
1604,81.0 - BLD 03_8256039,2,72,2.7777777777777777
1605,81.0 - BLD 04_7976396,2,102,1.9607843137254901
1606,81.0 - BLD 05_7834091,3,81,3.7037037037037033
1607,81.0 - BLD 06_6432604,3,102,2.941176470588235
1608,82.0 - DOUGLASS I BLD 16_8322353,5,72,6.944444444444445
1609,82.0 - DOUGLASS I BLD 17_8322358,3,72,4.166666666666666
1610,83.0 - BLD 04_8300971,2,68,2.941176470588235
1611,83.0 - BLD 05_8300952,2,68,2.941176470588235
1612,83.0 - BLD 06_8300979,3,68,4.411764705882353
1613,83.0 - BLD 07_8300981,1,67,1.4925373134328357
1614,83.0 - BLD 08_8125373,1,67,1.4925373134328357
1615,83.0 - BLD 09_8267453,2,68,2.941176470588235
1616,83.0 - BLD 10_8300978,3,68,4.411764705882353
1617,83.0 - BLD 11_8300998,2,68,2.941176470588235
1618,83.0 - BLD 12_8267454,2,68,2.941176470588235
1619,83.0 - BLD 13_8300970,1,68,1.4705882352941175
1620,83.0 - BLD 14_8300968,1,68,1.4705882352941175
1621,83.0 - BLD 15_8300988,2,68,2.941176470588235
1622,83.0 - BLD 16_8300974,1,68,1.4705882352941175
1623,83.0 - BLD 17_8300992,1,68,1.4705882352941175
1624,83.0 - BLD 18_8300996,2,68,2.941176470588235
1625,83.0 - BLD 19_8267456,1,68,1.4705882352941175
1626,83.0 - BLD 20_8300995,2,70,2.857142857142857
1627,83.0 - BLD 21_8300972,2,68,2.941176470588235
1628,83.0 - BLD 22_8300973,2,70,2.857142857142857
1629,83.0 - BLD 23_8300967,2,68,2.941176470588235
1630,83.0 - BLD 24_8300991,2,68,2.941176470588235
1631,83.0 - BLD 25_8300980,2,68,2.941176470588235
1632,83.0 - BLD 26_8300993,1,68,1.4705882352941175
1633,83.0 - BLD 27_8300976,3,68,4.411764705882353
1634,83.0 - BLD 28_8300994,3,76,3.9473684210526314
1635,83.0 - BLD 29_8300975,2,68,2.941176470588235
1636,84.0 - BLD 01_8125779,2,85,2.3529411764705883
1637,84.0 - BLD 02_8125783,2,85,2.3529411764705883
1638,84.0 - BLD 03_8125767,1,86,1.1627906976744187
1639,84.0 - BLD 04_8125769,2,85,2.3529411764705883
1640,84.0 - BLD 05_8125770,3,85,3.5294117647058822
1641,84.0 - BLD 06_8096608,2,78,2.564102564102564
1642,84.0 - BLD 07_8125768,3,101,2.9702970297029703
1643,84.0 - BLD 08_8125771,1,86,1.1627906976744187
1644,84.0 - BLD 09_8125778,4,103,3.8834951456310676
1645,85.0 - ALBANY II BLD 08_5081862,2,58,3.4482758620689653
1646,86.0 - BLD 01_7141435,3,94,3.1914893617021276
1647,86.0 - BLD 02_7166147,2,97,2.0618556701030926
1648,86.0 - BLD 03_7161621,2,90,2.2222222222222223
1649,86.0 - BLD 04_7161630,1,90,1.1111111111111112
1650,86.0 - BLD 05_7141437,2,94,2.127659574468085
1651,86.0 - BLD 06_7161622,2,99,2.0202020202020203
1652,86.0 - BLD 07_7161620,2,86,2.3255813953488373
1653,86.0 - BLD 08_7161619,3,95,3.1578947368421053
1654,87.0 - BLD 01_8142958,1,63,1.5873015873015872
1655,87.0 - BLD 02_8142945,2,63,3.1746031746031744
1656,87.0 - BLD 03_8142943,1,63,1.5873015873015872
1657,87.0 - BLD 04_8142959,2,63,3.1746031746031744
1658,87.0 - BLD 07_8142973,1,63,1.5873015873015872
1659,87.0 - BLD 09_8142960,1,63,1.5873015873015872
1660,88.0 - BLD 01_8350351,1,68,1.4705882352941175
1661,88.0 - BLD 03_8350353,1,68,1.4705882352941175
1662,88.0 - BLD 04_8349970,1,69,1.4492753623188406
1663,88.0 - BLD 05_8350205,1,68,1.4705882352941175
1664,88.0 - BLD 06_8350352,1,68,1.4705882352941175
1665,88.0 - BLD 07_8350346,2,67,2.9850746268656714
1666,88.0 - BLD 08_8349973,2,93,2.1505376344086025
1667,88.0 - BLD 09_8350348,1,68,1.4705882352941175
1668,88.0 - BLD 10_8350350,2,68,2.941176470588235
1669,88.0 - BLD 11_8350347,4,102,3.9215686274509802
1670,88.0 - BLD 12_8350132,4,97,4.123711340206185
1671,89.0 - BLD 01_8231994,1,96,1.0416666666666665
1672,89.0 - BLD 02_8232066,2,68,2.941176470588235
1673,89.0 - BLD 03_8232047,4,97,4.123711340206185
1674,89.0 - BLD 04_8232045,2,96,2.083333333333333
1675,89.0 - BLD 05_8232057,2,95,2.1052631578947367
1676,89.0 - BLD 06_8232046,2,97,2.0618556701030926
1677,89.0 - BLD 07_7719184,2,100,2.0
1678,89.0 - BLD 08_7573701,2,102,1.9607843137254901
1679,89.0 - BLD 09_8232056,2,97,2.0618556701030926
1680,89.0 - BLD 11_8232067,2,97,2.0618556701030926
1681,89.0 - BLD 12_8232065,1,68,1.4705882352941175
1682,89.0 - BLD 14_6356892,2,100,2.0
1683,89.0 - BLD 15_6432246,3,102,2.941176470588235
1684,89.0 - BLD 16_7719133,4,102,3.9215686274509802
1685,89.0 - BLD 17_7271963,4,102,3.9215686274509802
1686,89.0 - BLD 18_7695016,3,96,3.125
1687,89.0 - BLD 19_7504980,3,100,3.0
1688,89.0 - BLD 20_5537192,1,100,1.0
1689,89.0 - BLD 21_7725428,1,102,0.9803921568627451
1690,89.0 - BLD 22_6598841,3,101,2.9702970297029703
1691,89.0 - BLD 23 - Community Center_7861436,5,101,4.9504950495049505
1692,9.0 - BLD 01_7929671,2,91,2.197802197802198
1693,9.0 - BLD 01_7930059,1,91,1.098901098901099
1694,9.0 - BLD 02_7929699,1,91,1.098901098901099
1695,9.0 - BLD 03_7929680,2,91,2.197802197802198
1696,9.0 - BLD 04_7929694,1,91,1.098901098901099
1697,9.0 - BLD 05_7930054,1,91,1.098901098901099
1698,9.0 - BLD 06_7929579,1,91,1.098901098901099
1699,9.0 - BLD 07_7930053,1,92,1.0869565217391304
1700,9.0 - BLD 08_7930046,2,91,2.197802197802198
1701,9.0 - BLD 09_8362678,1,55,1.8181818181818181
1702,9.0 - BLD 10_7930041,1,91,1.098901098901099
1703,91.0 - BLD 01_6147322,1,60,1.6666666666666667
1704,91.0 - BLD 03_7874338,3,102,2.941176470588235
1705,92.0 - BLD 16_7161509,1,53,1.8867924528301887
1706,92.0 - BLD 17_5178135,2,53,3.7735849056603774
1707,92.0 - BLD 25 - Community Center_8078351,3,101,2.9702970297029703
1708,93.0 - BLD 01_7890040,3,103,2.912621359223301
1709,93.0 - BLD 02 - Community Center_6938198,2,81,2.4691358024691357
1710,93.0 - BLD 02_8008779,5,103,4.854368932038835
1711,93.0 - BLD 03_8008789,3,103,2.912621359223301
1712,93.0 - BLD 04_7890050,2,103,1.9417475728155338
1713,93.0 - BLD 05_7929777,2,103,1.9417475728155338
1714,93.0 - BLD 06_8075321,3,103,2.912621359223301
1715,96.0 - BLD 01_5922430,2,95,2.1052631578947367
1716,96.0 - BLD 02_8802096,2,96,2.083333333333333
1717,96.0 - BLD 03_8072599,3,98,3.061224489795918
1718,96.0 - BLD 04_6867055,2,100,2.0
1719,96.0 - BLD 05_5922332,3,100,3.0
1720,96.0 - BLD 06_8072600,3,103,2.912621359223301
1721,96.0 - BLD 07_7719186,3,97,3.0927835051546393
1722,96.0 - BLD 08_5922010,2,93,2.1505376344086025
1723,97.0 - BLD 01_6689046,2,101,1.9801980198019802
1724,97.0 - BLD 02_6647840,5,101,4.9504950495049505
1725,97.0 - BLD 03_8205892,1,76,1.3157894736842104
1726,97.0 - BLD 04_6623223,2,99,2.0202020202020203
1727,97.0 - BLD 05_6852189,3,102,2.941176470588235
1728,97.0 - BLD 09_6458213,3,101,2.9702970297029703
1729,97.0 - BLD 09_6852169,4,87,4.597701149425287
1730,97.0 - BLD 10 - Community Center_7294308,3,97,3.0927835051546393
1731,97.0 - BLD 10 - Community Center_7694984,1,100,1.0
1732,98.0 - BLD 14_99800010,1,53,1.8867924528301887
1733,98.0 - BLD 15_99277502,5,91,5.4945054945054945
1734,99.0 - BLD 01_7574708,2,102,1.9607843137254901
1735,99.0 - BLD 02_7165928,3,100,3.0
1736,99.0 - BLD 03_7861469,4,100,4.0
1737,99.0 - BLD 04_7382884,2,101,1.9801980198019802
1738,99.0 - BLD 05_7574878,3,102,2.941176470588235
1739,999.0 - BLD 07_6852194,1,57,1.7543859649122806
