account,points,anomalies
1.0 - BLD 01_7836716,103,6
1.0 - BLD 01_7838586,103,3
1.0 - BLD 02_7694040,103,0
1.0 - BLD 03_7177432,103,0
1.0 - BLD 04_7381828,103,3
1.0 - BLD 05_6889487,103,0
1.0 - BLD 06_6469176,103,0
1.0 - BLD 07_7006908,73,1
10.0 - BLD 01_7864550,102,8
10.0 - BLD 02_7864551,102,6
10.0 - BLD 03_8010023,102,2
10.0 - BLD 04_7864536,102,5
10.0 - BLD 05_8163877,101,11
10.0 - BLD 06_8163892,99,8
10.0 - BLD 07_8010032,102,3
10.0 - BLD 08_7864549,102,10
10.0 - BLD 09_8125376,102,4
10.0 - BLD 10_8010020,102,2
10.0 - BLD 11_7864545,102,7
10.0 - BLD 13_8301063,102,2
10.0 - BLD 14_8301067,102,3
10.0 - BLD 15_7864540,102,5
10.0 - BLD 16_7864543,102,6
10.0 - BLD 16_8163879,100,7
100.0 - BLD 01_7250288,103,3
100.0 - BLD 02_6458115,103,4
100.0 - BLD 03 - Community Center_5537272,72,2
101.0 - BLD 02_7834072,103,3
101.0 - BLD 04_7421675,103,5
102.0 - BLD 02_8107087,102,4
102.0 - BLD 07_8107064,103,5
102.0 - BLD 10_8095559,103,3
103.0 - BLD 01_7860781,103,5
103.0 - BLD 04_8743232,103,2
103.0 - BLD 05_8095087,103,3
109.0 - BLD 01_7861587,81,5
11.0 - CLASON POINT GARDENS BLD 03_7402447,66,3
11.0 - CLASON POINT GARDENS BLD 13_8096758,66,3
11.0 - CLASON POINT GARDENS BLD 26_8322343,66,4
11.0 - CLASON POINT GARDENS BLD 35_8362634,66,3
11.0 - CLASON POINT GARDENS BLD 44_8362632,96,3
111.0 - BLD 01_8809141,100,3
111.0 - BLD 02_7250823,103,4
111.0 - BLD 03_7693515,101,0
111.0 - BLD 04_7231512,103,8
111.0 - BLD 05 - Community Center_6728438,103,1
111.0 - BLD 05_7272306,103,1
112.0 - BLD 01_7421684,92,8
112.0 - BLD 02_7613299,103,0
112.0 - BLD 03_7421651,103,1
113.0 - BLD 01_7252796,94,6
113.0 - BLD 02_6488781,94,7
113.0 - BLD 03_8322187,103,2
113.0 - BLD 04_7296111,94,7
113.0 - BLD 05_6369049,94,8
113.0 - BLD 06_6566403,94,6
113.0 - BLD 06_8632861,51,4
114.0 - BLD 01_7835168,103,2
114.0 - BLD 02 - Community Center_7704123,103,0
116.0 - WEST BRIGHTON I BLD 06_7860113_1600-87.8%,101,3
117.0 - BLD 01_7404357,101,5
117.0 - BLD 03_6790407,70,6
117.0 - BLD 03_7382879,101,0
118.0 - BLD 01_7518352,103,2
118.0 - BLD 02_7725456,103,2
118.0 - BLD 03_7725454,103,1
118.0 - BLD 04_7725479,103,4
118.0 - BLD 05_7223256,103,0
118.0 - BLD 06_7518362,103,1
118.0 - BLD 07_7515778,101,3
120.0 - BLD 01_8125615,102,6
121.0 - BLD 02_8095083,103,6
121.0 - BLD 04_6680683,102,0
121.0 - BLD 06_8660158,103,0
121.0 - BLD 09_6250421,102,1
122.0 - BLD 01_8383643,103,9
122.0 - BLD 02_8383642,101,4
122.0 - BLD 03_7754295,103,3
122.0 - BLD 06_8632116,103,4
123.0 - BLD 01_7929705,103,7
123.0 - BLD 05_8205894,74,3
124.0 - BLD 01_8545783,52,1
125.0 - BLD 01_8770735,103,2
126.0 - BLD 03_8095574,103,2
126.0 - BLD 12 - Community Center_8319527,74,4
127.0 - BLD 01_8095604,97,3
128.0 - BLD 01_6598912,103,2
128.0 - BLD 02_6598890,103,3
128.0 - BLD 03_6623243,103,0
128.0 - BLD 04_6623375,103,3
128.0 - BLD 05_7754298,103,1
129.0 - BLD 02_8096901,103,8
130.0 - MORRIS I BLD 05_8096662-58.5,102,8
131.0 - BLD 01_8095075,103,5
131.0 - BLD 02_5536400,103,4
131.0 - BLD 04_8095063,103,5
131.0 - BLD 06_6432705,102,1
132.0 - BLD 10_7209846,103,0
133.0 - BLD 01_7908199,103,1
133.0 - BLD 02_7835163,100,0
134.0 - BLD 01_8008845,103,9
135.0 - BLD 01_6698686,103,2
135.0 - BLD 02_6147187,103,6
135.0 - BLD 03_7115296,103,4
135.0 - BLD 04_7564874,103,5
135.0 - BLD 05_7703501,101,3
135.0 - BLD 06_6148530,103,4
136.0 - BLD 01_7251088,81,1
136.0 - BLD 02_7835028,103,1
136.0 - BLD 03_7125134,103,1
136.0 - BLD 04_6249590,103,8
136.0 - BLD 05_7117110,103,1
136.0 - BLD 06_5537456,66,2
136.0 - BLD 07_7223193,103,1
136.0 - BLD 08_7116223,103,3
136.0 - BLD 09_7834930,103,4
136.0 - BLD 10_5537606,103,1
136.0 - BLD 11_8256037,77,1
138.0 - BLD 01_8350138,103,0
138.0 - BLD 02_8350139,103,0
138.0 - BLD 03_8350144,103,1
138.0 - BLD 04_8200721,103,1
139.0 - BLD 01_7382887,103,13
139.0 - BLD 02_8300567,68,2
14.0 - INGERSOLL BLD 17_8661656,101,2
14.0 - INGERSOLL BLD 19_8478521,78,4
14.0 - INGERSOLL BLD 20_8572287,101,4
14.0 - INGERSOLL BLD 21_8572284,101,9
14.0 - INGERSOLL BLD 22_8478507,99,2
14.0 - INGERSOLL BLD 23_8572285,101,3
14.0 - INGERSOLL BLD 24_8478484,79,3
14.0 - INGERSOLL BLD 25_8478523,80,4
14.0 - INGERSOLL BLD 26_8478502,76,0
14.0 - INGERSOLL BLD 27_8478524,80,2
14.0 - INGERSOLL BLD 28_8478482,79,5
14.0 - INGERSOLL BLD 31_8572288,101,6
14.0 - INGERSOLL BLD 33_8572281,101,4
14.0 - INGERSOLL BLD 34_8572282,101,3
14.0 - INGERSOLL BLD 35_8572289,101,2
14.0 - INGERSOLL BLD 36_8478505,101,3
14.0 - NA_8478483,73,5
140.0 - BLD 02_8095585,103,2
140.0 - BLD 05_8095058,98,0
141.0 - BLD 01_8570520,52,2
141.0 - BLD 04_8095575,103,7
142.0 - BLD 01_7225275,103,3
142.0 - BLD 02_5536425,103,0
142.0 - BLD 03_2585398,103,2
143.0 - BLD 01_7272173,103,2
145.0 - BLD 04_8125366,103,7
145.0 - BLD 07_8009943,103,7
147.0 - BLD 08_7152047,103,0
148.0 - BLD 18_7834064,100,7
149.0 - BLD 01_8362615,103,6
149.0 - BLD 02_8362616,64,11
149.0 - BLD 02_8362617,64,6
149.0 - BLD 03_8362614,103,6
149.0 - BLD 04_7263111,103,2
15.0 - BLD 01_7890006,103,4
15.0 - BLD 02_7890017,103,4
15.0 - BLD 03_7860023,103,3
15.0 - BLD 04_7890003,103,2
150.0 - BLD 01_7692844,74,1
151.0 - BLD 03_8746903,103,0
152.0 - BLD 10_7695070,102,5
153.0 - BLD 01_7837018,103,4
153.0 - BLD 02_7272240,103,2
154.0 - BLD 01_7574782,103,0
155.0 - BLD 01_7115642,103,6
156.0 - BLD 01_7573839,103,3
157.0 - BLD 11_8350354,103,0
157.0 - BLD 12_8298907,103,3
158.0 - BLD 01_6598945,103,5
159.0 - BLD 01_7176946,100,5
159.0 - BLD 01_7835171,103,3
16.0 - BLD 17_7249845,103,2
16.0 - BROWNSVILLE BLD 01_8125870,101,2
16.0 - BROWNSVILLE BLD 02_8322431,101,3
16.0 - BROWNSVILLE BLD 03_8322424,101,0
16.0 - BROWNSVILLE BLD 04_8095213,101,3
16.0 - BROWNSVILLE BLD 05_8125869,101,11
16.0 - BROWNSVILLE BLD 07_8322437,101,0
16.0 - BROWNSVILLE BLD 08_8125866,98,1
16.0 - BROWNSVILLE BLD 09_8095207,101,0
16.0 - BROWNSVILLE BLD 11_8095208,101,1
16.0 - BROWNSVILLE BLD 12_8095205,101,3
16.0 - BROWNSVILLE BLD 13_8095216,101,0
16.0 - BROWNSVILLE BLD 14_8125619,101,0
16.0 - BROWNSVILLE BLD 15_8095211,101,1
16.0 - BROWNSVILLE BLD 16_8322413,101,2
16.0 - BROWNSVILLE BLD 18_8095212,101,0
16.0 - BROWNSVILLE BLD 19_8125626,101,4
16.0 - BROWNSVILLE BLD 21_8125620,101,1
16.0 - BROWNSVILLE BLD 22_8125621,101,0
16.0 - BROWNSVILLE BLD 23_8095214,101,0
16.0 - BROWNSVILLE BLD 24_8095203,101,5
16.0 - BROWNSVILLE BLD 25_8095215,101,1
16.0 - BROWNSVILLE BLD 26_8095310,101,3
16.0 - BROWNSVILLE BLD 27_8095218,101,0
160.0 - BLD 01_7382890,103,3
161.0 - BLD 17_5536418,101,6
162.0 - BLD 01_8074911,103,6
162.0 - BLD 02_7908851,103,6
162.0 - BLD 03_8074912,103,6
163.0 - BLD 02_8096666,103,4
163.0 - BLD 03_8096664,103,4
163.0 - BLD 03_8096667,103,6
164.0 - BLD 01_96973681,103,1
165.0 - BLD 01_99800299,103,5
165.0 - BLD 02_99261420,103,1
165.0 - BLD 03_90327795,103,3
165.0 - BLD 04_99273488,103,1
166.0 - BLD 01_7251046,103,2
166.0 - BLD 02_8078169,103,3
166.0 - BLD 03_7404621,103,8
167.0 - BLD 01_7391017,103,2
168.0 - BLD 01_7025655,103,0
168.0 - BLD 02_7025653,103,4
168.0 - BLD 03_6938089,103,0
169.0 - BLD 01_7424127,101,2
169.0 - BLD 02_8078302,100,9
169.0 - BLD 03_8072598,99,7
169.0 - BLD 04_8078330,100,5
17.0 - BLD 10 - Community Center_8319537,66,2
17.0 - JOHNSON BLD 01_8093710,77,0
17.0 - JOHNSON BLD 02_8093704,77,0
17.0 - JOHNSON BLD 03_8093691,77,0
17.0 - JOHNSON BLD 04_8093699,77,0
17.0 - JOHNSON BLD 05_8093694,77,0
17.0 - JOHNSON BLD 06_8093709,77,0
17.0 - JOHNSON BLD 07_8093698,77,0
17.0 - JOHNSON BLD 08_8093708,77,0
17.0 - JOHNSON BLD 09_8093685,77,0
17.0 - JOHNSON BLD 10_8093703,77,0
17.0 - JOHNSON BLD 10_8096449,77,0
170.0 - BLD 01_7383523,69,7
170.0 - BLD 02_6815022,69,1
170.0 - BLD 05_7861372,69,6
171.0 - BLD 01_7423999,101,5
171.0 - BLD 02_7423997,101,0
171.0 - BLD 03_8078347,100,2
172.0 - BLD 01_7383554,69,1
172.0 - BLD 02_6310852,69,1
172.0 - BLD 03_7719202,69,1
172.0 - BLD 05_6316305,69,4
173.0 - BLD 05_7834068,103,3
174.0 - BLD 01_7835156,87,6
175.0 - WEST BRIGHTON I BLD 06_7860113_7500-12.2%,101,3
176.0 - BLD 01_8127140,103,0
177.0 - BLD 07_7424138,103,4
177.0 - BLD 08_7662314,103,3
177.0 - BLD 09_5648236,103,1
178.0 - BLD 01_7834970,69,1
178.0 - BLD 11_7161453,69,3
178.0 - BLD 19_6438125,90,3
178.0 - BLD 22_6540870,85,0
178.0 - BLD 26_7692975,103,3
18.0 - NA_8093927,88,5
18.0 - NA_8096620,88,6
18.0 - NA_8096623,88,2
18.0 - NA_8096624,88,4
18.0 - NA_8096628,89,5
18.0 - NA_8142764,88,3
18.0 - NA_8142769,88,4
18.0 - NA_8142779,67,4
18.0 - NA_8142780,89,4
18.0 - NA_8142782,88,6
18.0 - NA_8142798,88,5
180.0 - BLD 01_8074850,89,4
181.0 - BLD 02_8545819,103,0
181.0 - BLD 03_5649493,102,0
182.0 - BLD 01_7719140,103,0
182.0 - BLD 02_6383272,103,0
183.0 - BLD 01_6937990,101,0
184.0 - BLD 01_7007362,91,0
185.0 - BLD 01_7272247,103,0
186.0 - BLD 01_7719178,103,1
186.0 - BLD 02_6505419,103,1
186.0 - BLD 03_6356890,103,2
186.0 - BLD 04_6395328,103,1
187.0 - BLD 01_5648200,103,0
189.0 - BLD 01_7441488,71,2
189.0 - BLD 01_7827666,72,4
189.0 - BLD 02 - Community Center_8074759,103,2
19.0 - NA_7929554,73,6
19.0 - NA_7929560,73,4
19.0 - NA_8142774,88,5
19.0 - NA_8142787,88,7
19.0 - NA_8142965,73,5
19.0 - NA_8142966,73,5
190.0 - BLD 01_7821087,101,1
191.0 - BLD 01_8350349,67,2
192.0 - BLD 01_6439097,101,4
192.0 - BLD 02_6821247,101,0
192.0 - BLD 03 - Community Center_7116125,103,0
193.0 - BLD 30_8350406,103,0
193.0 - BLD 31_8350387,103,1
193.0 - BLD 32_8200767,74,1
193.0 - BLD 33_8350393,103,0
194.0 - BLD 01_7719134,103,0
194.0 - BLD 02_7545126,103,3
194.0 - BLD 03_7821184,103,4
195.0 - BLD 01_7117134,103,4
196.0 - BLD 01_8809016,103,1
197.0 - BLD 01_8095565,102,3
198.0 - BLD 18_7838856,103,2
199.0 - BLD 01_8545803,103,0
2.0 - BLD 20_6477762,96,0
2.0 - BLD 21 - Community Center_6842671,95,4
20.0 - BLD 01_8362709,64,4
20.0 - BLD 02_8362706,64,3
20.0 - BLD 03_8322447,64,4
20.0 - BLD 04_8322448,64,4
20.0 - BLD 05_8362708,64,5
20.0 - BLD 06_8362686,64,3
20.0 - BLD 07_8362687,64,4
20.0 - BLD 08_8362688,64,4
20.0 - BLD 08_8362707,64,4
20.0 - BLD 08_8362733,64,4
20.0 - BLD 10_8571957,64,2
20.0 - BLD 11_8362689,64,4
20.0 - BLD 12_8362731,64,3
20.0 - BLD 13_8362732,64,3
200.0 - BLD 01_7272348,97,1
200.0 - BLD 02_7382876,97,0
200.0 - BLD 03_7719179,97,5
200.0 - BLD 04 - Community Center_8632495,97,3
201.0 - BLD 01_7719168,103,1
202.0 - BLD 01_8545890,103,3
203.0 - BLD 01_7466839,103,0
204.0 - BLD 01_6369212,101,4
204.0 - BLD 02_8747020,101,2
205.0 - BLD 01_7885252,103,0
205.0 - BLD 02_2934812,103,7
205.0 - BLD 02_8548081,103,2
205.0 - BLD 03_8510818,103,1
205.0 - BLD 03_8548055,52,0
205.0 - BLD 04_8088763,103,1
205.0 - BLD 05_2935620,52,0
205.0 - BLD 05_8505416,58,0
205.0 - BLD 05_8514570,51,0
205.0 - BLD 06_2935621,52,0
205.0 - BLD 06_8505033,58,0
205.0 - BLD 06_8548111,52,2
205.0 - BLD 07_8505069,103,1
205.0 - BLD 08_7955384,103,0
205.0 - BLD 09_8505034,103,0
205.0 - BLD 11_7953599,103,0
205.0 - BLD 12_6269382,103,1
205.0 - BLD 13_7995356,103,2
205.0 - BLD 16_3248091,102,1
206.0 - BLD 02_7382886,103,1
207.0 - BLD 06_7695000,103,4
207.0 - BLD 07_3197906,101,0
207.0 - BLD 08_6939913,103,0
207.0 - BLD 09_7178840,103,1
207.0 - BLD 10_7574619,103,0
207.0 - BLD 12_7703583,101,3
207.0 - BLD 13_6706773,103,0
207.0 - BLD 13_7719136,90,2
208.0 - BLD 01_8184991,102,10
208.0 - BLD 01_8545724,59,2
21.0 - BLD 01_8300966,103,4
21.0 - BLD 02_6443527,59,5
21.0 - BLD 03_6443449,100,2
21.0 - BLD 04_8267457,103,6
21.0 - BLD 05_8267460,103,6
21.0 - BLD 06_8300965,103,4
21.0 - BLD 07_8661551,103,1
21.0 - BLD 08_8267558,103,7
21.0 - BLD 09_8096396,103,9
21.0 - BLD 10_8300961,103,5
21.0 - BLD 11_8267547,103,9
21.0 - BLD 12_8267555,103,8
21.0 - BLD 14_8267461,77,9
21.0 - BLD 14_8300960,77,6
21.0 - BLD 15_8267458,102,7
21.0 - BLD 16_8267556,103,5
21.0 - BLD 17_7833954,103,3
21.0 - BLD 18_8009861,103,4
21.0 - BLD 19_7833988,103,4
21.0 - BLD 20_7833963,103,2
21.0 - BLD 21_7833964,103,5
21.0 - BLD 22_7833959,103,6
21.0 - BLD 23_7833960,103,3
21.0 - BLD 24_7833966,103,7
21.0 - BLD 25_8009854,103,4
21.0 - BLD 26_7833965,103,3
21.0 - BLD 27_7833950,103,2
210.0 - BLD 02_6529272,78,3
210.0 - BLD 03_7573620,100,0
210.0 - BLD 04_7574699,103,0
210.0 - BLD 05_7117230,103,0
210.0 - BLD 06_6599069,103,0
210.0 - BLD 07_5922822,103,5
210.0 - BLD 08_7754296,101,1
210.0 - BLD 09_6653509,98,2
210.0 - BLD 10_8448625,103,2
211.0 - BLD 01_7391516,103,0
211.0 - BLD 08_8570389,103,3
211.0 - BLD 09_8009553,103,10
214.0 - BLD 01_8349989,103,1
215.0 - BLD 01_6383266,103,0
216.0 - BLD 01_7115462,102,4
216.0 - BLD 01_7383579,94,1
218.0 - BLD 01_8448317,58,6
22.0 - BLD 01_7693527,71,2
22.0 - BLD 01_8322347,59,2
22.0 - BLD 02_8322349,59,4
22.0 - BLD 03_8095295,59,2
22.0 - BLD 04_8322345,59,1
22.0 - BLD 05_8095296,59,2
22.0 - BLD 06_8362656,59,2
22.0 - BLD 08_8095297,59,2
22.0 - BLD 08_8322352,59,3
22.0 - BLD 09_8322346,59,1
22.0 - BLD 10_8322348,59,2
22.0 - BLD 11_8095298,59,5
22.0 - BLD 12_8322344,59,1
22.0 - BLD 13_8362654,59,1
220.0 - BLD 04_7252760,103,0
221.0 - BLD 02_8631979,103,4
221.0 - BLD 03_5705181,103,2
221.0 - BLD 05_7574718,103,3
221.0 - BLD 05_8631977,103,6
222.0 - BLD 03_9053782,101,0
223.0 - BLD 01_8383867,64,1
224.0 - BLD 01_7209833,103,0
225.0 - BLD 01_8350458,70,0
228.0 - BLD 01_5706546,103,0
228.0 - BLD 02_7466780,71,2
228.0 - BLD 04_5704895,103,0
228.0 - BLD 06 - Community Center_6443504,103,0
228.0 - NA_7838764,100,3
229.0 - BLD 01_8448796,58,0
229.0 - BLD 02_7695015,85,2
229.0 - BLD 02_8393792,61,1
229.0 - BLD 02_8448795,59,5
23.0 - WALD BLD 01_8142768,87,3
23.0 - WALD BLD 02_8096640,88,4
23.0 - WALD BLD 03_8096626,88,3
23.0 - WALD BLD 04_8142775,88,5
23.0 - WALD BLD 05_8093921,88,3
23.0 - WALD BLD 06_8322243,88,5
23.0 - WALD BLD 07_7929552,88,4
23.0 - WALD BLD 08_8096621,88,3
23.0 - WALD BLD 09_7929571,88,5
23.0 - WALD BLD 10_8096625,88,5
23.0 - WALD BLD 11_8096622,88,5
23.0 - WALD BLD 12_8321865,88,6
23.0 - WALD BLD 13_8142763,88,5
23.0 - WALD BLD 14_7929558,88,4
23.0 - WALD BLD 15_8095198,63,4
23.0 - WALD BLD 16_8095196,63,3
23.0 - WALD BLD 17_8096619,88,1
230.0 - BLD 01_7025562,103,3
230.0 - BLD 03_8768343,102,3
230.0 - BLD 05_8448234,63,1
230.0 - BLD 06_8768345,103,1
230.0 - BLD 07_6356783,102,0
230.0 - BLD 08_7837000,103,2
231.0 - BLD 03_7117273,99,0
231.0 - BLD 07_8448279,59,1
232.0 - BLD 01_5706459,103,2
233.0 - BLD 01 - Community Center_8072540,102,2
233.0 - BLD 01_8072539,103,4
234.0 - BLD 01_6867547,103,1
234.0 - BLD 02_6822570,103,4
234.0 - BLD 05_6815000,103,4
235.0 - BLD 01_7505240,101,9
236.0 - BLD 01_7719778,103,0
237.0 - BLD 01_7031076,103,4
237.0 - BLD 02_7209822,103,2
238.0 - BLD 01_7404459,69,8
239.0 - BLD 01_7573694,103,0
24.0 - BLD 01_7889794,103,2
24.0 - BLD 02_7889789,103,1
24.0 - BLD 03_7889798,103,6
24.0 - BLD 04_7889812,103,1
24.0 - BLD 05_7889811,103,2
24.0 - BLD 06_7889786,103,2
24.0 - BLD 07_7889787,80,6
24.0 - BLD 08_7889780,103,1
24.0 - BLD 09_7889801,103,1
24.0 - BLD 10_7889785,103,2
24.0 - BLD 11_7889830,103,3
24.0 - BLD 12_7889790,103,3
24.0 - BLD 13_7889829,103,0
24.0 - BLD 14_7889832,103,2
24.0 - BLD 15_7889779,103,1
240.0 - BLD 01_7695001,102,3
240.0 - BLD 02_5649563,102,0
240.0 - BLD 03_7545100,103,0
241.0 - BLD 01_7505088,103,0
242.0 - BLD 01_6250406,103,5
243.0 - BLD 01_7719116,103,3
243.0 - BLD 04_7719126,103,7
243.0 - BLD 07_8095054,103,0
243.0 - BLD 07_8095078,103,1
243.0 - BLD 16 - Community Center_7719191,80,0
245.0 - BLD 34_7252789,103,4
245.0 - BLD 35_8350389,103,1
245.0 - BLD 36_8350388,103,0
246.0 - BLD 01_8545895,103,0
247.0 - BLD 01_7424135,103,1
247.0 - BLD 02_8072720,102,5
247.0 - BLD 03_3276276,103,4
247.0 - BLD 03_4047142,103,2
247.0 - BLD 04 - Community Center_6540936,103,3
247.0 - BLD 04_5705455,103,0
247.0 - BLD 06 - Community Center_7424243,103,3
25.0 - BLD 01_8142997,100,4
25.0 - BLD 02_8143007,100,10
25.0 - BLD 04_8143003,87,9
25.0 - BLD 04_8143013,87,5
25.0 - BLD 05_8143000,100,3
25.0 - BLD 06_8143014,100,4
25.0 - BLD 07_8143011,100,4
25.0 - BLD 08_8143010,100,9
25.0 - BLD 09_7929883,100,10
25.0 - BLD 10_8143002,100,1
25.0 - BLD 11_8143005,87,8
25.0 - BLD 12_8301080,50,2
25.0 - BLD 13_8143009,100,1
25.0 - BLD 14_8301079,50,4
252.0 - BLD 01_7972522,103,0
252.0 - BLD 02_7834070,103,3
252.0 - BLD 03_7692890,103,2
256.0 - BLD 01_8301116,103,0
26.0 - BLD 01_8142853,76,2
26.0 - BLD 02_8142869,76,3
26.0 - BLD 03_8142872,76,5
26.0 - BLD 04_8142865,76,3
26.0 - BLD 05_8142861,76,2
26.0 - BLD 06_8142858,76,2
26.0 - BLD 07_8142894,76,5
26.0 - BLD 08_8142889,76,5
26.0 - BLD 09_8142859,76,5
26.0 - BLD 10_8142857,76,4
26.0 - BLD 12_8142863,64,8
26.0 - BLD 13_8142856,76,1
26.0 - BLD 15_8142878,76,2
26.0 - BLD 16_8142870,76,7
26.0 - BLD 17_8142866,76,3
26.0 - BLD 18_8142882,76,5
26.0 - BLD 19_8142881,76,2
26.0 - BLD 20_8142880,76,3
26.0 - BLD 21_8142867,76,3
26.0 - BLD 22_8142860,76,1
26.0 - BLD 23_8142871,76,5
261.0 - BLD 01_8072739,80,1
261.0 - BLD 02_7545070,102,0
261.0 - BLD 03_7754299,102,3
261.0 - BLD 04_7754297,102,2
261.0 - BLD 05_5536038,102,1
262.0 - BLD 01_7695093,103,0
262.0 - BLD 02 - Community Center_7574678,103,0
262.0 - BLD 02_7574659,103,0
263.0 - BLD 01_8300405,100,2
263.0 - BLD 02_7231407,72,1
263.0 - BLD 03_5933730,103,0
263.0 - BLD 04_7260357,103,0
263.0 - BLD 05_7572901,103,1
263.0 - BLD 06_7231580,103,0
263.0 - BLD 07_5705021,102,2
263.0 - BLD 08_5707103,103,3
264.0 - BLD 01_6025786,103,0
265.0 - BLD 01_7031117,103,0
266.0 - BLD 01_7834060,103,7
267.0 - BLD 01_8322189,103,6
267.0 - BLD 02_7252800,103,0
267.0 - BLD 03_7837188,103,0
267.0 - BLD 03_8661312,103,0
268.0 - BLD 01_6211908,102,13
268.0 - BLD 01_6443251,102,9
27.0 - BLD 01_8362679,63,5
27.0 - BLD 02_8322389,63,4
27.0 - BLD 03_8322406,63,4
27.0 - BLD 04_8322397,63,4
27.0 - BLD 05_8322386,63,3
27.0 - BLD 06_8322391,63,4
27.0 - BLD 07_8322405,63,5
27.0 - BLD 08_8322404,63,2
27.0 - BLD 09_8322387,63,2
27.0 - BLD 10_7930198,63,3
27.0 - BLD 11_8322093,63,3
27.0 - BLD 12_8322396,63,4
271.0 - BLD 10_5536935,61,2
271.0 - BLD 11_8232049,103,6
276.0 - BLD 01_7703521,103,0
276.0 - BLD 02_3197994,92,0
276.0 - BLD 03_8300510,57,1
276.0 - BLD 04_7209938,103,0
277.0 - BLD 01_7693534,103,0
278.0 - BLD 23_6540608,79,4
278.0 - BLD 24_8123249,79,3
278.0 - BLD 25_2580529,79,5
278.0 - BLD 26_2180293,56,5
278.0 - BLD 26_6312226,79,3
278.0 - BLD 27_7297008,79,4
278.0 - BLD 28_6438677,79,5
278.0 - BLD 28_6626444,79,3
278.0 - BLD 29_5772930,79,2
278.0 - BLD 30_2770823,79,5
278.0 - BLD 31_2763430,79,4
278.0 - BLD 32_7890501,79,3
278.0 - BLD 33_5483261,67,4
278.0 - BLD 34_4905626,79,3
278.0 - BLD 35_7833799,79,9
278.0 - BLD 36_2640874,69,2
279.0 - BLD 01_3552903,101,1
279.0 - BLD 01_3703376,101,0
279.0 - BLD 01_7929572,102,4
28.0 - BLD 01_8125780,83,5
28.0 - BLD 02_7930001,83,6
28.0 - BLD 03_7930003,83,4
28.0 - BLD 04_8096607,83,6
28.0 - BLD 05_7929977,83,4
28.0 - BLD 06_8096601,83,5
28.0 - BLD 07_8096605,83,6
28.0 - BLD 08_8093918,83,6
28.0 - BLD 09 - Community Center_8570506,101,0
280.0 - BLD 01_8349972,103,3
280.0 - BLD 02_8349994,103,4
280.0 - BLD 03_8349995,103,4
280.0 - BLD 04_8561805,103,0
280.0 - BLD 05_8349996,103,7
280.0 - BLD 06_8349997,103,5
280.0 - BLD 07_8350178,103,6
281.0 - BLD 01_8205902,71,3
282.0 - BLD 01_6147844,95,4
285.0 - BLD 01_6251262,102,1
285.0 - BLD 02_6370152,102,1
285.0 - BLD 03_7117249,103,3
285.0 - BLD 04_7441733,102,2
285.0 - BLD 05_6415043,91,2
286.0 - BLD 03_7125119,103,2
286.0 - BLD 04_7835020,103,1
287.0 - BLD 01 - Community Center_8545700,103,7
287.0 - BLD 01_8545699,59,0
29.0 - BLD 01_8232121,103,4
29.0 - BLD 02_8232113,103,5
29.0 - BLD 03_8232100,103,4
29.0 - BLD 04_8232099,103,4
29.0 - BLD 05_8096712,53,3
29.0 - BLD 06_8232109,103,7
29.0 - BLD 07_8232123,103,6
29.0 - BLD 08_8232114,103,6
29.0 - BLD 09_8232101,103,6
29.0 - BLD 10_8232107,103,4
292.0 - BLD 01_5321429,102,8
292.0 - BLD 01_8465000,61,1
292.0 - BLD 01_8633611,97,5
292.0 - BLD 02_8361385,65,1
293.0 - BLD 01_5397806,103,9
293.0 - BLD 01_7505066,103,3
293.0 - BLD 03_7268715,95,2
293.0 - BLD 04_7268714,103,10
293.0 - BLD 05_7262872,72,3
296.0 - BLD 01_7406137,103,3
296.0 - BLD 02_5646098,58,1
296.0 - BLD 03_7677488,103,1
297.0 - BLD 01_5933799,92,0
297.0 - BLD 01_7860262,103,1
3.0 - BLD 01_8095249,96,2
3.0 - BLD 01_8095265,96,6
3.0 - BLD 02_8095247,96,5
3.0 - BLD 02_8095261,96,8
3.0 - BLD 03_8095248,96,8
3.0 - BLD 03_8095260,96,7
3.0 - BLD 04_8095271,96,5
3.0 - BLD 04_8095273,96,6
3.0 - BLD 05_8095259,96,5
3.0 - BLD 05_8095262,96,5
3.0 - BLD 06_8095266,96,3
3.0 - BLD 06_8095274,96,3
3.0 - BLD 07_8095250,96,3
3.0 - BLD 07_8095264,96,4
30.0 - BLD 01_8362650,60,4
30.0 - BLD 02_8362653,60,4
30.0 - BLD 03_8362651,60,5
30.0 - BLD 04 - Community Center_6673159,102,8
30.0 - BLD 04_8095311,60,2
30.0 - BLD 05_7930155,60,3
30.0 - BLD 06_7930178,60,1
30.0 - BLD 07_7423781,60,4
30.0 - BLD 08_8075319,60,4
30.0 - BLD 09_7930182,60,4
30.0 - BLD 10_8075306,60,3
302.0 - BLD 01_8023364,103,4
302.0 - BLD 01_8088709,103,9
302.0 - BLD 02_7608926,95,0
302.0 - BLD 03_7245207,69,3
302.0 - BLD 04_8074786,103,3
302.0 - BLD 05_6036863,103,0
302.0 - BLD 06_8160663,103,4
302.0 - BLD 07_6699321,103,0
302.0 - BLD 08_7661864,103,0
302.0 - BLD 09_5647341,103,3
302.0 - BLD 10_7972651,101,0
302.0 - BLD 11_7390166,103,5
302.0 - BLD 12_7517708,82,3
302.0 - BLD 13_8071773,101,2
302.0 - BLD 14_8881052,103,3
302.0 - BLD 15_4906172,103,0
302.0 - BLD 16_7161135,100,5
302.0 - BLD 17_7356812,103,4
302.0 - BLD 18_8071844,101,0
302.0 - BLD 19_5776059,103,2
302.0 - BLD 20_5919677,103,7
302.0 - BLD 21_7564361,103,5
302.0 - BLD 22_8071840,101,3
302.0 - BLD 23_7972648,101,0
302.0 - BLD 24_7423125,103,6
302.0 - BLD 25_6646996,103,0
303.0 - BLD 26_7423124,102,1
303.0 - BLD 27_7363429,103,4
303.0 - BLD 28_7442728,102,3
303.0 - BLD 29_7390591,103,3
303.0 - BLD 30_7423127,103,1
303.0 - BLD 31_8002323,103,1
303.0 - BLD 32_7210780,103,1
303.0 - BLD 33_7515357,103,3
303.0 - BLD 34_4911399,92,2
303.0 - BLD 35_7662909,103,0
303.0 - BLD 36_7442599,103,3
303.0 - BLD 37_8071839,103,0
303.0 - BLD 38_8444333,62,5
303.0 - BLD 39_7972649,103,9
303.0 - BLD 40_8074787,101,4
303.0 - BLD 41_7661684,103,7
303.0 - BLD 42_7390980,103,1
303.0 - BLD 43_8076491,80,0
303.0 - BLD 44_6360233,103,0
303.0 - BLD 45_7545428,103,6
303.0 - BLD 46_7347348,103,1
303.0 - BLD 47_7564364,103,1
303.0 - BLD 48_5775022,103,2
303.0 - BLD 49_7390981,103,2
303.0 - BLD 50_8165265,102,18
303.0 - BLD 51 - Community Center_6484303,103,1
304.0 - BLD 01_7114306,103,0
304.0 - BLD 02_7116709,103,5
304.0 - BLD 03_5646601,51,1
304.0 - BLD 03_8574015,50,4
304.0 - BLD 04_7382285,103,2
304.0 - BLD 05_6245330,103,0
305.0 - BLD 01_5389430,98,0
305.0 - BLD 01_7347051,97,3
305.0 - BLD 02_5931404,101,3
305.0 - BLD 02_7838309,101,2
305.0 - BLD 04_6671915,51,1
305.0 - BLD 04_8089783,100,18
307.0 - BLD 01_8561944,102,4
307.0 - BLD 02_8200763,83,0
307.0 - BLD 03_6243553,103,0
307.0 - BLD 04_7363075,103,0
307.0 - BLD 05_4012466,103,1
307.0 - BLD 06_8741239,103,7
308.0 - BLD 01_5017672,103,4
308.0 - BLD 01_5017684,103,0
308.0 - BLD 01_7405988,68,3
308.0 - BLD 02_8445002,103,4
308.0 - BLD 03_7930369,68,3
308.0 - BLD 04_7835151,103,2
308.0 - BLD 05_6621147,103,0
309.0 - BLD 01_5159431,103,2
309.0 - BLD 01_6383071,103,0
31.0 - ALBANY BLD 01_4580863,57,0
31.0 - ALBANY BLD 02_5081895,76,0
31.0 - ALBANY BLD 03_5081734,73,0
31.0 - ALBANY BLD 04_7662330,76,0
311.0 - BLD 01_4950319,103,0
311.0 - BLD 01_7250278,103,0
311.0 - BLD 02_5652259,69,2
311.0 - BLD 03_5704985,103,1
312.0 - BLD 01_8072876,102,11
312.0 - BLD 07_7908830,103,1
312.0 - BLD 1_7272594,103,0
312.0 - BLD 3_7908606,103,0
313.0 - BLD 01 - Community Center_7356823,102,0
313.0 - BLD 01_7891031,93,0
313.0 - BLD 02_7891032,102,14
313.0 - BLD 03_7891030,95,11
313.0 - BLD 04_7891029,102,8
313.0 - BLD 05_7908612,103,8
314.0 - BLD 01_5032388,103,14
314.0 - BLD 01_7404348,103,2
315.0 - BLD 01_4948246,102,6
315.0 - BLD 01_6625874,103,5
315.0 - BLD 02_4965362,102,2
315.0 - BLD 02_4965627,102,4
315.0 - BLD 02_7692834,103,1
315.0 - BLD 03 - Community Center_7703609,103,3
316.0 - BLD 01_4684400,102,6
316.0 - BLD 01_4684432,102,7
316.0 - BLD 01_4684454,102,12
316.0 - BLD 01_4946700,101,2
316.0 - BLD 01_4952060,102,1
316.0 - BLD 01_4952091,102,6
316.0 - BLD 01_4952101,102,4
316.0 - BLD 01_4952111,101,3
316.0 - BLD 01_4952115,102,7
316.0 - BLD 01_4952116,102,0
316.0 - BLD 01_4952135,69,7
316.0 - BLD 01_5003866,101,2
316.0 - BLD 01_5367449,102,9
316.0 - BLD 01_6938558,102,2
316.0 - BLD 01_7406023,102,3
32.0 - BLD 01_8322128,91,5
32.0 - BLD 02_8125316,91,6
32.0 - BLD 03_8093923,103,6
32.0 - BLD 04_8096650,103,4
32.0 - BLD 05_8096632,103,8
32.0 - BLD 06_8096633,103,5
32.0 - BLD 07_8096631,92,4
32.0 - BLD 07_8096637,92,9
32.0 - BLD 09_8096647,103,4
32.0 - BLD 10 - Community Center_7836344,103,6
324.0 - BLD 01_5423595,69,6
324.0 - BLD 02_4888149,103,2
324.0 - BLD 02_7390712,103,2
324.0 - BLD 03_7891053,101,0
324.0 - BLD 03_8466252,103,10
324.0 - BLD 04_7442721,94,3
324.0 - BLD 04_7706972,102,0
324.0 - BLD 05_7545431,101,0
324.0 - BLD 05_8881064,101,1
325.0 - BLD 01_7273048,101,3
325.0 - BLD 01_7382498,95,2
325.0 - BLD 02 - Community Center_8888116,101,2
325.0 - BLD 02_6505091,102,2
326.0 - BLD 01_6790321,103,1
326.0 - BLD 02_5647227,102,1
326.0 - BLD 03_7115356,103,0
326.0 - BLD 04_7268751,103,0
326.0 - BLD 05_7268750,103,0
329.0 - BLD 01_6246111,102,2
33.0 - BLD 01_8125819,82,6
33.0 - BLD 02_8125824,82,5
33.0 - BLD 03_8125827,82,4
33.0 - BLD 04_8125825,82,5
33.0 - BLD 05_8125823,82,2
33.0 - BLD 06_8125830,82,4
33.0 - BLD 07_8125834,82,1
33.0 - BLD 08_8125817,82,0
33.0 - BLD 09_8125822,82,6
33.0 - BLD 10_8125818,82,6
33.0 - BLD 11_8125828,82,6
33.0 - BLD 12_8125821,82,1
33.0 - BLD 13_8125820,82,7
33.0 - BLD 14_8125829,82,5
33.0 - BLD 15_8125833,82,4
33.0 - BLD 16_8125813,82,4
33.0 - BLD 17_8321870,82,7
33.0 - BLD 18_8125808,82,3
33.0 - BLD 19_8096392,82,8
33.0 - BLD 20_8125814,82,3
330.0 - BLD 01_7913169,102,4
330.0 - BLD 02_6548490,72,4
331.0 - BLD 03_7268716,103,10
331.0 - BLD 04_6679825,103,10
333.0 - BLD 01_8561083,103,15
334.0 - BLD 01_8002479,103,3
334.0 - BLD 02_8093141,103,0
334.0 - BLD 03_7836967,101,0
334.0 - BLD 03_8084241,101,4
335.0 - BLD 01_6245931,103,0
335.0 - BLD 02_6242998,99,1
335.0 - BLD 03_8443906,62,0
335.0 - BLD 04_6036736,103,0
335.0 - BLD 05_8319562,66,3
335.0 - BLD 06_6540508,103,0
335.0 - BLD 07_7295341,101,0
335.0 - BLD 08_7518002,103,1
335.0 - BLD 09_6671626,103,0
336.0 - BLD 01_7545119,103,0
336.0 - BLD 02_7834992,103,3
336.0 - BLD 03_7719769,103,1
337.0 - BLD 02_8076862,102,16
337.0 - BLD 03_5503301,98,0
337.0 - BLD 03_5503302,103,9
337.0 - BLD 03_5651747,96,3
337.0 - BLD 04_5427055,97,6
337.0 - BLD 04_7346971,100,0
337.0 - BLD 05_7295772,103,3
338.0 - BLD 01_6246539,103,1
338.0 - BLD 02_5329661,103,5
338.0 - BLD 03_7690748,102,2
338.0 - BLD 04_6617365,102,0
338.0 - BLD 04_7505176,102,5
338.0 - BLD 05_6651022,100,6
338.0 - BLD 05_8375549,62,0
338.0 - BLD 06_7663421,103,1
338.0 - BLD 07_7264499,103,0
339.0 - BLD 01_8072899,101,1
339.0 - BLD 02_7951784,103,2
339.0 - BLD 02_7951785,103,5
339.0 - BLD 02_7972625,101,2
339.0 - BLD 03_8072894,95,2
339.0 - BLD 04_7660317,102,0
339.0 - BLD 05_5429735,102,0
34.0 - BLD 01_7929840,103,4
34.0 - BLD 02_7929846,103,4
34.0 - BLD 03_7860095,103,6
34.0 - BLD 04_7929825,103,3
34.0 - BLD 05_7860107,103,3
34.0 - BLD 06_7929830,103,5
34.0 - BLD 07_8008347,103,7
34.0 - BLD 08_8096728,103,4
34.0 - BLD 09_7929928,103,2
34.0 - BLD 10_7929845,103,3
340.0 - BLD 01_7272396,82,0
340.0 - BLD 01_7334265,82,5
341.0 - BLD 01_7706532,103,0
341.0 - BLD 02_6311007,103,1
341.0 - BLD 03_7505179,103,0
341.0 - BLD 04_7835072,103,2
342.0 - BLD 01_6382700,101,0
342.0 - BLD 01_8089804,101,0
343.0 - BLD 01_4585919,103,0
343.0 - BLD 01_4587383,103,2
343.0 - BLD 01_4588085,103,7
343.0 - BLD 01_4589156,103,0
343.0 - BLD 01_4591105,103,0
343.0 - BLD 01_4609856,103,5
343.0 - BLD 01_4613122,103,7
343.0 - BLD 01_4651458,103,5
343.0 - BLD 01_4817430,103,3
343.0 - BLD 01_5096104,103,5
343.0 - BLD 01_5096992,103,14
343.0 - BLD 01_5106231,103,2
343.0 - BLD 01_5116615,103,2
343.0 - BLD 01_5116640,103,3
343.0 - BLD 01_5135198,103,2
343.0 - BLD 01_5165466,103,5
343.0 - BLD 01_5169035,103,0
343.0 - BLD 01_5308256,103,2
343.0 - BLD 01_5470999,103,8
343.0 - BLD 01_6911424,103,0
343.0 - BLD 01_7613341,103,3
344.0 - BLD 01_8200623,99,1
345.0 - BLD 01_8074665,103,0
345.0 - BLD 02_8074670,103,1
345.0 - BLD 03_7564319,103,0
346.0 - BLD 01_8443716,103,1
346.0 - BLD 02_8506872,61,6
346.0 - BLD 03_8298891,103,0
347.0 - BLD 01_7821818,103,1
348.0 - BLD 01_8559220,103,3
348.0 - BLD 02_7864477,53,0
348.0 - BLD 03_8072875,103,7
35.0 - BLD 05_8008857,103,7
351.0 - BLD 01_8558900,103,3
351.0 - BLD 02_8002300,103,0
351.0 - BLD 03_8558927,103,6
351.0 - BLD 04_5301136,61,1
351.0 - BLD 04_7371966,102,3
351.0 - BLD 06_8074788,100,9
351.0 - BLD 07_8002301,97,2
351.0 - BLD 09_8072874,102,0
352.0 - BLD 01_7707533,103,2
352.0 - BLD 03_6414930,103,3
352.0 - BLD 03_7855286,103,3
352.0 - BLD 04_7390699,103,1
352.0 - BLD 05_6789690,103,1
353.0 - BLD 01_5378902,97,5
353.0 - BLD 01_6566083,100,2
353.0 - BLD 01_7382395,101,1
353.0 - BLD 02_7838211,101,3
354.0 - BLD 01_7707460,88,5
354.0 - BLD 02_7248220,103,0
354.0 - BLD 02_7754374,98,6
354.0 - BLD 02_7754375,103,13
354.0 - BLD 03_7864437,103,9
354.0 - BLD 04_8560244,50,4
354.0 - BLD 05_7864435,103,0
354.0 - BLD 06_7689728,103,3
354.0 - BLD 07_7864482,103,5
354.0 - BLD 08_7661513,103,1
355.0 - BLD 01_7406192,103,1
355.0 - BLD 01_7906666,103,2
356.0 - BLD 01_6844157,101,1
356.0 - BLD 02_7382284,101,2
356.0 - BLD 03_6385701,55,0
356.0 - BLD 04_6766530,101,6
356.0 - BLD 05_7382287,101,0
356.0 - BLD 06_6385578,101,0
357.0 - BLD 01_7821110,103,5
357.0 - BLD 02_6143488,102,0
357.0 - BLD 03_7864272,103,0
357.0 - BLD 04_7449953,101,14
358.0 - BLD 02_7972624,103,0
358.0 - BLD 03_7891078,103,0
359.0 - BLD 01_6498473,103,2
360.0 - BLD 02_7406050,103,3
360.0 - BLD 03_6626072,103,0
360.0 - BLD 04_7821275,103,1
362.0 - BLD 01_5651104,103,2
362.0 - BLD 02_5705166,96,2
363.0 - BLD 01_7247458,101,5
364.0 - BLD 01_6315677,103,1
364.0 - BLD 02_8562414,57,1
365.0 - BLD 01_8560238,86,2
365.0 - BLD 03_8444065,103,2
365.0 - BLD 04_8559292,62,0
365.0 - BLD 05_8444073,61,0
365.0 - BLD 06_7907868,103,1
365.0 - BLD 07_8002302,101,0
365.0 - BLD 07_8090262,70,7
365.0 - BLD 08_8444076,80,6
366.0 - BLD 01_8444088,61,1
366.0 - BLD 02_8444086,103,0
366.0 - BLD 03_8558926,103,6
366.0 - BLD 04_8074789,102,2
366.0 - BLD 05_8072898,101,1
367.0 - BLD 02_8185231,82,0
367.0 - BLD 05_7245306,103,0
367.0 - BLD 07_6540562,103,3
367.0 - BLD 10_6565900,103,4
367.0 - BLD 13_5706393,103,2
368.0 - BLD 01_8444074,103,4
368.0 - BLD 02_8298393,54,2
368.0 - BLD 03_8712542,103,4
368.0 - BLD 04_6621062,103,0
368.0 - BLD 05_7663190,103,0
368.0 - BLD 06_5777987,103,1
368.0 - BLD 07_8072900,103,2
369.0 - BLD 01_6249766,103,4
369.0 - BLD 02_6249758,93,5
369.0 - BLD 03_8072571,103,4
37.0 - BLD 01_8478380,64,4
37.0 - BLD 02_8266790,77,3
37.0 - BLD 03_8266792,99,3
37.0 - BLD 04_8266797,77,3
37.0 - BLD 05_8266791,99,3
37.0 - BLD 06_8266788,99,6
37.0 - BLD 07_8266785,77,5
37.0 - BLD 08_8266789,77,5
370.0 - BLD 02_7297380,102,7
370.0 - BLD 02_8382880,100,1
370.0 - BLD 03_6244352,102,2
370.0 - BLD 04_6244328,103,5
371.0 - BLD 01_8544035,101,3
371.0 - BLD 02_6319404,102,0
371.0 - BLD 02_7161124,102,0
371.0 - BLD 03_6504691,102,2
377.0 - BLD 01_8924393,103,2
377.0 - BLD 02_6036169,103,0
377.0 - BLD 03_8769564,103,5
377.0 - BLD 04_6528917,103,2
377.0 - BLD 05_6707470,103,11
377.0 - BLD 06_7890555,103,0
377.0 - BLD 07_7356333,103,14
377.0 - BLD 08_7356676,103,1
377.0 - BLD 09_7406139,102,5
377.0 - BLD 10_8023048,103,0
377.0 - BLD 11_5777838,103,1
377.0 - BLD 12_7165648,103,6
377.0 - BLD 13_6034136,103,3
377.0 - BLD 14_7356150,103,0
377.0 - BLD 15_6728853,103,2
377.0 - BLD 16_5646184,102,2
377.0 - BLD 17_7372018,103,0
377.0 - BLD 18_8096131,103,1
377.0 - BLD 19_6882299,103,2
377.0 - BLD 20_8404464,62,1
377.0 - BLD 21_5932559,103,3
377.0 - BLD 22_7890509,103,1
377.0 - BLD 23_6034130,102,2
377.0 - BLD 24_7423404,103,5
377.0 - BLD 25_7405987,103,1
377.0 - BLD 26_7207900,103,0
377.0 - BLD 27_7821988,103,0
377.0 - BLD 28_7356331,103,2
377.0 - BLD 29_6539605,103,3
377.0 - BLD 30_5931752,103,0
377.0 - BLD 31_7356315,103,6
377.0 - BLD 32_7707116,103,6
377.0 - BLD 33_7837960,103,0
377.0 - BLD 34_6029018,103,2
377.0 - BLD 35_5922035,103,0
377.0 - BLD 36_7707614,103,0
377.0 - BLD 37_7406138,103,4
377.0 - BLD 38_8466768,60,0
377.0 - BLD 44_6852237,103,9
377.0 - BLD 45_7564288,103,2
377.0 - BLD 48 - Community Center_5705928,103,3
377.0 - BLD 48 - Community Center_5922581,103,1
377.0 - BLD 48 - Community Center_7706326,103,2
38.0 - BLD 01_8266800,79,2
38.0 - BLD 02_8266813,79,4
38.0 - BLD 03_8266814,79,4
38.0 - BLD 05_8266806,79,2
38.0 - BLD 06_8266805,79,4
38.0 - BLD 07_8322045,79,1
38.0 - BLD 08_8661635,79,4
38.0 - BLD 09_8478444,79,2
38.0 - BLD 10_8266809,79,5
38.0 - BLD 11_8266808,79,2
38.0 - BLD 13_8266811,79,5
389.0 - BLD 39_6699106,103,0
389.0 - BLD 40_7406150,103,1
389.0 - BLD 41_5912442,103,0
389.0 - BLD 42_5932522,103,1
389.0 - BLD 43_7025285,103,15
39.0 - BLD 01_7929837,102,5
39.0 - BLD 02_7929786,101,6
39.0 - BLD 03_7890053,102,1
39.0 - BLD 04_8094064,102,2
39.0 - BLD 04_8095282,101,5
39.0 - BLD 05_8008964,101,1
39.0 - BLD 06_7929839,101,3
39.0 - BLD 07_7700760,103,4
39.0 - BLD 07_8008955,101,5
39.0 - BLD 09_7890025,101,2
39.0 - BLD 10_7890032,101,1
39.0 - BLD 11_7860121,102,5
39.0 - BLD 12_7860131,103,1
39.0 - BLD 14_7929835,101,3
39.0 - BLD 15_7860139,102,8
39.0 - BLD 15_7929828,101,2
39.0 - BLD 16_7889937,103,2
39.0 - BLD 17_7889893,103,4
39.0 - BLD 18_8095572,103,1
39.0 - BLD 19_8125345,103,3
39.0 - BLD 20_8095571,103,4
39.0 - BLD 21_8125346,103,6
39.0 - BLD 22_8095568,103,5
39.0 - BLD 23_8095570,103,9
398.0 - BLD 46_7390756,103,1
399.0 - BLD 47_6145129,103,2
4.0 - RED HOOK EAST BLD 14_6541124,69,4
40.0 - BLD 01_7889978,103,5
40.0 - BLD 02_8095576,103,4
40.0 - BLD 03_8095573,103,6
40.0 - BLD 04_8095235,103,3
40.0 - BLD 05_8093972,103,2
40.0 - BLD 06_8093936,103,4
41.0 - BLD 01_8142948,64,3
41.0 - BLD 02_8142950,64,6
41.0 - BLD 03_8142947,64,4
41.0 - BLD 04_8142957,64,6
41.0 - BLD 05_8142949,64,5
41.0 - BLD 06_8142951,64,4
41.0 - BLD 07_8142976,64,5
41.0 - BLD 08_8142941,64,1
42.0 - BLD 07_8008856,103,3
44.0 - BLD 15 - Community Center_8078327,99,4
45.0 - BLD 01_7859814,103,4
45.0 - BLD 02_7929773,103,7
45.0 - BLD 03_7860101,103,6
45.0 - BLD 04_7890058,103,3
45.0 - BLD 06_7859944,103,4
45.0 - BLD 06_7929778,103,4
45.0 - BLD 07_7859876,103,7
47.0 - BLD 01_7860124,102,5
47.0 - BLD 02_7929779,102,3
47.0 - BLD 03_7929577,102,4
47.0 - BLD 04_7890045,102,2
47.0 - BLD 05_7929706,102,6
47.0 - BLD 06_7930082,102,2
47.0 - BLD 07_7929578,102,4
47.0 - BLD 08_7890060,102,6
47.0 - BLD 09_7930083,102,3
47.0 - BLD 10_7929709,102,4
47.0 - BLD 11_7929788,102,6
47.0 - BLD 14_7929701,102,1
48.0 - BLD 01_8096926,81,2
48.0 - BLD 01_8125734,81,4
48.0 - BLD 02_8125735,81,2
48.0 - BLD 03_8125718,81,2
48.0 - BLD 04_8125744,81,0
48.0 - BLD 06_8125736,81,3
48.0 - BLD 07_8125715,81,5
48.0 - BLD 09_8125741,81,0
48.0 - BLD 10_8125739,81,2
48.0 - BLD 11_8125728,81,0
48.0 - BLD 12_8125743,81,3
48.0 - BLD 13_8125722,82,2
48.0 - BLD 14_8125714,81,2
48.0 - BLD 14_8125724,81,5
48.0 - BLD 15_8125742,81,3
48.0 - BLD 16_8125729,81,1
48.0 - BLD 17_7834071,81,3
48.0 - BLD 18_8125719,81,3
48.0 - BLD 19_8125738,81,1
48.0 - BLD 20_8096925,81,4
48.0 - BLD 21_8125732,81,4
48.0 - BLD 21_8125737,81,2
48.0 - BLD 22_8125727,81,1
48.0 - BLD 23_8125726,81,3
48.0 - BLD 24_8125709,81,4
48.0 - BLD 25_8125731,81,1
48.0 - BLD 26_8125720,81,3
48.0 - BLD 27_8125721,81,3
48.0 - BLD 27_8125725,81,2
48.0 - BLD 30_8125733,81,1
48.0 - BLD 31_8125730,81,3
49.0 - BLD 01_8095303,101,3
49.0 - BLD 02_8095304,101,5
49.0 - BLD 03_8095318,101,4
49.0 - BLD 04_8096592,87,2
49.0 - BLD 05_8093909,87,5
49.0 - BLD 06_8093910,101,4
49.0 - BLD 07_8093912,88,3
49.0 - BLD 07_8093922,88,6
49.0 - BLD 08_8096395,101,4
49.0 - BLD 09_8093911,101,2
49.0 - BLD 10_8362683,67,3
5.0 - NA_7526742,58,5
5.0 - QUEENSBRIDGE SOUTH BLD 05_8093806,78,0
5.0 - QUEENSBRIDGE SOUTH BLD 05_8093808,76,4
5.0 - QUEENSBRIDGE SOUTH BLD 05_8093824,78,0
5.0 - QUEENSBRIDGE SOUTH BLD 05_8125693,78,2
5.0 - QUEENSBRIDGE SOUTH BLD 05_8125697,78,1
5.0 - QUEENSBRIDGE SOUTH BLD 06_8093817,78,0
5.0 - QUEENSBRIDGE SOUTH BLD 06_8093826,78,2
5.0 - QUEENSBRIDGE SOUTH BLD 06_8093827,78,4
5.0 - QUEENSBRIDGE SOUTH BLD 07_8093809,70,3
5.0 - QUEENSBRIDGE SOUTH BLD 07_8093828,78,3
5.0 - QUEENSBRIDGE SOUTH BLD 08_8093903,70,1
5.0 - QUEENSBRIDGE SOUTH BLD 14_8093805,78,0
5.0 - QUEENSBRIDGE SOUTH BLD 15_8093812,78,1
5.0 - QUEENSBRIDGE SOUTH BLD 16_8093813,75,7
5.0 - QUEENSBRIDGE SOUTH BLD 16_8321833,59,4
5.0 - QUEENSBRIDGE SOUTH BLD 17_8125706,78,4
5.0 - QUEENSBRIDGE SOUTH BLD 25_8093807,78,0
5.0 - QUEENSBRIDGE SOUTH BLD 25_8093818,78,0
5.0 - QUEENSBRIDGE SOUTH BLD 26_8093821,76,2
5.0 - QUEENSBRIDGE SOUTH BLD 26_8093822,78,1
50.0 - LEXINGTON BLD 01_8266716,76,0
50.0 - LEXINGTON BLD 02_8094991,75,0
50.0 - LEXINGTON BLD 03_8094988,76,0
50.0 - LEXINGTON BLD 04_8661576,76,1
502.0 - BLD 13_7837118,100,8
502.0 - BLD 14_7821335,95,6
502.0 - BLD 15_6316156,64,2
502.0 - BLD 17_6370135,100,1
505.0 - QUEENSBRIDGE NORTH BLD 01_8093823,78,2
505.0 - QUEENSBRIDGE NORTH BLD 01_8125698,78,2
505.0 - QUEENSBRIDGE NORTH BLD 02_8125696,78,2
505.0 - QUEENSBRIDGE NORTH BLD 03_8125694,78,2
505.0 - QUEENSBRIDGE NORTH BLD 04_8093819,78,0
505.0 - QUEENSBRIDGE NORTH BLD 09_8125705,78,1
505.0 - QUEENSBRIDGE NORTH BLD 10_8125699,78,2
505.0 - QUEENSBRIDGE NORTH BLD 11_8093816,78,1
505.0 - QUEENSBRIDGE NORTH BLD 12_8125700,78,4
505.0 - QUEENSBRIDGE NORTH BLD 13_8093802,78,2
505.0 - QUEENSBRIDGE NORTH BLD 19_8093803,78,5
505.0 - QUEENSBRIDGE NORTH BLD 19_8093804,78,3
505.0 - QUEENSBRIDGE NORTH BLD 19_8093814,78,4
505.0 - QUEENSBRIDGE NORTH BLD 20_8125692,78,4
505.0 - QUEENSBRIDGE NORTH BLD 21_8093722,78,6
505.0 - QUEENSBRIDGE NORTH BLD 21_8093820,78,3
505.0 - QUEENSBRIDGE NORTH BLD 21_8125691,78,3
505.0 - QUEENSBRIDGE NORTH BLD 22_8125695,78,2
505.0 - QUEENSBRIDGE NORTH BLD 27_8096414,78,5
51.0 - BLD 01_99267717,103,3
51.0 - BLD 02 - Community Center_99822181,103,2
51.0 - BLD 02_96737637,102,6
51.0 - BLD 03_99267716,103,0
51.0 - BLD 04_99267714,101,0
51.0 - BLD 05_96747235,103,2
51.0 - BLD 06_96747190,103,1
51.0 - BLD 07_96747169,103,0
514.0 - BLD 03_7545228,103,7
514.0 - BLD 39 - Community Center_7210050,76,2
514.0 - WHITMAN BLD 01_8478528,100,5
514.0 - WHITMAN BLD 02_8661655,101,2
514.0 - WHITMAN BLD 03_8478530,101,3
514.0 - WHITMAN BLD 04_8478499,101,2
514.0 - WHITMAN BLD 05_8478529,101,4
514.0 - WHITMAN BLD 06_8478527,101,2
514.0 - WHITMAN BLD 07_8478500,101,3
514.0 - WHITMAN BLD 08_8478525,101,2
514.0 - WHITMAN BLD 09_8478532,101,2
514.0 - WHITMAN BLD 10_8572283,99,3
514.0 - WHITMAN BLD 11_8478531,101,2
514.0 - WHITMAN BLD 12_8572286,101,2
514.0 - WHITMAN BLD 13_8478504,100,2
514.0 - WHITMAN BLD 14_8478498,101,1
514.0 - WHITMAN BLD 15_8478526,101,2
514.0 - WHITMAN BLD 37_7144190,74,3
514.0 - WHITMAN BLD 38_7930310,101,4
515.0 - BLD 04_6249681,103,2
515.0 - BLD 04_6458091,103,6
516.0 - BLD 01_6249905,103,1
516.0 - NA_6505090,103,3
516.0 - NA_6940027,102,5
517.0 - BLD 01_5649351,93,1
518.0 - BLD 03_7391545,101,0
519.0 - BLD 01_6498538,103,0
519.0 - BLD 02_7821074,103,2
52.0 - BLD 01_8008858,103,4
520.0 - BLD 04_6370204,101,5
521.0 - BLD 06_7176981,103,1
523.0 - BLD 02_6247827,103,5
523.0 - BLD 03_7265340,103,6
523.0 - BLD 04_8745700,103,0
523.0 - BLD 05_5786116,103,3
523.0 - BLD 06_6145323,102,10
523.0 - BLD 07_6314557,103,2
523.0 - BLD 08_6990892,103,2
524.0 - BLD 07_6763674,103,9
525.0 - BLD 08_6095763,103,8
525.0 - BLD 08_7209364,103,4
525.0 - BLD 09_6990373,103,3
525.0 - BLD 10_7209362,103,2
526.0 - BLD 02_7275150,102,6
53.0 - BLD 01_7929814,101,3
53.0 - BLD 02_7929791,101,3
53.0 - BLD 03_8478490,101,4
53.0 - BLD 04_7929985,101,4
53.0 - BLD 07_7929982,101,12
53.0 - BLD 09_7929987,101,1
53.0 - BLD 10_7929800,101,3
53.0 - BLD 11_7929888,101,4
53.0 - BLD 16_7929823,101,2
53.0 - BLD 17_7929892,101,0
53.0 - BLD 18_7929889,101,4
53.0 - BLD 20_7929976,101,5
53.0 - BLD 22_8322223,101,0
53.0 - BLD 23_7929970,101,4
53.0 - BLD 24_7929808,101,0
53.0 - BLD 25_7929811,101,6
53.0 - BLD 26_7929804,101,7
53.0 - BLD 27_7929824,101,8
53.0 - BLD 28_7929819,101,3
53.0 - BLD 29_7929986,101,4
53.0 - BLD 30_7929980,101,4
53.0 - BLD 31_7929803,101,6
53.0 - BLD 32_7929806,101,4
53.0 - BLD 33_7929993,101,0
53.0 - BLD 34_7929969,101,2
53.0 - BLD 35_7929992,101,3
531.0 - BLD 04_7030740,103,5
531.0 - BLD 05_7403293,103,2
531.0 - BLD 06_6560246,103,7
54.0 - BLD 01_8125336,93,6
54.0 - BLD 02_8125333,93,8
54.0 - BLD 03_8125332,93,5
54.0 - BLD 04_8125335,93,3
54.0 - BLD 05_8125337,93,5
547.0 - BLD 01_5647136,50,2
547.0 - BLD 02_7821817,102,0
547.0 - BLD 03_5922683,102,0
547.0 - BLD 04_7821819,103,1
547.0 - BLD 3_5223456,58,0
55.0 - BLD 02_301197,103,18
559.0 - BLD 01_6842587,103,0
56.0 - BLD 01_8572100,103,6
56.0 - BLD 02_8572095,103,4
56.0 - BLD 03_8572093,103,6
56.0 - BLD 04_8572071,103,7
56.0 - BLD 05_8572099,103,6
56.0 - BLD 06_8572075,103,6
56.0 - BLD 07_8572098,103,2
56.0 - BLD 08_8572072,103,6
56.0 - BLD 09_8572069,93,1
56.0 - BLD 10_8572097,103,7
56.0 - BLD 11_8572074,103,6
56.0 - BLD 12_8572079,103,6
56.0 - BLD 13_8572103,103,9
56.0 - BLD 14_8572076,103,7
56.0 - BLD 15_8572073,103,7
56.0 - BLD 16_8572068,103,4
56.0 - BLD 17_8572091,103,6
56.0 - BLD 18_8572092,103,10
56.0 - BLD 19_8572065,103,5
56.0 - BLD 20_8301112,103,6
56.0 - BLD 21_8572066,103,6
56.0 - BLD 22_8572089,103,6
56.0 - BLD 23_8572096,103,5
56.0 - BLD 24_8572080,103,6
56.0 - BLD 25_8572090,103,5
56.0 - BLD 26_8572077,103,6
56.0 - BLD 27_8572067,103,6
56.0 - BLD 28_8572094,103,7
56.0 - BLD 29_8572078,103,6
56.0 - BLD 30_8572070,103,5
56.0 - BLD 32_8301113,103,6
57.0 - BLD 01_7929617,88,1
57.0 - BLD 02_7929948,88,0
57.0 - BLD 03_8096629,88,4
57.0 - BLD 04_7929949,88,1
57.0 - BLD 05_8322059,88,0
57.0 - BLD 06_7929950,72,4
57.0 - BLD 07_7929947,72,1
57.0 - BLD 08_7929612,88,4
57.0 - BLD 10_7929934,88,3
57.0 - BLD 11_8096634,88,2
57.0 - BLD 12_7929592,88,2
57.0 - BLD 13_7929863,88,5
57.0 - BLD 14_7929640,88,4
57.0 - BLD 15_7929923,88,3
57.0 - BLD 16_7929639,88,3
57.0 - BLD 17_7929632,88,3
57.0 - BLD 18_7929941,88,5
57.0 - BLD 19_7929582,88,2
57.0 - BLD 20_7929641,72,3
57.0 - BLD 21_7929636,88,3
57.0 - BLD 22_7929575,72,2
57.0 - BLD 23_7929921,88,3
57.0 - BLD 25_7929607,88,5
57.0 - BLD 26_7929876,88,4
57.0 - BLD 28_8362685,88,2
57.0 - BLD 29_8096646,88,5
57.0 - BLD 30_8096645,87,5
57.0 - BLD 35_7929890,87,5
57.0 - BLD 36_7929935,88,3
57.0 - BLD 37_7929924,88,4
57.0 - BLD 38_7929603,88,0
57.0 - BLD 39_7929938,88,1
57.0 - BLD 40_7929610,88,3
57.0 - BLD 41_7929937,88,0
58.0 - CARVER BLD 01_8572102,76,0
58.0 - CARVER BLD 02_8094994,75,1
58.0 - CARVER BLD 03_8094990,76,6
58.0 - CARVER BLD 04_8266721,76,0
58.0 - CARVER BLD 05_8094992,75,0
58.0 - CARVER BLD 06_8266722,76,0
58.0 - CARVER BLD 07_8094993,76,0
58.0 - CARVER BLD 08_8094989,76,0
58.0 - CARVER BLD 09_8266704,76,0
58.0 - CARVER BLD 10_8266711,76,0
58.0 - CARVER BLD 11_8094996,75,3
58.0 - CARVER BLD 12_8266723,76,0
58.0 - CARVER BLD 13_8266701,76,1
582.0 - DOUGLASS II BLD 13_8661722,101,0
582.0 - DOUGLASS II BLD 14_8661721,101,0
59.0 - BLD 01_8125755,76,3
59.0 - BLD 02_8125752,103,4
59.0 - BLD 03_7929943,103,5
59.0 - BLD 04_8301041,103,7
59.0 - BLD 05_8125756,103,7
59.0 - BLD 06_8125757,103,5
59.0 - BLD 07_7929588,103,5
59.0 - BLD 08_8301070,103,5
59.0 - BLD 09_8301039,103,4
59.0 - BLD 10_8125747,103,6
59.0 - BLD 11_8125748,76,7
59.0 - BLD 12_8125758,103,8
59.0 - BLD 13_8301040,103,4
59.0 - BLD 14_8301054,103,7
59.0 - BLD 15_8096391,103,3
6.0 - VLADECK BLD 01_8362640,103,2
6.0 - VLADECK BLD 02_8362646,103,2
6.0 - VLADECK BLD 03_8362643,103,2
6.0 - VLADECK BLD 04_8362645,103,1
6.0 - VLADECK BLD 05_8362647,103,4
6.0 - VLADECK BLD 06_8362644,103,3
6.0 - VLADECK BLD 07_8362638,103,3
6.0 - VLADECK BLD 08_8362675,103,4
6.0 - VLADECK BLD 09_8362674,103,4
6.0 - VLADECK BLD 10_8362673,103,4
6.0 - VLADECK BLD 11_8362676,103,6
6.0 - VLADECK BLD 12_8095301,103,4
6.0 - VLADECK BLD 13_8362666,103,3
6.0 - VLADECK BLD 14_8362677,103,4
6.0 - VLADECK BLD 15_8362667,103,3
6.0 - VLADECK BLD 16_8362649,103,2
6.0 - VLADECK BLD 17_8362668,103,2
6.0 - VLADECK BLD 18_8362648,65,5
6.0 - VLADECK BLD 18_8362671,65,4
6.0 - VLADECK BLD 19_8362642,103,1
6.0 - VLADECK BLD 20_8362672,103,1
60.0 - BARUCH BLD 01_7929545,89,3
60.0 - BARUCH BLD 02_7929540,88,4
60.0 - BARUCH BLD 03_7929541,88,4
60.0 - BARUCH BLD 04_7929999,88,6
60.0 - BARUCH BLD 05_8142781,89,5
60.0 - BARUCH BLD 06_7929539,88,5
60.0 - BARUCH BLD 07_8142793,88,5
60.0 - BARUCH BLD 07_8142999,88,4
60.0 - BARUCH BLD 08_8096617,89,4
60.0 - BARUCH BLD 09_7929559,88,5
60.0 - BARUCH BLD 10_7929561,88,5
60.0 - BARUCH BLD 11_8142786,88,4
60.0 - BARUCH BLD 13_8142990,88,3
60.0 - BARUCH BLD 14_7929556,88,6
60.0 - BARUCH BLD 15_8142797,88,4
60.0 - BARUCH BLD 16_8142792,89,4
60.0 - BARUCH BLD 17_7929553,89,6
60.0 - BLD 12_8746982,101,5
60.0 - BLD 13_5648168,103,2
61.0 - BLD 24_7424238,101,6
61.0 - VAN DYKE I BLD 02_8322414,101,0
61.0 - VAN DYKE I BLD 03_8322425,98,0
61.0 - VAN DYKE I BLD 04_8322422,101,2
61.0 - VAN DYKE I BLD 05_8322421,101,1
61.0 - VAN DYKE I BLD 06_8322423,101,0
61.0 - VAN DYKE I BLD 07_8322440,101,0
61.0 - VAN DYKE I BLD 08_8322438,101,3
61.0 - VAN DYKE I BLD 09_8322416,101,1
61.0 - VAN DYKE I BLD 10_8095217,101,1
61.0 - VAN DYKE I BLD 11_8322430,97,3
61.0 - VAN DYKE I BLD 12_8322432,98,0
61.0 - VAN DYKE I BLD 13_8322439,101,0
61.0 - VAN DYKE I BLD 14_8322429,101,3
61.0 - VAN DYKE I BLD 15_8322426,101,0
61.0 - VAN DYKE I BLD 17_8322427,101,1
61.0 - VAN DYKE I BLD 18_8095206,98,0
61.0 - VAN DYKE I BLD 19_8095209,101,3
61.0 - VAN DYKE I BLD 20_8095210,101,3
61.0 - VAN DYKE I BLD 21_8095308,98,5
61.0 - VAN DYKE I BLD 22_8095307,101,3
62.0 - WASHINGTON BLD 01_8094997,75,0
62.0 - WASHINGTON BLD 02_8661575,76,0
62.0 - WASHINGTON BLD 03_8266713,76,1
62.0 - WASHINGTON BLD 04_8094998,76,1
62.0 - WASHINGTON BLD 05_8095002,76,0
62.0 - WASHINGTON BLD 06_7833973,94,2
62.0 - WASHINGTON BLD 07_8095001,75,3
62.0 - WASHINGTON BLD 08_8094999,75,0
62.0 - WASHINGTON BLD 09_8266702,76,0
62.0 - WASHINGTON BLD 10_8094995,76,0
62.0 - WASHINGTON BLD 11_8095000,76,0
62.0 - WASHINGTON BLD 12_8266703,76,0
62.0 - WASHINGTON BLD 13_8266712,76,0
62.0 - WASHINGTON BLD 14_8266709,76,0
62.0 - WASHINGTON BLD 15_8266710,76,0
63.0 - BLD 01_8096643,86,6
63.0 - BLD 02_7929881,86,3
63.0 - BLD 03_7929956,86,4
63.0 - BLD 04_7929952,86,4
63.0 - BLD 05_8142994,86,5
63.0 - BLD 06_8142993,86,5
63.0 - BLD 07_8096618,86,5
63.0 - BLD 08_8096641,86,3
63.0 - BLD 09_7929879,86,3
63.0 - BLD 10_8096616,86,3
63.0 - BLD 11_8125318,86,0
63.0 - BLD 12_8142996,86,4
63.0 - BLD 13_8142995,86,2
63.0 - BLD 14_8096579,85,2
63.0 - BLD 15_8096642,86,1
63.0 - BLD 16_7929629,57,6
63.0 - BLD 17_8142991,86,5
63.0 - BLD 18_7929604,86,4
63.0 - BLD 19_7929861,86,4
63.0 - BLD 20_8096639,86,2
63.0 - BLD 21_8142992,86,5
63.0 - BLD 23_7929872,85,4
63.0 - BLD 23_8096644,86,4
63.0 - BLD 24_8095305,85,4
63.0 - BLD 25_8095222,85,3
63.0 - BLD 26_7929868,85,8
63.0 - BLD 27_8096615,85,6
63.0 - BLD 28_7929953,85,1
63.0 - BLD 29_8095306,85,5
64.0 - BLD 14_7834916,103,1
64.0 - JEFFERSON BLD 01_8093695,77,0
64.0 - JEFFERSON BLD 02_8093693,77,0
64.0 - JEFFERSON BLD 03_8093711,77,0
64.0 - JEFFERSON BLD 04_8093705,77,0
64.0 - JEFFERSON BLD 05_8093688,77,0
64.0 - JEFFERSON BLD 06_8093692,77,0
64.0 - JEFFERSON BLD 07_8093706,77,0
64.0 - JEFFERSON BLD 08_8093707,77,0
64.0 - JEFFERSON BLD 09_8093696,77,0
64.0 - JEFFERSON BLD 10_8093687,77,0
64.0 - JEFFERSON BLD 11_8093702,77,0
64.0 - JEFFERSON BLD 12_8093700,77,0
64.0 - JEFFERSON BLD 13_8093686,77,0
64.0 - JEFFERSON BLD 15_8093697,77,0
64.0 - JEFFERSON BLD 16_8093689,77,0
64.0 - JEFFERSON BLD 17_8093701,77,1
64.0 - JEFFERSON BLD 18_8093690,77,0
65.0 - BLD 01_7889951,103,7
65.0 - BLD 02_8095593,103,8
65.0 - BLD 03_7889966,103,6
65.0 - BLD 04_7889999,103,5
65.0 - BLD 09_7889954,101,7
65.0 - BLD 10_7890000,103,6
65.0 - BLD 11_7889980,103,4
65.0 - BLD 12_8095594,103,8
65.0 - BLD 13_8095586,103,6
66.0 - NA_8095488,99,3
66.0 - NA_8095490,99,4
66.0 - SOUTH JAMAICA II BLD 13_8095491,99,2
66.0 - SOUTH JAMAICA II BLD 14_8095484,99,1
66.0 - SOUTH JAMAICA II BLD 15_8095498,99,1
66.0 - SOUTH JAMAICA II BLD 16_8095502,99,1
66.0 - SOUTH JAMAICA II BLD 17_8095494,99,0
66.0 - SOUTH JAMAICA II BLD 18_8095500,99,3
66.0 - SOUTH JAMAICA II BLD 19_8095486,99,0
66.0 - SOUTH JAMAICA II BLD 20_8095499,99,0
66.0 - SOUTH JAMAICA II BLD 21_8095508,99,0
66.0 - SOUTH JAMAICA II BLD 22_8095509,99,6
66.0 - SOUTH JAMAICA II BLD 23_8095495,99,4
66.0 - SOUTH JAMAICA II BLD 24_8095506,99,1
66.0 - SOUTH JAMAICA II BLD 25_8095510,99,2
66.0 - SOUTH JAMAICA II BLD 27_8095496,99,3
67.0 - BLD 01_8322417,67,3
67.0 - BLD 01_8362723,67,2
67.0 - BLD 02_8322442,67,2
67.0 - BLD 02_8362703,67,4
67.0 - BLD 04_8322444,103,11
67.0 - BLD 05_8322443,103,11
67.0 - BLD 06_8322419,103,9
67.0 - BLD 07_8362724,103,10
67.0 - BLD 08_8362627,103,11
67.0 - BLD 09_8322420,103,10
67.0 - BLD 11_8362725,103,4
67.0 - BLD 12_8362705,103,9
67.0 - BLD 13_8362722,103,3
67.0 - BLD 14_8322418,103,9
67.0 - BLD 15_8362626,103,9
67.0 - BLD 16_8362628,103,10
67.0 - BLD 17_8362717,103,10
67.0 - BLD 18_8362714,103,9
67.0 - BLD 19_8362716,103,9
67.0 - BLD 21_8362702,103,2
67.0 - BLD 22_8362690,103,8
67.0 - BLD 23_8362692,103,2
67.0 - BLD 24_8362691,103,9
67.0 - BLD 25_8362693,103,5
67.0 - BLD 26_8322441,103,6
67.0 - BLD 27_8362704,103,14
67.0 - BLD 28_8362715,103,10
67.0 - BLD 31 - Community Center_8350391,68,1
68.0 - BLD 01_8125375,100,0
68.0 - BLD 02_8125387,100,6
68.0 - BLD 03_8125315,100,6
68.0 - BLD 04_8125369,100,5
68.0 - BLD 05_8125314,100,7
68.0 - BLD 06_8125381,100,6
68.0 - BLD 07_8125312,100,6
68.0 - BLD 08_8125329,100,6
68.0 - BLD 09_8125311,100,6
68.0 - BLD 10_8125371,100,6
68.0 - BLD 11_8125372,100,8
68.0 - BLD 12_8125379,100,0
68.0 - BLD 13_8125330,100,0
68.0 - BLD 14_8125367,100,6
68.0 - BLD 15_8125328,100,6
69.0 - BLD 01_7833993,103,5
69.0 - BLD 02_7833949,103,7
69.0 - BLD 03_7833951,103,5
69.0 - BLD 04_7833955,103,4
69.0 - BLD 05_7833952,103,2
69.0 - BLD 06_7833956,103,0
69.0 - BLD 07_8009844,103,0
69.0 - BLD 08_7833957,103,5
69.0 - BLD 09_7833947,103,4
69.0 - BLD 10_8009845,103,4
69.0 - BLD 11_8009850,103,1
7.0 - VLADECK II BLD 21_8362670,103,2
7.0 - VLADECK II BLD 22_8362639,91,3
7.0 - VLADECK II BLD 23_8362669,103,4
70.0 - BLD 02_8095178,85,12
70.0 - BLD 03_8095175,85,0
70.0 - BLD 04_8095176,85,1
70.0 - BLD 05_8095183,85,8
70.0 - BLD 06_8095185,85,0
70.0 - BLD 07_8095172,85,15
70.0 - BLD 08_8095184,85,4
70.0 - BLD 09_8095181,85,11
70.0 - BLD 13_8095186,85,11
70.0 - BLD 14_8095174,85,7
70.0 - BLD 15_8095171,85,8
71.0 - SOUNDVIEW BLD 01_8322410,66,2
71.0 - SOUNDVIEW BLD 02_8362641,66,2
71.0 - SOUNDVIEW BLD 03_8362601,66,2
71.0 - SOUNDVIEW BLD 04_8322341,66,2
71.0 - SOUNDVIEW BLD 05_8362636,66,3
71.0 - SOUNDVIEW BLD 06_8362637,66,2
71.0 - SOUNDVIEW BLD 07_8362633,66,4
71.0 - SOUNDVIEW BLD 08_8322350,66,0
71.0 - SOUNDVIEW BLD 09_8362599,66,2
71.0 - SOUNDVIEW BLD 11_8362631,66,1
71.0 - SOUNDVIEW BLD 12_8362600,66,2
71.0 - SOUNDVIEW BLD 13_8362598,66,2
72.0 - BLD 01_7466814,103,4
72.0 - BLD 02_7250717,103,2
72.0 - BLD 03_7693367,103,6
72.0 - BLD 04_7382865,103,5
72.0 - BLD 05_7372790,103,3
72.0 - BLD 06_7284635,103,3
72.0 - BLD 07_7284625,103,4
72.0 - BLD 09_7372650,103,4
72.0 - BLD 10_7284664,103,2
73.0 - BLD 01 - Community Center_7424132,103,4
73.0 - BLD 02_8321869,100,7
73.0 - BLD 03_8321900,100,4
73.0 - BLD 04_8322217,100,7
73.0 - BLD 05_8321970,100,3
73.0 - BLD 07_7424148,92,2
73.0 - BLD 08_8095164,100,6
73.0 - BLD 10_8321872,100,8
73.0 - BLD 12_8321888,100,3
74.0 - BLD 01_8096718,76,4
74.0 - BLD 02_8096689,76,3
74.0 - BLD 03_8096710,76,2
74.0 - BLD 05_8096698,76,3
74.0 - BLD 06_8096706,76,2
74.0 - BLD 07_8096713,77,5
74.0 - BLD 08_8266793,76,4
74.0 - BLD 09_8096707,76,2
74.0 - BLD 10_8266786,76,4
74.0 - BLD 11_8096695,76,2
74.0 - BLD 12_8572086,76,6
74.0 - BLD 13_8266796,76,4
74.0 - BLD 14_8266795,76,4
74.0 - BLD 15_8096699,76,3
74.0 - BLD 16_8096697,77,3
74.0 - BLD 17_8096702,76,2
74.0 - BLD 18_8096691,76,2
74.0 - BLD 18_8096716,76,4
74.0 - BLD 19_8096701,76,5
74.0 - BLD 20_8096711,76,3
74.0 - BLD 21_8096703,76,4
74.0 - BLD 22_8096687,76,3
75.0 - BLD 01_301226,88,5
75.0 - BLD 08_99268475,103,0
76.0 - BLD 02_8362661,100,3
76.0 - BLD 03_8362658,100,2
76.0 - BLD 04_8322091,100,3
76.0 - BLD 05_8362659,63,4
76.0 - BLD 05_8362660,63,3
76.0 - BLD 06_8322371,100,2
76.0 - BLD 07_8322370,100,2
76.0 - BLD 08_8322368,100,3
76.0 - BLD 09_8362655,100,2
77.0 - BLD 03_7383346,103,3
77.0 - BLD 04_7383356,103,1
77.0 - BLD 05_5922312,101,1
77.0 - BLD 06_6654896,103,1
77.0 - NA_7125034,52,10
78.0 - BLD 01_7929647,103,2
78.0 - BLD 02_7889940,103,5
78.0 - BLD 03_8010017,103,3
78.0 - BLD 05_7929658,103,5
78.0 - BLD 06_7929660,103,1
8.0 - SOUTH JAMAICA I BLD 01_8095489,99,2
8.0 - SOUTH JAMAICA I BLD 02_8095487,99,5
8.0 - SOUTH JAMAICA I BLD 03_8095492,99,5
8.0 - SOUTH JAMAICA I BLD 04_8095503,99,1
8.0 - SOUTH JAMAICA I BLD 05_8095501,99,0
8.0 - SOUTH JAMAICA I BLD 06_8095505,99,0
8.0 - SOUTH JAMAICA I BLD 07_8095507,99,3
8.0 - SOUTH JAMAICA I BLD 08_8095497,99,7
8.0 - SOUTH JAMAICA I BLD 09_8095493,99,0
8.0 - SOUTH JAMAICA I BLD 10_8095504,99,3
8.0 - SOUTH JAMAICA I BLD 11_8095485,99,4
80.0 - BLD 01_8350750,103,0
80.0 - BLD 02_8350751,103,3
80.0 - BLD 03_8350749,103,2
80.0 - BLD 04_8322192,103,4
80.0 - BLD 05_8350748,102,0
80.0 - BLD 06_8350746,103,3
80.0 - BLD 07_8350747,103,1
80.0 - BLD 08_8350752,103,1
80.0 - BLD 09_8350181,103,5
80.0 - BLD 10_8349971,103,0
80.0 - BLD 11_8350753,101,5
80.0 - BLD 12_8350180,103,4
80.0 - BLD 13_8350133,103,2
80.0 - BLD 14_8350179,103,0
81.0 - BLD 01_6251008,103,6
81.0 - BLD 02_6251015,103,2
81.0 - BLD 03_8256039,74,3
81.0 - BLD 04_7976396,103,4
81.0 - BLD 05_7834091,96,0
81.0 - BLD 06_6432604,103,6
82.0 - DOUGLASS I BLD 16_8322353,101,0
82.0 - DOUGLASS I BLD 17_8322358,101,0
83.0 - BLD 04_8300971,103,0
83.0 - BLD 05_8300952,103,0
83.0 - BLD 06_8300979,103,0
83.0 - BLD 07_8300981,103,0
83.0 - BLD 08_8125373,103,0
83.0 - BLD 09_8267453,103,0
83.0 - BLD 10_8300978,103,0
83.0 - BLD 11_8300998,103,0
83.0 - BLD 12_8267454,103,0
83.0 - BLD 13_8300970,102,0
83.0 - BLD 14_8300968,103,0
83.0 - BLD 15_8300988,103,0
83.0 - BLD 16_8300974,103,0
83.0 - BLD 17_8300992,103,0
83.0 - BLD 18_8300996,103,0
83.0 - BLD 19_8267456,103,0
83.0 - BLD 20_8300995,103,0
83.0 - BLD 21_8300972,103,0
83.0 - BLD 22_8300973,103,0
83.0 - BLD 23_8300967,103,0
83.0 - BLD 24_8300991,103,0
83.0 - BLD 25_8300980,103,0
83.0 - BLD 26_8300993,103,0
83.0 - BLD 27_8300976,103,0
83.0 - BLD 28_8300994,103,0
83.0 - BLD 29_8300975,103,0
84.0 - BLD 01_8125779,86,7
84.0 - BLD 02_8125783,86,7
84.0 - BLD 03_8125767,86,9
84.0 - BLD 04_8125769,86,6
84.0 - BLD 05_8125770,86,6
84.0 - BLD 06_8096608,86,10
84.0 - BLD 07_8125768,103,2
84.0 - BLD 08_8125771,86,4
84.0 - BLD 09_8125778,103,7
85.0 - ALBANY II BLD 07_6026253,76,4
85.0 - ALBANY II BLD 08_5081862,76,0
85.0 - ALBANY II BLD 09_5081863,76,3
86.0 - BLD 01_7141435,100,2
86.0 - BLD 02_7166147,101,0
86.0 - BLD 03_7161621,101,1
86.0 - BLD 04_7161630,101,4
86.0 - BLD 05_7141437,100,1
86.0 - BLD 06_7161622,101,1
86.0 - BLD 07_7161620,101,1
86.0 - BLD 08_7161619,100,0
87.0 - BLD 01_8142958,63,5
87.0 - BLD 02_8142945,63,9
87.0 - BLD 03_8142943,63,4
87.0 - BLD 04_8142959,63,3
87.0 - BLD 05_8142967,63,6
87.0 - BLD 06_8142944,63,6
87.0 - BLD 07_8142973,63,5
87.0 - BLD 08_8142946,63,4
87.0 - BLD 09_8142960,63,5
88.0 - BLD 01_8350206,68,5
88.0 - BLD 01_8350351,68,3
88.0 - BLD 03_8350353,68,4
88.0 - BLD 04_8349970,69,2
88.0 - BLD 05_8350205,68,5
88.0 - BLD 06_8350352,68,7
88.0 - BLD 07_8350346,68,5
88.0 - BLD 08_8349973,103,7
88.0 - BLD 09_8350348,68,4
88.0 - BLD 10_8350350,68,4
88.0 - BLD 11_8350347,103,3
88.0 - BLD 12_8350132,103,2
89.0 - BLD 01_8231994,102,0
89.0 - BLD 02_8232066,68,10
89.0 - BLD 03_8232047,103,2
89.0 - BLD 04_8232045,103,2
89.0 - BLD 05_8232057,103,3
89.0 - BLD 06_8232046,103,3
89.0 - BLD 07_7719184,103,1
89.0 - BLD 08_7573701,103,0
89.0 - BLD 09_8232056,103,1
89.0 - BLD 10_8232055,69,4
89.0 - BLD 11_8232067,103,2
89.0 - BLD 12_8232065,68,6
89.0 - BLD 13_6774512,103,0
89.0 - BLD 14_6356892,102,2
89.0 - BLD 15_6432246,103,1
89.0 - BLD 16_7719133,103,1
89.0 - BLD 17_7271963,103,5
89.0 - BLD 18_7695016,103,1
89.0 - BLD 19_7504980,101,3
89.0 - BLD 20_5537192,103,0
89.0 - BLD 21_7725428,103,3
89.0 - BLD 22_6598841,103,1
89.0 - BLD 23 - Community Center_7861436,103,4
9.0 - BLD 01_7929671,100,3
9.0 - BLD 01_7930059,100,2
9.0 - BLD 02_7929699,100,2
9.0 - BLD 03_7929680,100,1
9.0 - BLD 04_7929694,100,2
9.0 - BLD 05_7930054,100,1
9.0 - BLD 06_7929579,100,4
9.0 - BLD 07_7930053,101,11
9.0 - BLD 08_7930046,100,8
9.0 - BLD 09_8362678,64,4
9.0 - BLD 10_7930041,100,2
91.0 - BLD 01_6147322,60,5
91.0 - BLD 02_6148190,54,2
91.0 - BLD 03_7874338,103,2
92.0 - BLD 11_7692864,65,6
92.0 - BLD 15_5706695,65,8
92.0 - BLD 16_7161509,65,10
92.0 - BLD 17_5178135,65,5
92.0 - BLD 20_6316120,65,10
92.0 - BLD 21_6853046,65,5
92.0 - BLD 22_6815165,65,2
92.0 - BLD 25 - Community Center_8078351,101,2
93.0 - BLD 01_7890040,103,7
93.0 - BLD 02 - Community Center_6938198,102,6
93.0 - BLD 02_8008779,103,5
93.0 - BLD 03_8008789,103,2
93.0 - BLD 04_7890050,103,5
93.0 - BLD 05_7929777,103,6
93.0 - BLD 06_8075321,103,8
96.0 - BLD 01_5922430,103,1
96.0 - BLD 02_8802096,103,2
96.0 - BLD 03_8072599,98,1
96.0 - BLD 04_6867055,103,2
96.0 - BLD 05_5922332,102,1
96.0 - BLD 06_8072600,103,6
96.0 - BLD 07_7719186,103,0
96.0 - BLD 08_5922010,103,0
97.0 - BLD 01_6689046,103,2
97.0 - BLD 02_6647840,103,0
97.0 - BLD 03_8205892,76,0
97.0 - BLD 04_6623223,103,0
97.0 - BLD 05_6852189,103,3
97.0 - BLD 09_6458213,103,0
97.0 - BLD 09_6852169,95,3
97.0 - BLD 10 - Community Center_7294308,98,2
97.0 - BLD 10 - Community Center_7694984,103,2
98.0 - BLD 14_99800010,58,5
98.0 - BLD 15_99275963,102,20
98.0 - BLD 15_99277502,102,9
99.0 - BLD 01_7574708,103,6
99.0 - BLD 02_7165928,101,3
99.0 - BLD 03_7861469,101,6
99.0 - BLD 04_7382884,102,5
99.0 - BLD 05_7574878,103,3
999.0 - BLD 04_6774523,61,0
999.0 - BLD 07_5911415,61,2
999.0 - BLD 07_6852194,61,3
999.0 - BLD 08_6147920,61,1
