Building_Meter,FALSE,TRUE,PCNT
1.0 - BLD 01_7836716,99,4,0.038834951
1.0 - BLD 01_7838586,100,3,0.029126214
1.0 - BLD 02_7694040,100,3,0.029126214
1.0 - BLD 03_7177432,98,5,0.048543689
1.0 - BLD 04_7381828,98,5,0.048543689
1.0 - BLD 05_6889487,100,3,0.029126214
1.0 - BLD 06_6469176,100,3,0.029126214
1.0 - BLD 07_7006908,72,1,0.01369863
10.0 - BLD 01_7864550,100,2,0.019607843
10.0 - BLD 02_7864551,100,2,0.019607843
10.0 - BLD 03_8010023,100,2,0.019607843
10.0 - BLD 04_7864536,100,2,0.019607843
10.0 - BLD 05_8163877,100,1,0.00990099
10.0 - BLD 06_8163892,94,5,0.050505051
10.0 - BLD 07_8010032,99,3,0.029411765
10.0 - BLD 08_7864549,98,4,0.039215686
10.0 - BLD 09_8125376,99,3,0.029411765
10.0 - BLD 10_8010020,94,8,0.078431373
10.0 - BLD 11_7864545,100,2,0.019607843
10.0 - BLD 13_8301063,99,3,0.029411765
10.0 - BLD 14_8301067,97,5,0.049019608
10.0 - BLD 15_7864540,99,3,0.029411765
10.0 - BLD 16_7864543,97,5,0.049019608
10.0 - BLD 16_8163879,95,5,0.05
100.0 - BLD 01_7250288,97,6,0.058252427
100.0 - BLD 02_6458115,97,6,0.058252427
100.0 - BLD 03 - Community Center_5537272,71,1,0.013888889
101.0 - BLD 02_7834072,100,3,0.029126214
101.0 - BLD 04_7421675,99,4,0.038834951
102.0 - BLD 02_8107087,100,2,0.019607843
102.0 - BLD 07_8107064,101,2,0.019417476
102.0 - BLD 10_8095559,101,2,0.019417476
103.0 - BLD 01_7860781,98,5,0.048543689
103.0 - BLD 04_8743232,101,2,0.019417476
103.0 - BLD 05_8095087,101,2,0.019417476
109.0 - BLD 01_7861587,79,2,0.024691358
11.0 - CLASON POINT GARDENS BLD 03_7402447,63,3,0.045454545
11.0 - CLASON POINT GARDENS BLD 13_8096758,64,2,0.03030303
11.0 - CLASON POINT GARDENS BLD 26_8322343,62,4,0.060606061
11.0 - CLASON POINT GARDENS BLD 35_8362634,60,6,0.090909091
11.0 - CLASON POINT GARDENS BLD 44_8362632,95,1,0.010416667
111.0 - BLD 01_8809141,99,1,0.01
111.0 - BLD 02_7250823,92,11,0.106796117
111.0 - BLD 03_7693515,100,1,0.00990099
111.0 - BLD 04_7231512,96,7,0.067961165
111.0 - BLD 05 - Community Center_6728438,99,4,0.038834951
111.0 - BLD 05_7272306,97,6,0.058252427
112.0 - BLD 01_7421684,89,3,0.032608696
112.0 - BLD 02_7613299,101,2,0.019417476
112.0 - BLD 03_7421651,101,2,0.019417476
113.0 - BLD 01_7252796,92,2,0.021276596
113.0 - BLD 02_6488781,92,2,0.021276596
113.0 - BLD 03_8322187,96,7,0.067961165
113.0 - BLD 04_7296111,91,3,0.031914894
113.0 - BLD 05_6369049,91,3,0.031914894
113.0 - BLD 06_6566403,87,7,0.074468085
113.0 - BLD 06_8632861,50,1,0.019607843
114.0 - BLD 01_7835168,99,4,0.038834951
114.0 - BLD 02 - Community Center_7704123,101,2,0.019417476
116.0 - WEST BRIGHTON I BLD 06_7860113_1600-87.8%,96,5,0.04950495
117.0 - BLD 01_7404357,100,1,0.00990099
117.0 - BLD 03_6790407,63,7,0.1
117.0 - BLD 03_7382879,100,1,0.00990099
118.0 - BLD 01_7518352,93,10,0.097087379
118.0 - BLD 02_7725456,101,2,0.019417476
118.0 - BLD 03_7725454,101,2,0.019417476
118.0 - BLD 04_7725479,101,2,0.019417476
118.0 - BLD 05_7223256,100,3,0.029126214
118.0 - BLD 06_7518362,100,3,0.029126214
118.0 - BLD 07_7515778,99,2,0.01980198
120.0 - BLD 01_8125615,100,2,0.019607843
121.0 - BLD 02_8095083,101,2,0.019417476
121.0 - BLD 04_6680683,100,2,0.019607843
121.0 - BLD 06_8660158,101,2,0.019417476
121.0 - BLD 09_6250421,100,2,0.019607843
122.0 - BLD 01_8383643,100,3,0.029126214
122.0 - BLD 02_8383642,95,6,0.059405941
122.0 - BLD 03_7754295,101,2,0.019417476
122.0 - BLD 06_8632116,101,2,0.019417476
123.0 - BLD 01_7929705,99,4,0.038834951
123.0 - BLD 05_8205894,71,3,0.040540541
124.0 - BLD 01_8545783,49,3,0.057692308
125.0 - BLD 01_8770735,101,2,0.019417476
126.0 - BLD 03_8095574,101,2,0.019417476
126.0 - BLD 12 - Community Center_8319527,72,2,0.027027027
127.0 - BLD 01_8095604,92,5,0.051546392
128.0 - BLD 01_6598912,98,5,0.048543689
128.0 - BLD 02_6598890,101,2,0.019417476
128.0 - BLD 03_6623243,101,2,0.019417476
128.0 - BLD 04_6623375,97,6,0.058252427
128.0 - BLD 05_7754298,95,8,0.077669903
129.0 - BLD 02_8096901,100,3,0.029126214
130.0 - MORRIS I BLD 05_8096662-58.5,100,2,0.019607843
131.0 - BLD 01_8095075,101,2,0.019417476
131.0 - BLD 02_5536400,101,2,0.019417476
131.0 - BLD 04_8095063,96,7,0.067961165
131.0 - BLD 06_6432705,100,2,0.019607843
132.0 - BLD 10_7209846,101,2,0.019417476
133.0 - BLD 01_7908199,94,9,0.087378641
133.0 - BLD 02_7835163,99,1,0.01
134.0 - BLD 01_8008845,97,6,0.058252427
135.0 - BLD 01_6698686,101,2,0.019417476
135.0 - BLD 02_6147187,100,3,0.029126214
135.0 - BLD 03_7115296,97,6,0.058252427
135.0 - BLD 04_7564874,99,4,0.038834951
135.0 - BLD 05_7703501,100,1,0.00990099
135.0 - BLD 06_6148530,101,2,0.019417476
136.0 - BLD 01_7251088,80,1,0.012345679
136.0 - BLD 02_7835028,93,10,0.097087379
136.0 - BLD 03_7125134,98,5,0.048543689
136.0 - BLD 04_6249590,101,2,0.019417476
136.0 - BLD 05_7117110,101,2,0.019417476
136.0 - BLD 06_5537456,62,4,0.060606061
136.0 - BLD 07_7223193,101,2,0.019417476
136.0 - BLD 08_7116223,101,2,0.019417476
136.0 - BLD 09_7834930,97,6,0.058252427
136.0 - BLD 10_5537606,101,2,0.019417476
136.0 - BLD 11_8256037,76,1,0.012987013
138.0 - BLD 01_8350138,101,2,0.019417476
138.0 - BLD 02_8350139,101,2,0.019417476
138.0 - BLD 03_8350144,100,3,0.029126214
138.0 - BLD 04_8200721,100,3,0.029126214
139.0 - BLD 01_7382887,101,2,0.019417476
139.0 - BLD 02_8300567,66,2,0.029411765
14.0 - INGERSOLL BLD 17_8661656,97,4,0.03960396
14.0 - INGERSOLL BLD 19_8478521,77,1,0.012820513
14.0 - INGERSOLL BLD 20_8572287,99,2,0.01980198
14.0 - INGERSOLL BLD 21_8572284,97,4,0.03960396
14.0 - INGERSOLL BLD 22_8478507,98,1,0.01010101
14.0 - INGERSOLL BLD 23_8572285,100,1,0.00990099
14.0 - INGERSOLL BLD 24_8478484,78,1,0.012658228
14.0 - INGERSOLL BLD 25_8478523,79,1,0.0125
14.0 - INGERSOLL BLD 26_8478502,75,1,0.013157895
14.0 - INGERSOLL BLD 27_8478524,79,1,0.0125
14.0 - INGERSOLL BLD 28_8478482,78,1,0.012658228
14.0 - INGERSOLL BLD 31_8572288,100,1,0.00990099
14.0 - INGERSOLL BLD 33_8572281,100,1,0.00990099
14.0 - INGERSOLL BLD 34_8572282,100,1,0.00990099
14.0 - INGERSOLL BLD 35_8572289,99,2,0.01980198
14.0 - INGERSOLL BLD 36_8478505,100,1,0.00990099
14.0 - NA_8478483,72,1,0.01369863
140.0 - BLD 02_8095585,100,3,0.029126214
140.0 - BLD 05_8095058,97,1,0.010204082
141.0 - BLD 01_8570520,50,2,0.038461538
141.0 - BLD 04_8095575,100,3,0.029126214
142.0 - BLD 01_7225275,95,8,0.077669903
142.0 - BLD 02_5536425,101,2,0.019417476
142.0 - BLD 03_2585398,98,5,0.048543689
143.0 - BLD 01_7272173,97,6,0.058252427
145.0 - BLD 04_8125366,96,7,0.067961165
145.0 - BLD 07_8009943,100,3,0.029126214
147.0 - BLD 08_7152047,99,4,0.038834951
148.0 - BLD 18_7834064,98,2,0.02
149.0 - BLD 01_8362615,101,2,0.019417476
149.0 - BLD 02_8362616,62,2,0.03125
149.0 - BLD 02_8362617,62,2,0.03125
149.0 - BLD 03_8362614,101,2,0.019417476
149.0 - BLD 04_7263111,101,2,0.019417476
15.0 - BLD 01_7890006,100,3,0.029126214
15.0 - BLD 02_7890017,101,2,0.019417476
15.0 - BLD 03_7860023,99,4,0.038834951
15.0 - BLD 04_7890003,99,4,0.038834951
150.0 - BLD 01_7692844,71,3,0.040540541
151.0 - BLD 03_8746903,101,2,0.019417476
152.0 - BLD 10_7695070,98,4,0.039215686
153.0 - BLD 01_7837018,99,4,0.038834951
153.0 - BLD 02_7272240,100,3,0.029126214
154.0 - BLD 01_7574782,96,7,0.067961165
155.0 - BLD 01_7115642,95,8,0.077669903
156.0 - BLD 01_7573839,94,9,0.087378641
157.0 - BLD 11_8350354,99,4,0.038834951
157.0 - BLD 12_8298907,95,8,0.077669903
158.0 - BLD 01_6598945,97,6,0.058252427
159.0 - BLD 01_7176946,98,2,0.02
159.0 - BLD 01_7835171,97,6,0.058252427
16.0 - BLD 17_7249845,101,2,0.019417476
16.0 - BROWNSVILLE BLD 01_8125870,96,5,0.04950495
16.0 - BROWNSVILLE BLD 02_8322431,99,2,0.01980198
16.0 - BROWNSVILLE BLD 03_8322424,100,1,0.00990099
16.0 - BROWNSVILLE BLD 04_8095213,99,2,0.01980198
16.0 - BROWNSVILLE BLD 05_8125869,101,,0
16.0 - BROWNSVILLE BLD 07_8322437,100,1,0.00990099
16.0 - BROWNSVILLE BLD 08_8125866,97,1,0.010204082
16.0 - BROWNSVILLE BLD 09_8095207,100,1,0.00990099
16.0 - BROWNSVILLE BLD 11_8095208,100,1,0.00990099
16.0 - BROWNSVILLE BLD 12_8095205,99,2,0.01980198
16.0 - BROWNSVILLE BLD 13_8095216,100,1,0.00990099
16.0 - BROWNSVILLE BLD 14_8125619,99,2,0.01980198
16.0 - BROWNSVILLE BLD 15_8095211,100,1,0.00990099
16.0 - BROWNSVILLE BLD 16_8322413,99,2,0.01980198
16.0 - BROWNSVILLE BLD 18_8095212,100,1,0.00990099
16.0 - BROWNSVILLE BLD 19_8125626,100,1,0.00990099
16.0 - BROWNSVILLE BLD 21_8125620,99,2,0.01980198
16.0 - BROWNSVILLE BLD 22_8125621,100,1,0.00990099
16.0 - BROWNSVILLE BLD 23_8095214,100,1,0.00990099
16.0 - BROWNSVILLE BLD 24_8095203,100,1,0.00990099
16.0 - BROWNSVILLE BLD 25_8095215,100,1,0.00990099
16.0 - BROWNSVILLE BLD 26_8095310,100,1,0.00990099
16.0 - BROWNSVILLE BLD 27_8095218,100,1,0.00990099
160.0 - BLD 01_7382890,97,6,0.058252427
161.0 - BLD 17_5536418,94,7,0.069306931
162.0 - BLD 01_8074911,100,3,0.029126214
162.0 - BLD 02_7908851,97,6,0.058252427
162.0 - BLD 03_8074912,100,3,0.029126214
163.0 - BLD 02_8096666,99,4,0.038834951
163.0 - BLD 03_8096664,99,4,0.038834951
163.0 - BLD 03_8096667,100,3,0.029126214
164.0 - BLD 01_96973681,101,2,0.019417476
165.0 - BLD 01_99800299,101,2,0.019417476
165.0 - BLD 02_99261420,99,4,0.038834951
165.0 - BLD 03_90327795,100,3,0.029126214
165.0 - BLD 04_99273488,99,4,0.038834951
166.0 - BLD 01_7251046,101,2,0.019417476
166.0 - BLD 02_8078169,94,9,0.087378641
166.0 - BLD 03_7404621,101,2,0.019417476
167.0 - BLD 01_7391017,97,6,0.058252427
168.0 - BLD 01_7025655,98,5,0.048543689
168.0 - BLD 02_7025653,100,3,0.029126214
168.0 - BLD 03_6938089,100,3,0.029126214
169.0 - BLD 01_7424127,99,2,0.01980198
169.0 - BLD 02_8078302,97,3,0.03
169.0 - BLD 03_8072598,96,3,0.03030303
169.0 - BLD 04_8078330,98,2,0.02
17.0 - BLD 10 - Community Center_8319537,64,2,0.03030303
17.0 - JOHNSON BLD 01_8093710,75,2,0.025974026
17.0 - JOHNSON BLD 02_8093704,75,2,0.025974026
17.0 - JOHNSON BLD 03_8093691,75,2,0.025974026
17.0 - JOHNSON BLD 04_8093699,75,2,0.025974026
17.0 - JOHNSON BLD 05_8093694,75,2,0.025974026
17.0 - JOHNSON BLD 06_8093709,75,2,0.025974026
17.0 - JOHNSON BLD 07_8093698,76,1,0.012987013
17.0 - JOHNSON BLD 08_8093708,74,3,0.038961039
17.0 - JOHNSON BLD 09_8093685,74,3,0.038961039
17.0 - JOHNSON BLD 10_8093703,74,3,0.038961039
17.0 - JOHNSON BLD 10_8096449,75,2,0.025974026
170.0 - BLD 01_7383523,65,4,0.057971014
170.0 - BLD 02_6815022,68,1,0.014492754
170.0 - BLD 05_7861372,68,1,0.014492754
171.0 - BLD 01_7423999,99,2,0.01980198
171.0 - BLD 02_7423997,93,8,0.079207921
171.0 - BLD 03_8078347,97,3,0.03
172.0 - BLD 01_7383554,68,1,0.014492754
172.0 - BLD 02_6310852,68,1,0.014492754
172.0 - BLD 03_7719202,68,1,0.014492754
172.0 - BLD 05_6316305,68,1,0.014492754
173.0 - BLD 05_7834068,101,2,0.019417476
174.0 - BLD 01_7835156,84,3,0.034482759
175.0 - WEST BRIGHTON I BLD 06_7860113_7500-12.2%,96,5,0.04950495
176.0 - BLD 01_8127140,101,2,0.019417476
177.0 - BLD 07_7424138,99,4,0.038834951
177.0 - BLD 08_7662314,99,4,0.038834951
177.0 - BLD 09_5648236,101,2,0.019417476
178.0 - BLD 01_7834970,65,4,0.057971014
178.0 - BLD 11_7161453,64,5,0.072463768
178.0 - BLD 19_6438125,88,2,0.022222222
178.0 - BLD 22_6540870,84,1,0.011764706
178.0 - BLD 26_7692975,96,7,0.067961165
18.0 - NA_8093927,87,1,0.011363636
18.0 - NA_8096620,84,4,0.045454545
18.0 - NA_8096623,87,1,0.011363636
18.0 - NA_8096624,87,1,0.011363636
18.0 - NA_8096628,87,2,0.02247191
18.0 - NA_8142764,87,1,0.011363636
18.0 - NA_8142769,86,2,0.022727273
18.0 - NA_8142779,64,3,0.044776119
18.0 - NA_8142780,86,3,0.033707865
18.0 - NA_8142782,86,2,0.022727273
18.0 - NA_8142798,87,1,0.011363636
180.0 - BLD 01_8074850,85,4,0.04494382
181.0 - BLD 02_8545819,100,3,0.029126214
181.0 - BLD 03_5649493,100,2,0.019607843
182.0 - BLD 01_7719140,101,2,0.019417476
182.0 - BLD 02_6383272,100,3,0.029126214
183.0 - BLD 01_6937990,99,2,0.01980198
184.0 - BLD 01_7007362,90,1,0.010989011
185.0 - BLD 01_7272247,99,4,0.038834951
186.0 - BLD 01_7719178,97,6,0.058252427
186.0 - BLD 02_6505419,98,5,0.048543689
186.0 - BLD 03_6356890,101,2,0.019417476
186.0 - BLD 04_6395328,101,2,0.019417476
187.0 - BLD 01_5648200,99,4,0.038834951
189.0 - BLD 01_7441488,67,4,0.056338028
189.0 - BLD 01_7827666,68,4,0.055555556
189.0 - BLD 02 - Community Center_8074759,100,3,0.029126214
19.0 - NA_7929554,70,3,0.04109589
19.0 - NA_7929560,71,2,0.02739726
19.0 - NA_8142774,85,3,0.034090909
19.0 - NA_8142787,86,2,0.022727273
19.0 - NA_8142965,72,1,0.01369863
19.0 - NA_8142966,68,5,0.068493151
190.0 - BLD 01_7821087,99,2,0.01980198
191.0 - BLD 01_8350349,63,4,0.059701493
192.0 - BLD 01_6439097,100,1,0.00990099
192.0 - BLD 02_6821247,98,3,0.02970297
192.0 - BLD 03 - Community Center_7116125,101,2,0.019417476
193.0 - BLD 30_8350406,97,6,0.058252427
193.0 - BLD 31_8350387,94,9,0.087378641
193.0 - BLD 32_8200767,70,4,0.054054054
193.0 - BLD 33_8350393,98,5,0.048543689
194.0 - BLD 01_7719134,95,8,0.077669903
194.0 - BLD 02_7545126,100,3,0.029126214
194.0 - BLD 03_7821184,101,2,0.019417476
195.0 - BLD 01_7117134,93,10,0.097087379
196.0 - BLD 01_8809016,101,2,0.019417476
197.0 - BLD 01_8095565,96,6,0.058823529
198.0 - BLD 18_7838856,99,4,0.038834951
199.0 - BLD 01_8545803,98,5,0.048543689
2.0 - BLD 20_6477762,91,5,0.052083333
2.0 - BLD 21 - Community Center_6842671,94,1,0.010526316
20.0 - BLD 01_8362709,60,4,0.0625
20.0 - BLD 02_8362706,61,3,0.046875
20.0 - BLD 03_8322447,62,2,0.03125
20.0 - BLD 04_8322448,62,2,0.03125
20.0 - BLD 05_8362708,60,4,0.0625
20.0 - BLD 06_8362686,62,2,0.03125
20.0 - BLD 07_8362687,61,3,0.046875
20.0 - BLD 08_8362688,62,2,0.03125
20.0 - BLD 08_8362707,62,2,0.03125
20.0 - BLD 08_8362733,62,2,0.03125
20.0 - BLD 10_8571957,62,2,0.03125
20.0 - BLD 11_8362689,61,3,0.046875
20.0 - BLD 12_8362731,60,4,0.0625
20.0 - BLD 13_8362732,62,2,0.03125
200.0 - BLD 01_7272348,96,1,0.010309278
200.0 - BLD 02_7382876,96,1,0.010309278
200.0 - BLD 03_7719179,96,1,0.010309278
200.0 - BLD 04 - Community Center_8632495,97,,0
201.0 - BLD 01_7719168,97,6,0.058252427
202.0 - BLD 01_8545890,100,3,0.029126214
203.0 - BLD 01_7466839,100,3,0.029126214
204.0 - BLD 01_6369212,98,3,0.02970297
204.0 - BLD 02_8747020,100,1,0.00990099
205.0 - BLD 01_7885252,100,3,0.029126214
205.0 - BLD 02_2934812,100,3,0.029126214
205.0 - BLD 02_8548081,100,3,0.029126214
205.0 - BLD 03_8510818,100,3,0.029126214
205.0 - BLD 03_8548055,51,1,0.019230769
205.0 - BLD 04_8088763,101,2,0.019417476
205.0 - BLD 05_2935620,49,3,0.057692308
205.0 - BLD 05_8505416,56,2,0.034482759
205.0 - BLD 05_8514570,49,2,0.039215686
205.0 - BLD 06_2935621,49,3,0.057692308
205.0 - BLD 06_8505033,56,2,0.034482759
205.0 - BLD 06_8548111,51,1,0.019230769
205.0 - BLD 07_8505069,99,4,0.038834951
205.0 - BLD 08_7955384,96,7,0.067961165
205.0 - BLD 09_8505034,101,2,0.019417476
205.0 - BLD 11_7953599,94,9,0.087378641
205.0 - BLD 12_6269382,101,2,0.019417476
205.0 - BLD 13_7995356,98,5,0.048543689
205.0 - BLD 16_3248091,99,3,0.029411765
206.0 - BLD 02_7382886,96,7,0.067961165
207.0 - BLD 06_7695000,99,4,0.038834951
207.0 - BLD 07_3197906,94,7,0.069306931
207.0 - BLD 08_6939913,99,4,0.038834951
207.0 - BLD 09_7178840,99,4,0.038834951
207.0 - BLD 10_7574619,101,2,0.019417476
207.0 - BLD 12_7703583,96,5,0.04950495
207.0 - BLD 13_6706773,101,2,0.019417476
207.0 - BLD 13_7719136,87,3,0.033333333
208.0 - BLD 01_8184991,97,5,0.049019608
208.0 - BLD 01_8545724,57,2,0.033898305
21.0 - BLD 01_8300966,100,3,0.029126214
21.0 - BLD 02_6443527,58,1,0.016949153
21.0 - BLD 03_6443449,99,1,0.01
21.0 - BLD 04_8267457,101,2,0.019417476
21.0 - BLD 05_8267460,101,2,0.019417476
21.0 - BLD 06_8300965,101,2,0.019417476
21.0 - BLD 07_8661551,100,3,0.029126214
21.0 - BLD 08_8267558,101,2,0.019417476
21.0 - BLD 09_8096396,101,2,0.019417476
21.0 - BLD 10_8300961,101,2,0.019417476
21.0 - BLD 11_8267547,99,4,0.038834951
21.0 - BLD 12_8267555,100,3,0.029126214
21.0 - BLD 14_8267461,76,1,0.012987013
21.0 - BLD 14_8300960,76,1,0.012987013
21.0 - BLD 15_8267458,98,4,0.039215686
21.0 - BLD 16_8267556,99,4,0.038834951
21.0 - BLD 17_7833954,100,3,0.029126214
21.0 - BLD 18_8009861,101,2,0.019417476
21.0 - BLD 19_7833988,100,3,0.029126214
21.0 - BLD 20_7833963,100,3,0.029126214
21.0 - BLD 21_7833964,99,4,0.038834951
21.0 - BLD 22_7833959,101,2,0.019417476
21.0 - BLD 23_7833960,101,2,0.019417476
21.0 - BLD 24_7833966,98,5,0.048543689
21.0 - BLD 25_8009854,101,2,0.019417476
21.0 - BLD 26_7833965,101,2,0.019417476
21.0 - BLD 27_7833950,101,2,0.019417476
210.0 - BLD 02_6529272,76,2,0.025641026
210.0 - BLD 03_7573620,95,5,0.05
210.0 - BLD 04_7574699,95,8,0.077669903
210.0 - BLD 05_7117230,98,5,0.048543689
210.0 - BLD 06_6599069,100,3,0.029126214
210.0 - BLD 07_5922822,99,4,0.038834951
210.0 - BLD 08_7754296,100,1,0.00990099
210.0 - BLD 09_6653509,95,3,0.030612245
210.0 - BLD 10_8448625,98,5,0.048543689
211.0 - BLD 01_7391516,101,2,0.019417476
211.0 - BLD 08_8570389,99,4,0.038834951
211.0 - BLD 09_8009553,92,11,0.106796117
214.0 - BLD 01_8349989,97,6,0.058252427
215.0 - BLD 01_6383266,100,3,0.029126214
216.0 - BLD 01_7115462,98,4,0.039215686
216.0 - BLD 01_7383579,93,1,0.010638298
218.0 - BLD 01_8448317,57,1,0.017241379
22.0 - BLD 01_7693527,70,1,0.014084507
22.0 - BLD 01_8322347,58,1,0.016949153
22.0 - BLD 02_8322349,57,2,0.033898305
22.0 - BLD 03_8095295,58,1,0.016949153
22.0 - BLD 04_8322345,57,2,0.033898305
22.0 - BLD 05_8095296,58,1,0.016949153
22.0 - BLD 06_8362656,56,3,0.050847458
22.0 - BLD 08_8095297,58,1,0.016949153
22.0 - BLD 08_8322352,55,4,0.06779661
22.0 - BLD 09_8322346,57,2,0.033898305
22.0 - BLD 10_8322348,58,1,0.016949153
22.0 - BLD 11_8095298,58,1,0.016949153
22.0 - BLD 12_8322344,58,1,0.016949153
22.0 - BLD 13_8362654,58,1,0.016949153
220.0 - BLD 04_7252760,99,4,0.038834951
221.0 - BLD 02_8631979,99,4,0.038834951
221.0 - BLD 03_5705181,101,2,0.019417476
221.0 - BLD 05_7574718,99,4,0.038834951
221.0 - BLD 05_8631977,101,2,0.019417476
222.0 - BLD 03_9053782,97,4,0.03960396
223.0 - BLD 01_8383867,60,4,0.0625
224.0 - BLD 01_7209833,100,3,0.029126214
225.0 - BLD 01_8350458,65,5,0.071428571
228.0 - BLD 01_5706546,92,11,0.106796117
228.0 - BLD 02_7466780,68,3,0.042253521
228.0 - BLD 04_5704895,99,4,0.038834951
228.0 - BLD 06 - Community Center_6443504,100,3,0.029126214
228.0 - NA_7838764,99,1,0.01
229.0 - BLD 01_8448796,55,3,0.051724138
229.0 - BLD 02_7695015,84,1,0.011764706
229.0 - BLD 02_8393792,54,7,0.114754098
229.0 - BLD 02_8448795,55,4,0.06779661
23.0 - WALD BLD 01_8142768,86,1,0.011494253
23.0 - WALD BLD 02_8096640,86,2,0.022727273
23.0 - WALD BLD 03_8096626,87,1,0.011363636
23.0 - WALD BLD 04_8142775,87,1,0.011363636
23.0 - WALD BLD 05_8093921,87,1,0.011363636
23.0 - WALD BLD 06_8322243,86,2,0.022727273
23.0 - WALD BLD 07_7929552,87,1,0.011363636
23.0 - WALD BLD 08_8096621,86,2,0.022727273
23.0 - WALD BLD 09_7929571,85,3,0.034090909
23.0 - WALD BLD 10_8096625,87,1,0.011363636
23.0 - WALD BLD 11_8096622,86,2,0.022727273
23.0 - WALD BLD 12_8321865,87,1,0.011363636
23.0 - WALD BLD 13_8142763,87,1,0.011363636
23.0 - WALD BLD 14_7929558,86,2,0.022727273
23.0 - WALD BLD 15_8095198,59,4,0.063492063
23.0 - WALD BLD 16_8095196,60,3,0.047619048
23.0 - WALD BLD 17_8096619,87,1,0.011363636
230.0 - BLD 01_7025562,97,6,0.058252427
230.0 - BLD 03_8768343,98,4,0.039215686
230.0 - BLD 05_8448234,62,1,0.015873016
230.0 - BLD 06_8768345,101,2,0.019417476
230.0 - BLD 07_6356783,99,3,0.029411765
230.0 - BLD 08_7837000,97,6,0.058252427
231.0 - BLD 03_7117273,98,1,0.01010101
231.0 - BLD 07_8448279,56,3,0.050847458
232.0 - BLD 01_5706459,98,5,0.048543689
233.0 - BLD 01 - Community Center_8072540,99,3,0.029411765
233.0 - BLD 01_8072539,99,4,0.038834951
234.0 - BLD 01_6867547,101,2,0.019417476
234.0 - BLD 02_6822570,100,3,0.029126214
234.0 - BLD 05_6815000,101,2,0.019417476
235.0 - BLD 01_7505240,100,1,0.00990099
236.0 - BLD 01_7719778,101,2,0.019417476
237.0 - BLD 01_7031076,99,4,0.038834951
237.0 - BLD 02_7209822,101,2,0.019417476
238.0 - BLD 01_7404459,67,2,0.028985507
239.0 - BLD 01_7573694,96,7,0.067961165
24.0 - BLD 01_7889794,101,2,0.019417476
24.0 - BLD 02_7889789,101,2,0.019417476
24.0 - BLD 03_7889798,98,5,0.048543689
24.0 - BLD 04_7889812,94,9,0.087378641
24.0 - BLD 05_7889811,93,10,0.097087379
24.0 - BLD 06_7889786,99,4,0.038834951
24.0 - BLD 07_7889787,76,4,0.05
24.0 - BLD 08_7889780,96,7,0.067961165
24.0 - BLD 09_7889801,95,8,0.077669903
24.0 - BLD 10_7889785,96,7,0.067961165
24.0 - BLD 11_7889830,94,9,0.087378641
24.0 - BLD 12_7889790,95,8,0.077669903
24.0 - BLD 13_7889829,95,8,0.077669903
24.0 - BLD 14_7889832,100,3,0.029126214
24.0 - BLD 15_7889779,96,7,0.067961165
240.0 - BLD 01_7695001,94,8,0.078431373
240.0 - BLD 02_5649563,94,8,0.078431373
240.0 - BLD 03_7545100,97,6,0.058252427
241.0 - BLD 01_7505088,99,4,0.038834951
242.0 - BLD 01_6250406,101,2,0.019417476
243.0 - BLD 01_7719116,100,3,0.029126214
243.0 - BLD 04_7719126,101,2,0.019417476
243.0 - BLD 07_8095054,100,3,0.029126214
243.0 - BLD 07_8095078,99,4,0.038834951
243.0 - BLD 16 - Community Center_7719191,79,1,0.0125
245.0 - BLD 34_7252789,101,2,0.019417476
245.0 - BLD 35_8350389,95,8,0.077669903
245.0 - BLD 36_8350388,95,8,0.077669903
246.0 - BLD 01_8545895,95,8,0.077669903
247.0 - BLD 01_7424135,98,5,0.048543689
247.0 - BLD 02_8072720,98,4,0.039215686
247.0 - BLD 03_3276276,98,5,0.048543689
247.0 - BLD 03_4047142,98,5,0.048543689
247.0 - BLD 04 - Community Center_6540936,98,5,0.048543689
247.0 - BLD 04_5705455,93,10,0.097087379
247.0 - BLD 06 - Community Center_7424243,99,4,0.038834951
25.0 - BLD 01_8142997,96,4,0.04
25.0 - BLD 02_8143007,98,2,0.02
25.0 - BLD 04_8143003,84,3,0.034482759
25.0 - BLD 04_8143013,84,3,0.034482759
25.0 - BLD 05_8143000,90,10,0.1
25.0 - BLD 06_8143014,96,4,0.04
25.0 - BLD 07_8143011,97,3,0.03
25.0 - BLD 08_8143010,95,5,0.05
25.0 - BLD 09_7929883,95,5,0.05
25.0 - BLD 10_8143002,98,2,0.02
25.0 - BLD 11_8143005,84,3,0.034482759
25.0 - BLD 12_8301080,48,2,0.04
25.0 - BLD 13_8143009,93,7,0.07
25.0 - BLD 14_8301079,46,4,0.08
252.0 - BLD 01_7972522,93,10,0.097087379
252.0 - BLD 02_7834070,101,2,0.019417476
252.0 - BLD 03_7692890,101,2,0.019417476
256.0 - BLD 01_8301116,101,2,0.019417476
26.0 - BLD 01_8142853,72,4,0.052631579
26.0 - BLD 02_8142869,74,2,0.026315789
26.0 - BLD 03_8142872,74,2,0.026315789
26.0 - BLD 04_8142865,71,5,0.065789474
26.0 - BLD 05_8142861,73,3,0.039473684
26.0 - BLD 06_8142858,72,4,0.052631579
26.0 - BLD 07_8142894,74,2,0.026315789
26.0 - BLD 08_8142889,73,3,0.039473684
26.0 - BLD 09_8142859,73,3,0.039473684
26.0 - BLD 10_8142857,72,4,0.052631579
26.0 - BLD 12_8142863,63,1,0.015625
26.0 - BLD 13_8142856,73,3,0.039473684
26.0 - BLD 15_8142878,74,2,0.026315789
26.0 - BLD 16_8142870,75,1,0.013157895
26.0 - BLD 17_8142866,75,1,0.013157895
26.0 - BLD 18_8142882,73,3,0.039473684
26.0 - BLD 19_8142881,74,2,0.026315789
26.0 - BLD 20_8142880,73,3,0.039473684
26.0 - BLD 21_8142867,72,4,0.052631579
26.0 - BLD 22_8142860,74,2,0.026315789
26.0 - BLD 23_8142871,73,3,0.039473684
261.0 - BLD 01_8072739,75,5,0.0625
261.0 - BLD 02_7545070,97,5,0.049019608
261.0 - BLD 03_7754299,91,11,0.107843137
261.0 - BLD 04_7754297,99,3,0.029411765
261.0 - BLD 05_5536038,99,3,0.029411765
262.0 - BLD 01_7695093,100,3,0.029126214
262.0 - BLD 02 - Community Center_7574678,101,2,0.019417476
262.0 - BLD 02_7574659,92,11,0.106796117
263.0 - BLD 01_8300405,99,1,0.01
263.0 - BLD 02_7231407,69,3,0.041666667
263.0 - BLD 03_5933730,99,4,0.038834951
263.0 - BLD 04_7260357,93,10,0.097087379
263.0 - BLD 05_7572901,99,4,0.038834951
263.0 - BLD 06_7231580,96,7,0.067961165
263.0 - BLD 07_5705021,100,2,0.019607843
263.0 - BLD 08_5707103,99,4,0.038834951
264.0 - BLD 01_6025786,101,2,0.019417476
265.0 - BLD 01_7031117,101,2,0.019417476
266.0 - BLD 01_7834060,98,5,0.048543689
267.0 - BLD 01_8322189,100,3,0.029126214
267.0 - BLD 02_7252800,101,2,0.019417476
267.0 - BLD 03_7837188,96,7,0.067961165
267.0 - BLD 03_8661312,94,9,0.087378641
268.0 - BLD 01_6211908,99,3,0.029411765
268.0 - BLD 01_6443251,96,6,0.058823529
27.0 - BLD 01_8362679,59,4,0.063492063
27.0 - BLD 02_8322389,58,5,0.079365079
27.0 - BLD 03_8322406,60,3,0.047619048
27.0 - BLD 04_8322397,59,4,0.063492063
27.0 - BLD 05_8322386,59,4,0.063492063
27.0 - BLD 06_8322391,60,3,0.047619048
27.0 - BLD 07_8322405,57,6,0.095238095
27.0 - BLD 08_8322404,61,2,0.031746032
27.0 - BLD 09_8322387,60,3,0.047619048
27.0 - BLD 10_7930198,60,3,0.047619048
27.0 - BLD 11_8322093,59,4,0.063492063
27.0 - BLD 12_8322396,60,3,0.047619048
271.0 - BLD 10_5536935,60,1,0.016393443
271.0 - BLD 11_8232049,99,4,0.038834951
276.0 - BLD 01_7703521,99,4,0.038834951
276.0 - BLD 02_3197994,91,1,0.010869565
276.0 - BLD 03_8300510,56,1,0.01754386
276.0 - BLD 04_7209938,101,2,0.019417476
277.0 - BLD 01_7693534,101,2,0.019417476
278.0 - BLD 23_6540608,78,1,0.012658228
278.0 - BLD 24_8123249,78,1,0.012658228
278.0 - BLD 25_2580529,78,1,0.012658228
278.0 - BLD 26_2180293,53,3,0.053571429
278.0 - BLD 26_6312226,75,4,0.050632911
278.0 - BLD 27_7297008,73,6,0.075949367
278.0 - BLD 28_6438677,78,1,0.012658228
278.0 - BLD 28_6626444,77,2,0.025316456
278.0 - BLD 29_5772930,76,3,0.037974684
278.0 - BLD 30_2770823,78,1,0.012658228
278.0 - BLD 31_2763430,77,2,0.025316456
278.0 - BLD 32_7890501,75,4,0.050632911
278.0 - BLD 33_5483261,62,5,0.074626866
278.0 - BLD 34_4905626,76,3,0.037974684
278.0 - BLD 35_7833799,76,3,0.037974684
278.0 - BLD 36_2640874,66,3,0.043478261
279.0 - BLD 01_3552903,101,,0
279.0 - BLD 01_3703376,100,1,0.00990099
279.0 - BLD 01_7929572,100,2,0.019607843
28.0 - BLD 01_8125780,82,1,0.012048193
28.0 - BLD 02_7930001,82,1,0.012048193
28.0 - BLD 03_7930003,82,1,0.012048193
28.0 - BLD 04_8096607,81,2,0.024096386
28.0 - BLD 05_7929977,82,1,0.012048193
28.0 - BLD 06_8096601,82,1,0.012048193
28.0 - BLD 07_8096605,81,2,0.024096386
28.0 - BLD 08_8093918,81,2,0.024096386
28.0 - BLD 09 - Community Center_8570506,98,3,0.02970297
280.0 - BLD 01_8349972,95,8,0.077669903
280.0 - BLD 02_8349994,100,3,0.029126214
280.0 - BLD 03_8349995,99,4,0.038834951
280.0 - BLD 04_8561805,99,4,0.038834951
280.0 - BLD 05_8349996,98,5,0.048543689
280.0 - BLD 06_8349997,99,4,0.038834951
280.0 - BLD 07_8350178,96,7,0.067961165
281.0 - BLD 01_8205902,70,1,0.014084507
282.0 - BLD 01_6147844,92,3,0.031578947
285.0 - BLD 01_6251262,100,2,0.019607843
285.0 - BLD 02_6370152,100,2,0.019607843
285.0 - BLD 03_7117249,101,2,0.019417476
285.0 - BLD 04_7441733,97,5,0.049019608
285.0 - BLD 05_6415043,87,4,0.043956044
286.0 - BLD 03_7125119,99,4,0.038834951
286.0 - BLD 04_7835020,100,3,0.029126214
287.0 - BLD 01 - Community Center_8545700,101,2,0.019417476
287.0 - BLD 01_8545699,57,2,0.033898305
29.0 - BLD 01_8232121,98,5,0.048543689
29.0 - BLD 02_8232113,97,6,0.058252427
29.0 - BLD 03_8232100,99,4,0.038834951
29.0 - BLD 04_8232099,101,2,0.019417476
29.0 - BLD 05_8096712,51,2,0.037735849
29.0 - BLD 06_8232109,97,6,0.058252427
29.0 - BLD 07_8232123,97,6,0.058252427
29.0 - BLD 08_8232114,99,4,0.038834951
29.0 - BLD 09_8232101,98,5,0.048543689
29.0 - BLD 10_8232107,98,5,0.048543689
292.0 - BLD 01_5321429,97,5,0.049019608
292.0 - BLD 01_8465000,60,1,0.016393443
292.0 - BLD 01_8633611,87,10,0.103092784
292.0 - BLD 02_8361385,60,5,0.076923077
293.0 - BLD 01_5397806,98,5,0.048543689
293.0 - BLD 01_7505066,96,7,0.067961165
293.0 - BLD 03_7268715,93,2,0.021052632
293.0 - BLD 04_7268714,101,2,0.019417476
293.0 - BLD 05_7262872,69,3,0.041666667
296.0 - BLD 01_7406137,100,3,0.029126214
296.0 - BLD 02_5646098,57,1,0.017241379
296.0 - BLD 03_7677488,101,2,0.019417476
297.0 - BLD 01_5933799,83,9,0.097826087
297.0 - BLD 01_7860262,101,2,0.019417476
3.0 - BLD 01_8095249,93,3,0.03125
3.0 - BLD 01_8095265,95,1,0.010416667
3.0 - BLD 02_8095247,91,5,0.052083333
3.0 - BLD 02_8095261,95,1,0.010416667
3.0 - BLD 03_8095248,94,2,0.020833333
3.0 - BLD 03_8095260,95,1,0.010416667
3.0 - BLD 04_8095271,92,4,0.041666667
3.0 - BLD 04_8095273,94,2,0.020833333
3.0 - BLD 05_8095259,93,3,0.03125
3.0 - BLD 05_8095262,92,4,0.041666667
3.0 - BLD 06_8095266,94,2,0.020833333
3.0 - BLD 06_8095274,93,3,0.03125
3.0 - BLD 07_8095250,95,1,0.010416667
3.0 - BLD 07_8095264,91,5,0.052083333
30.0 - BLD 01_8362650,56,4,0.066666667
30.0 - BLD 02_8362653,56,4,0.066666667
30.0 - BLD 03_8362651,59,1,0.016666667
30.0 - BLD 04 - Community Center_6673159,96,6,0.058823529
30.0 - BLD 04_8095311,56,4,0.066666667
30.0 - BLD 05_7930155,57,3,0.05
30.0 - BLD 06_7930178,56,4,0.066666667
30.0 - BLD 07_7423781,57,3,0.05
30.0 - BLD 08_8075319,56,4,0.066666667
30.0 - BLD 09_7930182,58,2,0.033333333
30.0 - BLD 10_8075306,55,5,0.083333333
302.0 - BLD 01_8023364,100,3,0.029126214
302.0 - BLD 01_8088709,96,7,0.067961165
302.0 - BLD 02_7608926,92,3,0.031578947
302.0 - BLD 03_7245207,68,1,0.014492754
302.0 - BLD 04_8074786,99,4,0.038834951
302.0 - BLD 05_6036863,98,5,0.048543689
302.0 - BLD 06_8160663,99,4,0.038834951
302.0 - BLD 07_6699321,99,4,0.038834951
302.0 - BLD 08_7661864,98,5,0.048543689
302.0 - BLD 09_5647341,101,2,0.019417476
302.0 - BLD 10_7972651,99,2,0.01980198
302.0 - BLD 11_7390166,98,5,0.048543689
302.0 - BLD 12_7517708,80,2,0.024390244
302.0 - BLD 13_8071773,95,6,0.059405941
302.0 - BLD 14_8881052,95,8,0.077669903
302.0 - BLD 15_4906172,98,5,0.048543689
302.0 - BLD 16_7161135,95,5,0.05
302.0 - BLD 17_7356812,98,5,0.048543689
302.0 - BLD 18_8071844,97,4,0.03960396
302.0 - BLD 19_5776059,101,2,0.019417476
302.0 - BLD 20_5919677,100,3,0.029126214
302.0 - BLD 21_7564361,93,10,0.097087379
302.0 - BLD 22_8071840,98,3,0.02970297
302.0 - BLD 23_7972648,95,6,0.059405941
302.0 - BLD 24_7423125,101,2,0.019417476
302.0 - BLD 25_6646996,99,4,0.038834951
303.0 - BLD 26_7423124,98,4,0.039215686
303.0 - BLD 27_7363429,98,5,0.048543689
303.0 - BLD 28_7442728,94,8,0.078431373
303.0 - BLD 29_7390591,92,11,0.106796117
303.0 - BLD 30_7423127,96,7,0.067961165
303.0 - BLD 31_8002323,98,5,0.048543689
303.0 - BLD 32_7210780,99,4,0.038834951
303.0 - BLD 33_7515357,98,5,0.048543689
303.0 - BLD 34_4911399,89,3,0.032608696
303.0 - BLD 35_7662909,100,3,0.029126214
303.0 - BLD 36_7442599,93,10,0.097087379
303.0 - BLD 37_8071839,96,7,0.067961165
303.0 - BLD 38_8444333,58,4,0.064516129
303.0 - BLD 39_7972649,98,5,0.048543689
303.0 - BLD 40_8074787,96,5,0.04950495
303.0 - BLD 41_7661684,99,4,0.038834951
303.0 - BLD 42_7390980,95,8,0.077669903
303.0 - BLD 43_8076491,79,1,0.0125
303.0 - BLD 44_6360233,101,2,0.019417476
303.0 - BLD 45_7545428,98,5,0.048543689
303.0 - BLD 46_7347348,99,4,0.038834951
303.0 - BLD 47_7564364,101,2,0.019417476
303.0 - BLD 48_5775022,101,2,0.019417476
303.0 - BLD 49_7390981,97,6,0.058252427
303.0 - BLD 50_8165265,100,2,0.019607843
303.0 - BLD 51 - Community Center_6484303,101,2,0.019417476
304.0 - BLD 01_7114306,99,4,0.038834951
304.0 - BLD 02_7116709,98,5,0.048543689
304.0 - BLD 03_5646601,50,1,0.019607843
304.0 - BLD 03_8574015,48,2,0.04
304.0 - BLD 04_7382285,100,3,0.029126214
304.0 - BLD 05_6245330,101,2,0.019417476
305.0 - BLD 01_5389430,97,1,0.010204082
305.0 - BLD 01_7347051,93,4,0.041237113
305.0 - BLD 02_5931404,100,1,0.00990099
305.0 - BLD 02_7838309,97,4,0.03960396
305.0 - BLD 04_6671915,49,2,0.039215686
305.0 - BLD 04_8089783,89,11,0.11
307.0 - BLD 01_8561944,100,2,0.019607843
307.0 - BLD 02_8200763,78,5,0.060240964
307.0 - BLD 03_6243553,101,2,0.019417476
307.0 - BLD 04_7363075,100,3,0.029126214
307.0 - BLD 05_4012466,99,4,0.038834951
307.0 - BLD 06_8741239,95,8,0.077669903
308.0 - BLD 01_5017672,98,5,0.048543689
308.0 - BLD 01_5017684,99,4,0.038834951
308.0 - BLD 01_7405988,67,1,0.014705882
308.0 - BLD 02_8445002,98,5,0.048543689
308.0 - BLD 03_7930369,66,2,0.029411765
308.0 - BLD 04_7835151,101,2,0.019417476
308.0 - BLD 05_6621147,101,2,0.019417476
309.0 - BLD 01_5159431,101,2,0.019417476
309.0 - BLD 01_6383071,97,6,0.058252427
31.0 - ALBANY BLD 01_4580863,55,2,0.035087719
31.0 - ALBANY BLD 02_5081895,74,2,0.026315789
31.0 - ALBANY BLD 03_5081734,71,2,0.02739726
31.0 - ALBANY BLD 04_7662330,70,6,0.078947368
311.0 - BLD 01_4950319,100,3,0.029126214
311.0 - BLD 01_7250278,101,2,0.019417476
311.0 - BLD 02_5652259,68,1,0.014492754
311.0 - BLD 03_5704985,96,7,0.067961165
312.0 - BLD 01_8072876,99,3,0.029411765
312.0 - BLD 07_7908830,101,2,0.019417476
312.0 - BLD 1_7272594,97,6,0.058252427
312.0 - BLD 3_7908606,97,6,0.058252427
313.0 - BLD 01 - Community Center_7356823,100,2,0.019607843
313.0 - BLD 01_7891031,92,1,0.010752688
313.0 - BLD 02_7891032,99,3,0.029411765
313.0 - BLD 03_7891030,94,1,0.010526316
313.0 - BLD 04_7891029,99,3,0.029411765
313.0 - BLD 05_7908612,96,7,0.067961165
314.0 - BLD 01_5032388,95,8,0.077669903
314.0 - BLD 01_7404348,97,6,0.058252427
315.0 - BLD 01_4948246,93,9,0.088235294
315.0 - BLD 01_6625874,93,10,0.097087379
315.0 - BLD 02_4965362,98,4,0.039215686
315.0 - BLD 02_4965627,94,8,0.078431373
315.0 - BLD 02_7692834,99,4,0.038834951
315.0 - BLD 03 - Community Center_7703609,90,13,0.126213592
316.0 - BLD 01_4684400,100,2,0.019607843
316.0 - BLD 01_4684432,100,2,0.019607843
316.0 - BLD 01_4684454,100,2,0.019607843
316.0 - BLD 01_4946700,100,1,0.00990099
316.0 - BLD 01_4952060,98,4,0.039215686
316.0 - BLD 01_4952091,93,9,0.088235294
316.0 - BLD 01_4952101,100,2,0.019607843
316.0 - BLD 01_4952111,99,2,0.01980198
316.0 - BLD 01_4952115,98,4,0.039215686
316.0 - BLD 01_4952116,97,5,0.049019608
316.0 - BLD 01_4952135,64,5,0.072463768
316.0 - BLD 01_5003866,100,1,0.00990099
316.0 - BLD 01_5367449,100,2,0.019607843
316.0 - BLD 01_6938558,95,7,0.068627451
316.0 - BLD 01_7406023,97,5,0.049019608
32.0 - BLD 01_8322128,90,1,0.010989011
32.0 - BLD 02_8125316,90,1,0.010989011
32.0 - BLD 03_8093923,101,2,0.019417476
32.0 - BLD 04_8096650,101,2,0.019417476
32.0 - BLD 05_8096632,101,2,0.019417476
32.0 - BLD 06_8096633,101,2,0.019417476
32.0 - BLD 07_8096631,89,3,0.032608696
32.0 - BLD 07_8096637,91,1,0.010869565
32.0 - BLD 09_8096647,101,2,0.019417476
32.0 - BLD 10 - Community Center_7836344,101,2,0.019417476
324.0 - BLD 01_5423595,67,2,0.028985507
324.0 - BLD 02_4888149,101,2,0.019417476
324.0 - BLD 02_7390712,100,3,0.029126214
324.0 - BLD 03_7891053,97,4,0.03960396
324.0 - BLD 03_8466252,100,3,0.029126214
324.0 - BLD 04_7442721,92,2,0.021276596
324.0 - BLD 04_7706972,95,7,0.068627451
324.0 - BLD 05_7545431,99,2,0.01980198
324.0 - BLD 05_8881064,96,5,0.04950495
325.0 - BLD 01_7273048,98,3,0.02970297
325.0 - BLD 01_7382498,94,1,0.010526316
325.0 - BLD 02 - Community Center_8888116,97,4,0.03960396
325.0 - BLD 02_6505091,100,2,0.019607843
326.0 - BLD 01_6790321,94,9,0.087378641
326.0 - BLD 02_5647227,99,3,0.029411765
326.0 - BLD 03_7115356,101,2,0.019417476
326.0 - BLD 04_7268751,98,5,0.048543689
326.0 - BLD 05_7268750,99,4,0.038834951
329.0 - BLD 01_6246111,99,3,0.029411765
33.0 - BLD 01_8125819,80,2,0.024390244
33.0 - BLD 02_8125824,76,6,0.073170732
33.0 - BLD 03_8125827,80,2,0.024390244
33.0 - BLD 04_8125825,79,3,0.036585366
33.0 - BLD 05_8125823,78,4,0.048780488
33.0 - BLD 06_8125830,79,3,0.036585366
33.0 - BLD 07_8125834,80,2,0.024390244
33.0 - BLD 08_8125817,80,2,0.024390244
33.0 - BLD 09_8125822,80,2,0.024390244
33.0 - BLD 10_8125818,79,3,0.036585366
33.0 - BLD 11_8125828,77,5,0.06097561
33.0 - BLD 12_8125821,78,4,0.048780488
33.0 - BLD 13_8125820,77,5,0.06097561
33.0 - BLD 14_8125829,80,2,0.024390244
33.0 - BLD 15_8125833,78,4,0.048780488
33.0 - BLD 16_8125813,79,3,0.036585366
33.0 - BLD 17_8321870,78,4,0.048780488
33.0 - BLD 18_8125808,80,2,0.024390244
33.0 - BLD 19_8096392,79,3,0.036585366
33.0 - BLD 20_8125814,79,3,0.036585366
330.0 - BLD 01_7913169,97,5,0.049019608
330.0 - BLD 02_6548490,67,5,0.069444444
331.0 - BLD 03_7268716,101,2,0.019417476
331.0 - BLD 04_6679825,100,3,0.029126214
333.0 - BLD 01_8561083,94,9,0.087378641
334.0 - BLD 01_8002479,100,3,0.029126214
334.0 - BLD 02_8093141,99,4,0.038834951
334.0 - BLD 03_7836967,100,1,0.00990099
334.0 - BLD 03_8084241,95,6,0.059405941
335.0 - BLD 01_6245931,100,3,0.029126214
335.0 - BLD 02_6242998,98,1,0.01010101
335.0 - BLD 03_8443906,60,2,0.032258065
335.0 - BLD 04_6036736,101,2,0.019417476
335.0 - BLD 05_8319562,65,1,0.015151515
335.0 - BLD 06_6540508,101,2,0.019417476
335.0 - BLD 07_7295341,97,4,0.03960396
335.0 - BLD 08_7518002,101,2,0.019417476
335.0 - BLD 09_6671626,101,2,0.019417476
336.0 - BLD 01_7545119,99,4,0.038834951
336.0 - BLD 02_7834992,100,3,0.029126214
336.0 - BLD 03_7719769,100,3,0.029126214
337.0 - BLD 02_8076862,88,14,0.137254902
337.0 - BLD 03_5503301,92,6,0.06122449
337.0 - BLD 03_5503302,97,6,0.058252427
337.0 - BLD 03_5651747,92,4,0.041666667
337.0 - BLD 04_5427055,94,3,0.030927835
337.0 - BLD 04_7346971,96,4,0.04
337.0 - BLD 05_7295772,101,2,0.019417476
338.0 - BLD 01_6246539,100,3,0.029126214
338.0 - BLD 02_5329661,100,3,0.029126214
338.0 - BLD 03_7690748,100,2,0.019607843
338.0 - BLD 04_6617365,93,9,0.088235294
338.0 - BLD 04_7505176,99,3,0.029411765
338.0 - BLD 05_6651022,94,6,0.06
338.0 - BLD 05_8375549,61,1,0.016129032
338.0 - BLD 06_7663421,101,2,0.019417476
338.0 - BLD 07_7264499,101,2,0.019417476
339.0 - BLD 01_8072899,96,5,0.04950495
339.0 - BLD 02_7951784,97,6,0.058252427
339.0 - BLD 02_7951785,98,5,0.048543689
339.0 - BLD 02_7972625,93,8,0.079207921
339.0 - BLD 03_8072894,91,4,0.042105263
339.0 - BLD 04_7660317,99,3,0.029411765
339.0 - BLD 05_5429735,97,5,0.049019608
34.0 - BLD 01_7929840,100,3,0.029126214
34.0 - BLD 02_7929846,100,3,0.029126214
34.0 - BLD 03_7860095,100,3,0.029126214
34.0 - BLD 04_7929825,101,2,0.019417476
34.0 - BLD 05_7860107,100,3,0.029126214
34.0 - BLD 06_7929830,100,3,0.029126214
34.0 - BLD 07_8008347,101,2,0.019417476
34.0 - BLD 08_8096728,100,3,0.029126214
34.0 - BLD 09_7929928,101,2,0.019417476
34.0 - BLD 10_7929845,100,3,0.029126214
340.0 - BLD 01_7272396,78,4,0.048780488
340.0 - BLD 01_7334265,80,2,0.024390244
341.0 - BLD 01_7706532,96,7,0.067961165
341.0 - BLD 02_6311007,100,3,0.029126214
341.0 - BLD 03_7505179,96,7,0.067961165
341.0 - BLD 04_7835072,95,8,0.077669903
342.0 - BLD 01_6382700,92,9,0.089108911
342.0 - BLD 01_8089804,98,3,0.02970297
343.0 - BLD 01_4585919,98,5,0.048543689
343.0 - BLD 01_4587383,95,8,0.077669903
343.0 - BLD 01_4588085,95,8,0.077669903
343.0 - BLD 01_4589156,93,10,0.097087379
343.0 - BLD 01_4591105,100,3,0.029126214
343.0 - BLD 01_4609856,98,5,0.048543689
343.0 - BLD 01_4613122,98,5,0.048543689
343.0 - BLD 01_4651458,100,3,0.029126214
343.0 - BLD 01_4817430,95,8,0.077669903
343.0 - BLD 01_5096104,96,7,0.067961165
343.0 - BLD 01_5096992,97,6,0.058252427
343.0 - BLD 01_5106231,101,2,0.019417476
343.0 - BLD 01_5116615,99,4,0.038834951
343.0 - BLD 01_5116640,96,7,0.067961165
343.0 - BLD 01_5135198,96,7,0.067961165
343.0 - BLD 01_5165466,97,6,0.058252427
343.0 - BLD 01_5169035,95,8,0.077669903
343.0 - BLD 01_5308256,97,6,0.058252427
343.0 - BLD 01_5470999,98,5,0.048543689
343.0 - BLD 01_6911424,101,2,0.019417476
343.0 - BLD 01_7613341,100,3,0.029126214
344.0 - BLD 01_8200623,96,3,0.03030303
345.0 - BLD 01_8074665,100,3,0.029126214
345.0 - BLD 02_8074670,100,3,0.029126214
345.0 - BLD 03_7564319,101,2,0.019417476
346.0 - BLD 01_8443716,97,6,0.058252427
346.0 - BLD 02_8506872,59,2,0.032786885
346.0 - BLD 03_8298891,99,4,0.038834951
347.0 - BLD 01_7821818,99,4,0.038834951
348.0 - BLD 01_8559220,100,3,0.029126214
348.0 - BLD 02_7864477,49,4,0.075471698
348.0 - BLD 03_8072875,100,3,0.029126214
35.0 - BLD 05_8008857,100,3,0.029126214
351.0 - BLD 01_8558900,99,4,0.038834951
351.0 - BLD 02_8002300,96,7,0.067961165
351.0 - BLD 03_8558927,101,2,0.019417476
351.0 - BLD 04_5301136,60,1,0.016393443
351.0 - BLD 04_7371966,99,3,0.029411765
351.0 - BLD 06_8074788,95,5,0.05
351.0 - BLD 07_8002301,95,2,0.020618557
351.0 - BLD 09_8072874,98,4,0.039215686
352.0 - BLD 01_7707533,95,8,0.077669903
352.0 - BLD 03_6414930,100,3,0.029126214
352.0 - BLD 03_7855286,99,4,0.038834951
352.0 - BLD 04_7390699,98,5,0.048543689
352.0 - BLD 05_6789690,101,2,0.019417476
353.0 - BLD 01_5378902,96,1,0.010309278
353.0 - BLD 01_6566083,98,2,0.02
353.0 - BLD 01_7382395,98,3,0.02970297
353.0 - BLD 02_7838211,98,3,0.02970297
354.0 - BLD 01_7707460,87,1,0.011363636
354.0 - BLD 02_7248220,97,6,0.058252427
354.0 - BLD 02_7754374,90,8,0.081632653
354.0 - BLD 02_7754375,90,13,0.126213592
354.0 - BLD 03_7864437,99,4,0.038834951
354.0 - BLD 04_8560244,48,2,0.04
354.0 - BLD 05_7864435,101,2,0.019417476
354.0 - BLD 06_7689728,99,4,0.038834951
354.0 - BLD 07_7864482,100,3,0.029126214
354.0 - BLD 08_7661513,101,2,0.019417476
355.0 - BLD 01_7406192,100,3,0.029126214
355.0 - BLD 01_7906666,101,2,0.019417476
356.0 - BLD 01_6844157,98,3,0.02970297
356.0 - BLD 02_7382284,97,4,0.03960396
356.0 - BLD 03_6385701,54,1,0.018181818
356.0 - BLD 04_6766530,96,5,0.04950495
356.0 - BLD 05_7382287,99,2,0.01980198
356.0 - BLD 06_6385578,96,5,0.04950495
357.0 - BLD 01_7821110,96,7,0.067961165
357.0 - BLD 02_6143488,100,2,0.019607843
357.0 - BLD 03_7864272,101,2,0.019417476
357.0 - BLD 04_7449953,90,11,0.108910891
358.0 - BLD 02_7972624,99,4,0.038834951
358.0 - BLD 03_7891078,100,3,0.029126214
359.0 - BLD 01_6498473,99,4,0.038834951
360.0 - BLD 02_7406050,97,6,0.058252427
360.0 - BLD 03_6626072,98,5,0.048543689
360.0 - BLD 04_7821275,101,2,0.019417476
362.0 - BLD 01_5651104,100,3,0.029126214
362.0 - BLD 02_5705166,93,3,0.03125
363.0 - BLD 01_7247458,98,3,0.02970297
364.0 - BLD 01_6315677,97,6,0.058252427
364.0 - BLD 02_8562414,54,3,0.052631579
365.0 - BLD 01_8560238,84,2,0.023255814
365.0 - BLD 03_8444065,101,2,0.019417476
365.0 - BLD 04_8559292,58,4,0.064516129
365.0 - BLD 05_8444073,55,6,0.098360656
365.0 - BLD 06_7907868,95,8,0.077669903
365.0 - BLD 07_8002302,98,3,0.02970297
365.0 - BLD 07_8090262,67,3,0.042857143
365.0 - BLD 08_8444076,76,4,0.05
366.0 - BLD 01_8444088,60,1,0.016393443
366.0 - BLD 02_8444086,98,5,0.048543689
366.0 - BLD 03_8558926,95,8,0.077669903
366.0 - BLD 04_8074789,97,5,0.049019608
366.0 - BLD 05_8072898,97,4,0.03960396
367.0 - BLD 02_8185231,78,4,0.048780488
367.0 - BLD 05_7245306,99,4,0.038834951
367.0 - BLD 07_6540562,93,10,0.097087379
367.0 - BLD 10_6565900,101,2,0.019417476
367.0 - BLD 13_5706393,94,9,0.087378641
368.0 - BLD 01_8444074,97,6,0.058252427
368.0 - BLD 02_8298393,50,4,0.074074074
368.0 - BLD 03_8712542,101,2,0.019417476
368.0 - BLD 04_6621062,97,6,0.058252427
368.0 - BLD 05_7663190,99,4,0.038834951
368.0 - BLD 06_5777987,101,2,0.019417476
368.0 - BLD 07_8072900,97,6,0.058252427
369.0 - BLD 01_6249766,101,2,0.019417476
369.0 - BLD 02_6249758,89,4,0.043010753
369.0 - BLD 03_8072571,101,2,0.019417476
37.0 - BLD 01_8478380,59,5,0.078125
37.0 - BLD 02_8266790,74,3,0.038961039
37.0 - BLD 03_8266792,96,3,0.03030303
37.0 - BLD 04_8266797,76,1,0.012987013
37.0 - BLD 05_8266791,97,2,0.02020202
37.0 - BLD 06_8266788,98,1,0.01010101
37.0 - BLD 07_8266785,75,2,0.025974026
37.0 - BLD 08_8266789,72,5,0.064935065
370.0 - BLD 02_7297380,100,2,0.019607843
370.0 - BLD 02_8382880,99,1,0.01
370.0 - BLD 03_6244352,100,2,0.019607843
370.0 - BLD 04_6244328,91,12,0.116504854
371.0 - BLD 01_8544035,97,4,0.03960396
371.0 - BLD 02_6319404,95,7,0.068627451
371.0 - BLD 02_7161124,95,7,0.068627451
371.0 - BLD 03_6504691,98,4,0.039215686
377.0 - BLD 01_8924393,94,9,0.087378641
377.0 - BLD 02_6036169,100,3,0.029126214
377.0 - BLD 03_8769564,100,3,0.029126214
377.0 - BLD 04_6528917,101,2,0.019417476
377.0 - BLD 05_6707470,99,4,0.038834951
377.0 - BLD 06_7890555,99,4,0.038834951
377.0 - BLD 07_7356333,98,5,0.048543689
377.0 - BLD 08_7356676,99,4,0.038834951
377.0 - BLD 09_7406139,98,4,0.039215686
377.0 - BLD 10_8023048,94,9,0.087378641
377.0 - BLD 11_5777838,97,6,0.058252427
377.0 - BLD 12_7165648,98,5,0.048543689
377.0 - BLD 13_6034136,100,3,0.029126214
377.0 - BLD 14_7356150,101,2,0.019417476
377.0 - BLD 15_6728853,98,5,0.048543689
377.0 - BLD 16_5646184,96,6,0.058823529
377.0 - BLD 17_7372018,100,3,0.029126214
377.0 - BLD 18_8096131,99,4,0.038834951
377.0 - BLD 19_6882299,101,2,0.019417476
377.0 - BLD 20_8404464,60,2,0.032258065
377.0 - BLD 21_5932559,94,9,0.087378641
377.0 - BLD 22_7890509,98,5,0.048543689
377.0 - BLD 23_6034130,99,3,0.029411765
377.0 - BLD 24_7423404,98,5,0.048543689
377.0 - BLD 25_7405987,99,4,0.038834951
377.0 - BLD 26_7207900,101,2,0.019417476
377.0 - BLD 27_7821988,101,2,0.019417476
377.0 - BLD 28_7356331,96,7,0.067961165
377.0 - BLD 29_6539605,100,3,0.029126214
377.0 - BLD 30_5931752,95,8,0.077669903
377.0 - BLD 31_7356315,99,4,0.038834951
377.0 - BLD 32_7707116,94,9,0.087378641
377.0 - BLD 33_7837960,100,3,0.029126214
377.0 - BLD 34_6029018,98,5,0.048543689
377.0 - BLD 35_5922035,96,7,0.067961165
377.0 - BLD 36_7707614,96,7,0.067961165
377.0 - BLD 37_7406138,99,4,0.038834951
377.0 - BLD 38_8466768,57,3,0.05
377.0 - BLD 44_6852237,98,5,0.048543689
377.0 - BLD 45_7564288,99,4,0.038834951
377.0 - BLD 48 - Community Center_5705928,101,2,0.019417476
377.0 - BLD 48 - Community Center_5922581,100,3,0.029126214
377.0 - BLD 48 - Community Center_7706326,97,6,0.058252427
38.0 - BLD 01_8266800,74,5,0.063291139
38.0 - BLD 02_8266813,78,1,0.012658228
38.0 - BLD 03_8266814,74,5,0.063291139
38.0 - BLD 05_8266806,74,5,0.063291139
38.0 - BLD 06_8266805,76,3,0.037974684
38.0 - BLD 07_8322045,76,3,0.037974684
38.0 - BLD 08_8661635,72,7,0.088607595
38.0 - BLD 09_8478444,76,3,0.037974684
38.0 - BLD 10_8266809,76,3,0.037974684
38.0 - BLD 11_8266808,76,3,0.037974684
38.0 - BLD 13_8266811,73,6,0.075949367
389.0 - BLD 39_6699106,101,2,0.019417476
389.0 - BLD 40_7406150,99,4,0.038834951
389.0 - BLD 41_5912442,99,4,0.038834951
389.0 - BLD 42_5932522,101,2,0.019417476
389.0 - BLD 43_7025285,99,4,0.038834951
39.0 - BLD 01_7929837,97,5,0.049019608
39.0 - BLD 02_7929786,98,3,0.02970297
39.0 - BLD 03_7890053,96,6,0.058823529
39.0 - BLD 04_8094064,100,2,0.019607843
39.0 - BLD 04_8095282,100,1,0.00990099
39.0 - BLD 05_8008964,97,4,0.03960396
39.0 - BLD 06_7929839,94,7,0.069306931
39.0 - BLD 07_7700760,101,2,0.019417476
39.0 - BLD 07_8008955,97,4,0.03960396
39.0 - BLD 09_7890025,95,6,0.059405941
39.0 - BLD 10_7890032,97,4,0.03960396
39.0 - BLD 11_7860121,96,6,0.058823529
39.0 - BLD 12_7860131,100,3,0.029126214
39.0 - BLD 14_7929835,95,6,0.059405941
39.0 - BLD 15_7860139,95,7,0.068627451
39.0 - BLD 15_7929828,100,1,0.00990099
39.0 - BLD 16_7889937,99,4,0.038834951
39.0 - BLD 17_7889893,101,2,0.019417476
39.0 - BLD 18_8095572,100,3,0.029126214
39.0 - BLD 19_8125345,100,3,0.029126214
39.0 - BLD 20_8095571,98,5,0.048543689
39.0 - BLD 21_8125346,101,2,0.019417476
39.0 - BLD 22_8095568,100,3,0.029126214
39.0 - BLD 23_8095570,101,2,0.019417476
398.0 - BLD 46_7390756,96,7,0.067961165
399.0 - BLD 47_6145129,98,5,0.048543689
4.0 - RED HOOK EAST BLD 14_6541124,66,3,0.043478261
40.0 - BLD 01_7889978,97,6,0.058252427
40.0 - BLD 02_8095576,98,5,0.048543689
40.0 - BLD 03_8095573,100,3,0.029126214
40.0 - BLD 04_8095235,98,5,0.048543689
40.0 - BLD 05_8093972,98,5,0.048543689
40.0 - BLD 06_8093936,96,7,0.067961165
41.0 - BLD 01_8142948,60,4,0.0625
41.0 - BLD 02_8142950,61,3,0.046875
41.0 - BLD 03_8142947,60,4,0.0625
41.0 - BLD 04_8142957,58,6,0.09375
41.0 - BLD 05_8142949,59,5,0.078125
41.0 - BLD 06_8142951,59,5,0.078125
41.0 - BLD 07_8142976,60,4,0.0625
41.0 - BLD 08_8142941,60,4,0.0625
42.0 - BLD 07_8008856,101,2,0.019417476
44.0 - BLD 15 - Community Center_8078327,98,1,0.01010101
45.0 - BLD 01_7859814,100,3,0.029126214
45.0 - BLD 02_7929773,94,9,0.087378641
45.0 - BLD 03_7860101,98,5,0.048543689
45.0 - BLD 04_7890058,100,3,0.029126214
45.0 - BLD 06_7859944,97,6,0.058252427
45.0 - BLD 06_7929778,100,3,0.029126214
45.0 - BLD 07_7859876,100,3,0.029126214
47.0 - BLD 01_7860124,98,4,0.039215686
47.0 - BLD 02_7929779,98,4,0.039215686
47.0 - BLD 03_7929577,100,2,0.019607843
47.0 - BLD 04_7890045,100,2,0.019607843
47.0 - BLD 05_7929706,99,3,0.029411765
47.0 - BLD 06_7930082,99,3,0.029411765
47.0 - BLD 07_7929578,100,2,0.019607843
47.0 - BLD 08_7890060,97,5,0.049019608
47.0 - BLD 09_7930083,97,5,0.049019608
47.0 - BLD 10_7929709,100,2,0.019607843
47.0 - BLD 11_7929788,99,3,0.029411765
47.0 - BLD 14_7929701,98,4,0.039215686
48.0 - BLD 01_8096926,80,1,0.012345679
48.0 - BLD 01_8125734,79,2,0.024691358
48.0 - BLD 02_8125735,79,2,0.024691358
48.0 - BLD 03_8125718,80,1,0.012345679
48.0 - BLD 04_8125744,80,1,0.012345679
48.0 - BLD 06_8125736,79,2,0.024691358
48.0 - BLD 07_8125715,79,2,0.024691358
48.0 - BLD 09_8125741,78,3,0.037037037
48.0 - BLD 10_8125739,80,1,0.012345679
48.0 - BLD 11_8125728,79,2,0.024691358
48.0 - BLD 12_8125743,78,3,0.037037037
48.0 - BLD 13_8125722,81,1,0.012195122
48.0 - BLD 14_8125714,78,3,0.037037037
48.0 - BLD 14_8125724,80,1,0.012345679
48.0 - BLD 15_8125742,79,2,0.024691358
48.0 - BLD 16_8125729,79,2,0.024691358
48.0 - BLD 17_7834071,80,1,0.012345679
48.0 - BLD 18_8125719,79,2,0.024691358
48.0 - BLD 19_8125738,78,3,0.037037037
48.0 - BLD 20_8096925,78,3,0.037037037
48.0 - BLD 21_8125732,79,2,0.024691358
48.0 - BLD 21_8125737,79,2,0.024691358
48.0 - BLD 22_8125727,78,3,0.037037037
48.0 - BLD 23_8125726,80,1,0.012345679
48.0 - BLD 24_8125709,77,4,0.049382716
48.0 - BLD 25_8125731,78,3,0.037037037
48.0 - BLD 26_8125720,80,1,0.012345679
48.0 - BLD 27_8125721,80,1,0.012345679
48.0 - BLD 27_8125725,80,1,0.012345679
48.0 - BLD 30_8125733,80,1,0.012345679
48.0 - BLD 31_8125730,79,2,0.024691358
49.0 - BLD 01_8095303,100,1,0.00990099
49.0 - BLD 02_8095304,100,1,0.00990099
49.0 - BLD 03_8095318,100,1,0.00990099
49.0 - BLD 04_8096592,86,1,0.011494253
49.0 - BLD 05_8093909,86,1,0.011494253
49.0 - BLD 06_8093910,100,1,0.00990099
49.0 - BLD 07_8093912,87,1,0.011363636
49.0 - BLD 07_8093922,87,1,0.011363636
49.0 - BLD 08_8096395,100,1,0.00990099
49.0 - BLD 09_8093911,98,3,0.02970297
49.0 - BLD 10_8362683,66,1,0.014925373
5.0 - NA_7526742,57,1,0.017241379
5.0 - QUEENSBRIDGE SOUTH BLD 05_8093806,75,3,0.038461538
5.0 - QUEENSBRIDGE SOUTH BLD 05_8093808,72,4,0.052631579
5.0 - QUEENSBRIDGE SOUTH BLD 05_8093824,76,2,0.025641026
5.0 - QUEENSBRIDGE SOUTH BLD 05_8125693,74,4,0.051282051
5.0 - QUEENSBRIDGE SOUTH BLD 05_8125697,73,5,0.064102564
5.0 - QUEENSBRIDGE SOUTH BLD 06_8093817,77,1,0.012820513
5.0 - QUEENSBRIDGE SOUTH BLD 06_8093826,76,2,0.025641026
5.0 - QUEENSBRIDGE SOUTH BLD 06_8093827,75,3,0.038461538
5.0 - QUEENSBRIDGE SOUTH BLD 07_8093809,66,4,0.057142857
5.0 - QUEENSBRIDGE SOUTH BLD 07_8093828,75,3,0.038461538
5.0 - QUEENSBRIDGE SOUTH BLD 08_8093903,69,1,0.014285714
5.0 - QUEENSBRIDGE SOUTH BLD 14_8093805,76,2,0.025641026
5.0 - QUEENSBRIDGE SOUTH BLD 15_8093812,74,4,0.051282051
5.0 - QUEENSBRIDGE SOUTH BLD 16_8093813,71,4,0.053333333
5.0 - QUEENSBRIDGE SOUTH BLD 16_8321833,55,4,0.06779661
5.0 - QUEENSBRIDGE SOUTH BLD 17_8125706,73,5,0.064102564
5.0 - QUEENSBRIDGE SOUTH BLD 25_8093807,73,5,0.064102564
5.0 - QUEENSBRIDGE SOUTH BLD 25_8093818,75,3,0.038461538
5.0 - QUEENSBRIDGE SOUTH BLD 26_8093821,75,1,0.013157895
5.0 - QUEENSBRIDGE SOUTH BLD 26_8093822,77,1,0.012820513
50.0 - LEXINGTON BLD 01_8266716,69,7,0.092105263
50.0 - LEXINGTON BLD 02_8094991,68,7,0.093333333
50.0 - LEXINGTON BLD 03_8094988,69,7,0.092105263
50.0 - LEXINGTON BLD 04_8661576,70,6,0.078947368
502.0 - BLD 13_7837118,94,6,0.06
502.0 - BLD 14_7821335,93,2,0.021052632
502.0 - BLD 15_6316156,61,3,0.046875
502.0 - BLD 17_6370135,99,1,0.01
505.0 - QUEENSBRIDGE NORTH BLD 01_8093823,74,4,0.051282051
505.0 - QUEENSBRIDGE NORTH BLD 01_8125698,75,3,0.038461538
505.0 - QUEENSBRIDGE NORTH BLD 02_8125696,76,2,0.025641026
505.0 - QUEENSBRIDGE NORTH BLD 03_8125694,75,3,0.038461538
505.0 - QUEENSBRIDGE NORTH BLD 04_8093819,77,1,0.012820513
505.0 - QUEENSBRIDGE NORTH BLD 09_8125705,75,3,0.038461538
505.0 - QUEENSBRIDGE NORTH BLD 10_8125699,77,1,0.012820513
505.0 - QUEENSBRIDGE NORTH BLD 11_8093816,77,1,0.012820513
505.0 - QUEENSBRIDGE NORTH BLD 12_8125700,74,4,0.051282051
505.0 - QUEENSBRIDGE NORTH BLD 13_8093802,75,3,0.038461538
505.0 - QUEENSBRIDGE NORTH BLD 19_8093803,77,1,0.012820513
505.0 - QUEENSBRIDGE NORTH BLD 19_8093804,76,2,0.025641026
505.0 - QUEENSBRIDGE NORTH BLD 19_8093814,75,3,0.038461538
505.0 - QUEENSBRIDGE NORTH BLD 20_8125692,75,3,0.038461538
505.0 - QUEENSBRIDGE NORTH BLD 21_8093722,74,4,0.051282051
505.0 - QUEENSBRIDGE NORTH BLD 21_8093820,77,1,0.012820513
505.0 - QUEENSBRIDGE NORTH BLD 21_8125691,75,3,0.038461538
505.0 - QUEENSBRIDGE NORTH BLD 22_8125695,77,1,0.012820513
505.0 - QUEENSBRIDGE NORTH BLD 27_8096414,75,3,0.038461538
51.0 - BLD 01_99267717,101,2,0.019417476
51.0 - BLD 02 - Community Center_99822181,97,6,0.058252427
51.0 - BLD 02_96737637,100,2,0.019607843
51.0 - BLD 03_99267716,101,2,0.019417476
51.0 - BLD 04_99267714,100,1,0.00990099
51.0 - BLD 05_96747235,101,2,0.019417476
51.0 - BLD 06_96747190,101,2,0.019417476
51.0 - BLD 07_96747169,101,2,0.019417476
514.0 - BLD 03_7545228,100,3,0.029126214
514.0 - BLD 39 - Community Center_7210050,74,2,0.026315789
514.0 - WHITMAN BLD 01_8478528,99,1,0.01
514.0 - WHITMAN BLD 02_8661655,97,4,0.03960396
514.0 - WHITMAN BLD 03_8478530,99,2,0.01980198
514.0 - WHITMAN BLD 04_8478499,99,2,0.01980198
514.0 - WHITMAN BLD 05_8478529,98,3,0.02970297
514.0 - WHITMAN BLD 06_8478527,100,1,0.00990099
514.0 - WHITMAN BLD 07_8478500,98,3,0.02970297
514.0 - WHITMAN BLD 08_8478525,99,2,0.01980198
514.0 - WHITMAN BLD 09_8478532,100,1,0.00990099
514.0 - WHITMAN BLD 10_8572283,97,2,0.02020202
514.0 - WHITMAN BLD 11_8478531,100,1,0.00990099
514.0 - WHITMAN BLD 12_8572286,99,2,0.01980198
514.0 - WHITMAN BLD 13_8478504,97,3,0.03
514.0 - WHITMAN BLD 14_8478498,99,2,0.01980198
514.0 - WHITMAN BLD 15_8478526,96,5,0.04950495
514.0 - WHITMAN BLD 37_7144190,71,3,0.040540541
514.0 - WHITMAN BLD 38_7930310,97,4,0.03960396
515.0 - BLD 04_6249681,98,5,0.048543689
515.0 - BLD 04_6458091,99,4,0.038834951
516.0 - BLD 01_6249905,101,2,0.019417476
516.0 - NA_6505090,99,4,0.038834951
516.0 - NA_6940027,97,5,0.049019608
517.0 - BLD 01_5649351,87,6,0.064516129
518.0 - BLD 03_7391545,100,1,0.00990099
519.0 - BLD 01_6498538,98,5,0.048543689
519.0 - BLD 02_7821074,100,3,0.029126214
52.0 - BLD 01_8008858,100,3,0.029126214
520.0 - BLD 04_6370204,98,3,0.02970297
521.0 - BLD 06_7176981,101,2,0.019417476
523.0 - BLD 02_6247827,99,4,0.038834951
523.0 - BLD 03_7265340,101,2,0.019417476
523.0 - BLD 04_8745700,101,2,0.019417476
523.0 - BLD 05_5786116,98,5,0.048543689
523.0 - BLD 06_6145323,100,2,0.019607843
523.0 - BLD 07_6314557,98,5,0.048543689
523.0 - BLD 08_6990892,100,3,0.029126214
524.0 - BLD 07_6763674,97,6,0.058252427
525.0 - BLD 08_6095763,100,3,0.029126214
525.0 - BLD 08_7209364,94,9,0.087378641
525.0 - BLD 09_6990373,101,2,0.019417476
525.0 - BLD 10_7209362,97,6,0.058252427
526.0 - BLD 02_7275150,96,6,0.058823529
53.0 - BLD 01_7929814,99,2,0.01980198
53.0 - BLD 02_7929791,94,7,0.069306931
53.0 - BLD 03_8478490,99,2,0.01980198
53.0 - BLD 04_7929985,94,7,0.069306931
53.0 - BLD 07_7929982,94,7,0.069306931
53.0 - BLD 09_7929987,100,1,0.00990099
53.0 - BLD 10_7929800,97,4,0.03960396
53.0 - BLD 11_7929888,98,3,0.02970297
53.0 - BLD 16_7929823,99,2,0.01980198
53.0 - BLD 17_7929892,97,4,0.03960396
53.0 - BLD 18_7929889,99,2,0.01980198
53.0 - BLD 20_7929976,97,4,0.03960396
53.0 - BLD 22_8322223,99,2,0.01980198
53.0 - BLD 23_7929970,97,4,0.03960396
53.0 - BLD 24_7929808,96,5,0.04950495
53.0 - BLD 25_7929811,100,1,0.00990099
53.0 - BLD 26_7929804,93,8,0.079207921
53.0 - BLD 27_7929824,96,5,0.04950495
53.0 - BLD 28_7929819,100,1,0.00990099
53.0 - BLD 29_7929986,97,4,0.03960396
53.0 - BLD 30_7929980,98,3,0.02970297
53.0 - BLD 31_7929803,97,4,0.03960396
53.0 - BLD 32_7929806,98,3,0.02970297
53.0 - BLD 33_7929993,96,5,0.04950495
53.0 - BLD 34_7929969,98,3,0.02970297
53.0 - BLD 35_7929992,96,5,0.04950495
531.0 - BLD 04_7030740,99,4,0.038834951
531.0 - BLD 05_7403293,99,4,0.038834951
531.0 - BLD 06_6560246,101,2,0.019417476
54.0 - BLD 01_8125336,92,1,0.010752688
54.0 - BLD 02_8125333,92,1,0.010752688
54.0 - BLD 03_8125332,92,1,0.010752688
54.0 - BLD 04_8125335,92,1,0.010752688
54.0 - BLD 05_8125337,92,1,0.010752688
547.0 - BLD 01_5647136,47,3,0.06
547.0 - BLD 02_7821817,100,2,0.019607843
547.0 - BLD 03_5922683,100,2,0.019607843
547.0 - BLD 04_7821819,99,4,0.038834951
547.0 - BLD 3_5223456,55,3,0.051724138
55.0 - BLD 02_301197,101,2,0.019417476
559.0 - BLD 01_6842587,96,7,0.067961165
56.0 - BLD 01_8572100,101,2,0.019417476
56.0 - BLD 02_8572095,101,2,0.019417476
56.0 - BLD 03_8572093,101,2,0.019417476
56.0 - BLD 04_8572071,101,2,0.019417476
56.0 - BLD 05_8572099,101,2,0.019417476
56.0 - BLD 06_8572075,101,2,0.019417476
56.0 - BLD 07_8572098,99,4,0.038834951
56.0 - BLD 08_8572072,97,6,0.058252427
56.0 - BLD 09_8572069,91,2,0.021505376
56.0 - BLD 10_8572097,101,2,0.019417476
56.0 - BLD 11_8572074,100,3,0.029126214
56.0 - BLD 12_8572079,101,2,0.019417476
56.0 - BLD 13_8572103,97,6,0.058252427
56.0 - BLD 14_8572076,101,2,0.019417476
56.0 - BLD 15_8572073,101,2,0.019417476
56.0 - BLD 16_8572068,101,2,0.019417476
56.0 - BLD 17_8572091,101,2,0.019417476
56.0 - BLD 18_8572092,96,7,0.067961165
56.0 - BLD 19_8572065,97,6,0.058252427
56.0 - BLD 20_8301112,101,2,0.019417476
56.0 - BLD 21_8572066,100,3,0.029126214
56.0 - BLD 22_8572089,100,3,0.029126214
56.0 - BLD 23_8572096,101,2,0.019417476
56.0 - BLD 24_8572080,101,2,0.019417476
56.0 - BLD 25_8572090,101,2,0.019417476
56.0 - BLD 26_8572077,101,2,0.019417476
56.0 - BLD 27_8572067,101,2,0.019417476
56.0 - BLD 28_8572094,101,2,0.019417476
56.0 - BLD 29_8572078,101,2,0.019417476
56.0 - BLD 30_8572070,101,2,0.019417476
56.0 - BLD 32_8301113,100,3,0.029126214
57.0 - BLD 01_7929617,85,3,0.034090909
57.0 - BLD 02_7929948,87,1,0.011363636
57.0 - BLD 03_8096629,85,3,0.034090909
57.0 - BLD 04_7929949,85,3,0.034090909
57.0 - BLD 05_8322059,86,2,0.022727273
57.0 - BLD 06_7929950,70,2,0.027777778
57.0 - BLD 07_7929947,65,7,0.097222222
57.0 - BLD 08_7929612,87,1,0.011363636
57.0 - BLD 10_7929934,87,1,0.011363636
57.0 - BLD 11_8096634,86,2,0.022727273
57.0 - BLD 12_7929592,86,2,0.022727273
57.0 - BLD 13_7929863,87,1,0.011363636
57.0 - BLD 14_7929640,84,4,0.045454545
57.0 - BLD 15_7929923,87,1,0.011363636
57.0 - BLD 16_7929639,87,1,0.011363636
57.0 - BLD 17_7929632,87,1,0.011363636
57.0 - BLD 18_7929941,87,1,0.011363636
57.0 - BLD 19_7929582,87,1,0.011363636
57.0 - BLD 20_7929641,70,2,0.027777778
57.0 - BLD 21_7929636,87,1,0.011363636
57.0 - BLD 22_7929575,69,3,0.041666667
57.0 - BLD 23_7929921,87,1,0.011363636
57.0 - BLD 25_7929607,82,6,0.068181818
57.0 - BLD 26_7929876,83,5,0.056818182
57.0 - BLD 28_8362685,86,2,0.022727273
57.0 - BLD 29_8096646,87,1,0.011363636
57.0 - BLD 30_8096645,81,6,0.068965517
57.0 - BLD 35_7929890,85,2,0.022988506
57.0 - BLD 36_7929935,84,4,0.045454545
57.0 - BLD 37_7929924,86,2,0.022727273
57.0 - BLD 38_7929603,87,1,0.011363636
57.0 - BLD 39_7929938,84,4,0.045454545
57.0 - BLD 40_7929610,81,7,0.079545455
57.0 - BLD 41_7929937,86,2,0.022727273
58.0 - CARVER BLD 01_8572102,73,3,0.039473684
58.0 - CARVER BLD 02_8094994,68,7,0.093333333
58.0 - CARVER BLD 03_8094990,75,1,0.013157895
58.0 - CARVER BLD 04_8266721,71,5,0.065789474
58.0 - CARVER BLD 05_8094992,69,6,0.08
58.0 - CARVER BLD 06_8266722,69,7,0.092105263
58.0 - CARVER BLD 07_8094993,71,5,0.065789474
58.0 - CARVER BLD 08_8094989,69,7,0.092105263
58.0 - CARVER BLD 09_8266704,70,6,0.078947368
58.0 - CARVER BLD 10_8266711,70,6,0.078947368
58.0 - CARVER BLD 11_8094996,68,7,0.093333333
58.0 - CARVER BLD 12_8266723,71,5,0.065789474
58.0 - CARVER BLD 13_8266701,69,7,0.092105263
582.0 - DOUGLASS II BLD 13_8661722,99,2,0.01980198
582.0 - DOUGLASS II BLD 14_8661721,100,1,0.00990099
59.0 - BLD 01_8125755,72,4,0.052631579
59.0 - BLD 02_8125752,101,2,0.019417476
59.0 - BLD 03_7929943,100,3,0.029126214
59.0 - BLD 04_8301041,101,2,0.019417476
59.0 - BLD 05_8125756,100,3,0.029126214
59.0 - BLD 06_8125757,100,3,0.029126214
59.0 - BLD 07_7929588,101,2,0.019417476
59.0 - BLD 08_8301070,100,3,0.029126214
59.0 - BLD 09_8301039,99,4,0.038834951
59.0 - BLD 10_8125747,100,3,0.029126214
59.0 - BLD 11_8125748,75,1,0.013157895
59.0 - BLD 12_8125758,101,2,0.019417476
59.0 - BLD 13_8301040,101,2,0.019417476
59.0 - BLD 14_8301054,101,2,0.019417476
59.0 - BLD 15_8096391,99,4,0.038834951
6.0 - VLADECK BLD 01_8362640,101,2,0.019417476
6.0 - VLADECK BLD 02_8362646,99,4,0.038834951
6.0 - VLADECK BLD 03_8362643,101,2,0.019417476
6.0 - VLADECK BLD 04_8362645,101,2,0.019417476
6.0 - VLADECK BLD 05_8362647,101,2,0.019417476
6.0 - VLADECK BLD 06_8362644,100,3,0.029126214
6.0 - VLADECK BLD 07_8362638,101,2,0.019417476
6.0 - VLADECK BLD 08_8362675,100,3,0.029126214
6.0 - VLADECK BLD 09_8362674,100,3,0.029126214
6.0 - VLADECK BLD 10_8362673,100,3,0.029126214
6.0 - VLADECK BLD 11_8362676,99,4,0.038834951
6.0 - VLADECK BLD 12_8095301,101,2,0.019417476
6.0 - VLADECK BLD 13_8362666,101,2,0.019417476
6.0 - VLADECK BLD 14_8362677,100,3,0.029126214
6.0 - VLADECK BLD 15_8362667,99,4,0.038834951
6.0 - VLADECK BLD 16_8362649,101,2,0.019417476
6.0 - VLADECK BLD 17_8362668,99,4,0.038834951
6.0 - VLADECK BLD 18_8362648,63,2,0.030769231
6.0 - VLADECK BLD 18_8362671,62,3,0.046153846
6.0 - VLADECK BLD 19_8362642,101,2,0.019417476
6.0 - VLADECK BLD 20_8362672,99,4,0.038834951
60.0 - BARUCH BLD 01_7929545,87,2,0.02247191
60.0 - BARUCH BLD 02_7929540,86,2,0.022727273
60.0 - BARUCH BLD 03_7929541,86,2,0.022727273
60.0 - BARUCH BLD 04_7929999,85,3,0.034090909
60.0 - BARUCH BLD 05_8142781,87,2,0.02247191
60.0 - BARUCH BLD 06_7929539,85,3,0.034090909
60.0 - BARUCH BLD 07_8142793,85,3,0.034090909
60.0 - BARUCH BLD 07_8142999,87,1,0.011363636
60.0 - BARUCH BLD 08_8096617,88,1,0.011235955
60.0 - BARUCH BLD 09_7929559,86,2,0.022727273
60.0 - BARUCH BLD 10_7929561,86,2,0.022727273
60.0 - BARUCH BLD 11_8142786,87,1,0.011363636
60.0 - BARUCH BLD 13_8142990,86,2,0.022727273
60.0 - BARUCH BLD 14_7929556,87,1,0.011363636
60.0 - BARUCH BLD 15_8142797,86,2,0.022727273
60.0 - BARUCH BLD 16_8142792,86,3,0.033707865
60.0 - BARUCH BLD 17_7929553,86,3,0.033707865
60.0 - BLD 12_8746982,99,2,0.01980198
60.0 - BLD 13_5648168,101,2,0.019417476
61.0 - BLD 24_7424238,97,4,0.03960396
61.0 - VAN DYKE I BLD 02_8322414,100,1,0.00990099
61.0 - VAN DYKE I BLD 03_8322425,95,3,0.030612245
61.0 - VAN DYKE I BLD 04_8322422,100,1,0.00990099
61.0 - VAN DYKE I BLD 05_8322421,100,1,0.00990099
61.0 - VAN DYKE I BLD 06_8322423,95,6,0.059405941
61.0 - VAN DYKE I BLD 07_8322440,98,3,0.02970297
61.0 - VAN DYKE I BLD 08_8322438,98,3,0.02970297
61.0 - VAN DYKE I BLD 09_8322416,100,1,0.00990099
61.0 - VAN DYKE I BLD 10_8095217,100,1,0.00990099
61.0 - VAN DYKE I BLD 11_8322430,95,2,0.020618557
61.0 - VAN DYKE I BLD 12_8322432,96,2,0.020408163
61.0 - VAN DYKE I BLD 13_8322439,99,2,0.01980198
61.0 - VAN DYKE I BLD 14_8322429,100,1,0.00990099
61.0 - VAN DYKE I BLD 15_8322426,100,1,0.00990099
61.0 - VAN DYKE I BLD 17_8322427,100,1,0.00990099
61.0 - VAN DYKE I BLD 18_8095206,97,1,0.010204082
61.0 - VAN DYKE I BLD 19_8095209,96,5,0.04950495
61.0 - VAN DYKE I BLD 20_8095210,96,5,0.04950495
61.0 - VAN DYKE I BLD 21_8095308,96,2,0.020408163
61.0 - VAN DYKE I BLD 22_8095307,97,4,0.03960396
62.0 - WASHINGTON BLD 01_8094997,69,6,0.08
62.0 - WASHINGTON BLD 02_8661575,70,6,0.078947368
62.0 - WASHINGTON BLD 03_8266713,69,7,0.092105263
62.0 - WASHINGTON BLD 04_8094998,70,6,0.078947368
62.0 - WASHINGTON BLD 05_8095002,70,6,0.078947368
62.0 - WASHINGTON BLD 06_7833973,87,7,0.074468085
62.0 - WASHINGTON BLD 07_8095001,71,4,0.053333333
62.0 - WASHINGTON BLD 08_8094999,69,6,0.08
62.0 - WASHINGTON BLD 09_8266702,70,6,0.078947368
62.0 - WASHINGTON BLD 10_8094995,70,6,0.078947368
62.0 - WASHINGTON BLD 11_8095000,70,6,0.078947368
62.0 - WASHINGTON BLD 12_8266703,70,6,0.078947368
62.0 - WASHINGTON BLD 13_8266712,71,5,0.065789474
62.0 - WASHINGTON BLD 14_8266709,69,7,0.092105263
62.0 - WASHINGTON BLD 15_8266710,72,4,0.052631579
63.0 - BLD 01_8096643,84,2,0.023255814
63.0 - BLD 02_7929881,83,3,0.034883721
63.0 - BLD 03_7929956,85,1,0.011627907
63.0 - BLD 04_7929952,85,1,0.011627907
63.0 - BLD 05_8142994,85,1,0.011627907
63.0 - BLD 06_8142993,85,1,0.011627907
63.0 - BLD 07_8096618,84,2,0.023255814
63.0 - BLD 08_8096641,84,2,0.023255814
63.0 - BLD 09_7929879,82,4,0.046511628
63.0 - BLD 10_8096616,85,1,0.011627907
63.0 - BLD 11_8125318,82,4,0.046511628
63.0 - BLD 12_8142996,85,1,0.011627907
63.0 - BLD 13_8142995,80,6,0.069767442
63.0 - BLD 14_8096579,82,3,0.035294118
63.0 - BLD 15_8096642,85,1,0.011627907
63.0 - BLD 16_7929629,55,2,0.035087719
63.0 - BLD 17_8142991,85,1,0.011627907
63.0 - BLD 18_7929604,85,1,0.011627907
63.0 - BLD 19_7929861,85,1,0.011627907
63.0 - BLD 20_8096639,84,2,0.023255814
63.0 - BLD 21_8142992,85,1,0.011627907
63.0 - BLD 23_7929872,84,1,0.011764706
63.0 - BLD 23_8096644,85,1,0.011627907
63.0 - BLD 24_8095305,84,1,0.011764706
63.0 - BLD 25_8095222,84,1,0.011764706
63.0 - BLD 26_7929868,83,2,0.023529412
63.0 - BLD 27_8096615,84,1,0.011764706
63.0 - BLD 28_7929953,81,4,0.047058824
63.0 - BLD 29_8095306,84,1,0.011764706
64.0 - BLD 14_7834916,100,3,0.029126214
64.0 - JEFFERSON BLD 01_8093695,76,1,0.012987013
64.0 - JEFFERSON BLD 02_8093693,73,4,0.051948052
64.0 - JEFFERSON BLD 03_8093711,75,2,0.025974026
64.0 - JEFFERSON BLD 04_8093705,69,8,0.103896104
64.0 - JEFFERSON BLD 05_8093688,75,2,0.025974026
64.0 - JEFFERSON BLD 06_8093692,75,2,0.025974026
64.0 - JEFFERSON BLD 07_8093706,75,2,0.025974026
64.0 - JEFFERSON BLD 08_8093707,74,3,0.038961039
64.0 - JEFFERSON BLD 09_8093696,75,2,0.025974026
64.0 - JEFFERSON BLD 10_8093687,76,1,0.012987013
64.0 - JEFFERSON BLD 11_8093702,74,3,0.038961039
64.0 - JEFFERSON BLD 12_8093700,70,7,0.090909091
64.0 - JEFFERSON BLD 13_8093686,70,7,0.090909091
64.0 - JEFFERSON BLD 15_8093697,76,1,0.012987013
64.0 - JEFFERSON BLD 16_8093689,74,3,0.038961039
64.0 - JEFFERSON BLD 17_8093701,72,5,0.064935065
64.0 - JEFFERSON BLD 18_8093690,75,2,0.025974026
65.0 - BLD 01_7889951,101,2,0.019417476
65.0 - BLD 02_8095593,99,4,0.038834951
65.0 - BLD 03_7889966,100,3,0.029126214
65.0 - BLD 04_7889999,100,3,0.029126214
65.0 - BLD 09_7889954,99,2,0.01980198
65.0 - BLD 10_7890000,99,4,0.038834951
65.0 - BLD 11_7889980,101,2,0.019417476
65.0 - BLD 12_8095594,101,2,0.019417476
65.0 - BLD 13_8095586,100,3,0.029126214
66.0 - NA_8095488,95,4,0.04040404
66.0 - NA_8095490,94,5,0.050505051
66.0 - SOUTH JAMAICA II BLD 13_8095491,95,4,0.04040404
66.0 - SOUTH JAMAICA II BLD 14_8095484,95,4,0.04040404
66.0 - SOUTH JAMAICA II BLD 15_8095498,96,3,0.03030303
66.0 - SOUTH JAMAICA II BLD 16_8095502,94,5,0.050505051
66.0 - SOUTH JAMAICA II BLD 17_8095494,96,3,0.03030303
66.0 - SOUTH JAMAICA II BLD 18_8095500,97,2,0.02020202
66.0 - SOUTH JAMAICA II BLD 19_8095486,95,4,0.04040404
66.0 - SOUTH JAMAICA II BLD 20_8095499,98,1,0.01010101
66.0 - SOUTH JAMAICA II BLD 21_8095508,96,3,0.03030303
66.0 - SOUTH JAMAICA II BLD 22_8095509,96,3,0.03030303
66.0 - SOUTH JAMAICA II BLD 23_8095495,96,3,0.03030303
66.0 - SOUTH JAMAICA II BLD 24_8095506,94,5,0.050505051
66.0 - SOUTH JAMAICA II BLD 25_8095510,93,6,0.060606061
66.0 - SOUTH JAMAICA II BLD 27_8095496,96,3,0.03030303
67.0 - BLD 01_8322417,66,1,0.014925373
67.0 - BLD 01_8362723,66,1,0.014925373
67.0 - BLD 02_8322442,65,2,0.029850746
67.0 - BLD 02_8362703,66,1,0.014925373
67.0 - BLD 04_8322444,101,2,0.019417476
67.0 - BLD 05_8322443,98,5,0.048543689
67.0 - BLD 06_8322419,101,2,0.019417476
67.0 - BLD 07_8362724,101,2,0.019417476
67.0 - BLD 08_8362627,101,2,0.019417476
67.0 - BLD 09_8322420,100,3,0.029126214
67.0 - BLD 11_8362725,101,2,0.019417476
67.0 - BLD 12_8362705,98,5,0.048543689
67.0 - BLD 13_8362722,101,2,0.019417476
67.0 - BLD 14_8322418,101,2,0.019417476
67.0 - BLD 15_8362626,100,3,0.029126214
67.0 - BLD 16_8362628,100,3,0.029126214
67.0 - BLD 17_8362717,101,2,0.019417476
67.0 - BLD 18_8362714,101,2,0.019417476
67.0 - BLD 19_8362716,101,2,0.019417476
67.0 - BLD 21_8362702,101,2,0.019417476
67.0 - BLD 22_8362690,101,2,0.019417476
67.0 - BLD 23_8362692,100,3,0.029126214
67.0 - BLD 24_8362691,101,2,0.019417476
67.0 - BLD 25_8362693,101,2,0.019417476
67.0 - BLD 26_8322441,101,2,0.019417476
67.0 - BLD 27_8362704,99,4,0.038834951
67.0 - BLD 28_8362715,101,2,0.019417476
67.0 - BLD 31 - Community Center_8350391,63,5,0.073529412
68.0 - BLD 01_8125375,99,1,0.01
68.0 - BLD 02_8125387,99,1,0.01
68.0 - BLD 03_8125315,99,1,0.01
68.0 - BLD 04_8125369,99,1,0.01
68.0 - BLD 05_8125314,98,2,0.02
68.0 - BLD 06_8125381,99,1,0.01
68.0 - BLD 07_8125312,99,1,0.01
68.0 - BLD 08_8125329,99,1,0.01
68.0 - BLD 09_8125311,99,1,0.01
68.0 - BLD 10_8125371,98,2,0.02
68.0 - BLD 11_8125372,97,3,0.03
68.0 - BLD 12_8125379,99,1,0.01
68.0 - BLD 13_8125330,99,1,0.01
68.0 - BLD 14_8125367,98,2,0.02
68.0 - BLD 15_8125328,99,1,0.01
69.0 - BLD 01_7833993,98,5,0.048543689
69.0 - BLD 02_7833949,101,2,0.019417476
69.0 - BLD 03_7833951,100,3,0.029126214
69.0 - BLD 04_7833955,98,5,0.048543689
69.0 - BLD 05_7833952,101,2,0.019417476
69.0 - BLD 06_7833956,100,3,0.029126214
69.0 - BLD 07_8009844,100,3,0.029126214
69.0 - BLD 08_7833957,101,2,0.019417476
69.0 - BLD 09_7833947,100,3,0.029126214
69.0 - BLD 10_8009845,100,3,0.029126214
69.0 - BLD 11_8009850,100,3,0.029126214
7.0 - VLADECK II BLD 21_8362670,101,2,0.019417476
7.0 - VLADECK II BLD 22_8362639,90,1,0.010989011
7.0 - VLADECK II BLD 23_8362669,98,5,0.048543689
70.0 - BLD 02_8095178,83,2,0.023529412
70.0 - BLD 03_8095175,84,1,0.011764706
70.0 - BLD 04_8095176,84,1,0.011764706
70.0 - BLD 05_8095183,82,3,0.035294118
70.0 - BLD 06_8095185,83,2,0.023529412
70.0 - BLD 07_8095172,82,3,0.035294118
70.0 - BLD 08_8095184,84,1,0.011764706
70.0 - BLD 09_8095181,84,1,0.011764706
70.0 - BLD 13_8095186,83,2,0.023529412
70.0 - BLD 14_8095174,83,2,0.023529412
70.0 - BLD 15_8095171,82,3,0.035294118
71.0 - SOUNDVIEW BLD 01_8322410,63,3,0.045454545
71.0 - SOUNDVIEW BLD 02_8362641,64,2,0.03030303
71.0 - SOUNDVIEW BLD 03_8362601,61,5,0.075757576
71.0 - SOUNDVIEW BLD 04_8322341,62,4,0.060606061
71.0 - SOUNDVIEW BLD 05_8362636,64,2,0.03030303
71.0 - SOUNDVIEW BLD 06_8362637,62,4,0.060606061
71.0 - SOUNDVIEW BLD 07_8362633,65,1,0.015151515
71.0 - SOUNDVIEW BLD 08_8322350,60,6,0.090909091
71.0 - SOUNDVIEW BLD 09_8362599,64,2,0.03030303
71.0 - SOUNDVIEW BLD 11_8362631,63,3,0.045454545
71.0 - SOUNDVIEW BLD 12_8362600,64,2,0.03030303
71.0 - SOUNDVIEW BLD 13_8362598,63,3,0.045454545
72.0 - BLD 01_7466814,101,2,0.019417476
72.0 - BLD 02_7250717,101,2,0.019417476
72.0 - BLD 03_7693367,96,7,0.067961165
72.0 - BLD 04_7382865,100,3,0.029126214
72.0 - BLD 05_7372790,100,3,0.029126214
72.0 - BLD 06_7284635,100,3,0.029126214
72.0 - BLD 07_7284625,99,4,0.038834951
72.0 - BLD 09_7372650,98,5,0.048543689
72.0 - BLD 10_7284664,100,3,0.029126214
73.0 - BLD 01 - Community Center_7424132,98,5,0.048543689
73.0 - BLD 02_8321869,99,1,0.01
73.0 - BLD 03_8321900,97,3,0.03
73.0 - BLD 04_8322217,99,1,0.01
73.0 - BLD 05_8321970,99,1,0.01
73.0 - BLD 07_7424148,88,4,0.043478261
73.0 - BLD 08_8095164,98,2,0.02
73.0 - BLD 10_8321872,98,2,0.02
73.0 - BLD 12_8321888,98,2,0.02
74.0 - BLD 01_8096718,75,1,0.013157895
74.0 - BLD 02_8096689,73,3,0.039473684
74.0 - BLD 03_8096710,75,1,0.013157895
74.0 - BLD 05_8096698,74,2,0.026315789
74.0 - BLD 06_8096706,75,1,0.013157895
74.0 - BLD 07_8096713,75,2,0.025974026
74.0 - BLD 08_8266793,74,2,0.026315789
74.0 - BLD 09_8096707,70,6,0.078947368
74.0 - BLD 10_8266786,73,3,0.039473684
74.0 - BLD 11_8096695,74,2,0.026315789
74.0 - BLD 12_8572086,75,1,0.013157895
74.0 - BLD 13_8266796,75,1,0.013157895
74.0 - BLD 14_8266795,74,2,0.026315789
74.0 - BLD 15_8096699,75,1,0.013157895
74.0 - BLD 16_8096697,75,2,0.025974026
74.0 - BLD 17_8096702,74,2,0.026315789
74.0 - BLD 18_8096691,74,2,0.026315789
74.0 - BLD 18_8096716,73,3,0.039473684
74.0 - BLD 19_8096701,74,2,0.026315789
74.0 - BLD 20_8096711,75,1,0.013157895
74.0 - BLD 21_8096703,75,1,0.013157895
74.0 - BLD 22_8096687,75,1,0.013157895
75.0 - BLD 01_301226,86,2,0.022727273
75.0 - BLD 08_99268475,100,3,0.029126214
76.0 - BLD 02_8362661,99,1,0.01
76.0 - BLD 03_8362658,97,3,0.03
76.0 - BLD 04_8322091,99,1,0.01
76.0 - BLD 05_8362659,62,1,0.015873016
76.0 - BLD 05_8362660,61,2,0.031746032
76.0 - BLD 06_8322371,98,2,0.02
76.0 - BLD 07_8322370,99,1,0.01
76.0 - BLD 08_8322368,98,2,0.02
76.0 - BLD 09_8362655,96,4,0.04
77.0 - BLD 03_7383346,100,3,0.029126214
77.0 - BLD 04_7383356,99,4,0.038834951
77.0 - BLD 05_5922312,100,1,0.00990099
77.0 - BLD 06_6654896,101,2,0.019417476
77.0 - NA_7125034,44,8,0.153846154
78.0 - BLD 01_7929647,96,7,0.067961165
78.0 - BLD 02_7889940,99,4,0.038834951
78.0 - BLD 03_8010017,100,3,0.029126214
78.0 - BLD 05_7929658,96,7,0.067961165
78.0 - BLD 06_7929660,94,9,0.087378641
8.0 - SOUTH JAMAICA I BLD 01_8095489,98,1,0.01010101
8.0 - SOUTH JAMAICA I BLD 02_8095487,95,4,0.04040404
8.0 - SOUTH JAMAICA I BLD 03_8095492,94,5,0.050505051
8.0 - SOUTH JAMAICA I BLD 04_8095503,95,4,0.04040404
8.0 - SOUTH JAMAICA I BLD 05_8095501,91,8,0.080808081
8.0 - SOUTH JAMAICA I BLD 06_8095505,95,4,0.04040404
8.0 - SOUTH JAMAICA I BLD 07_8095507,96,3,0.03030303
8.0 - SOUTH JAMAICA I BLD 08_8095497,97,2,0.02020202
8.0 - SOUTH JAMAICA I BLD 09_8095493,91,8,0.080808081
8.0 - SOUTH JAMAICA I BLD 10_8095504,98,1,0.01010101
8.0 - SOUTH JAMAICA I BLD 11_8095485,93,6,0.060606061
80.0 - BLD 01_8350750,99,4,0.038834951
80.0 - BLD 02_8350751,99,4,0.038834951
80.0 - BLD 03_8350749,98,5,0.048543689
80.0 - BLD 04_8322192,101,2,0.019417476
80.0 - BLD 05_8350748,99,3,0.029411765
80.0 - BLD 06_8350746,99,4,0.038834951
80.0 - BLD 07_8350747,98,5,0.048543689
80.0 - BLD 08_8350752,99,4,0.038834951
80.0 - BLD 09_8350181,97,6,0.058252427
80.0 - BLD 10_8349971,97,6,0.058252427
80.0 - BLD 11_8350753,99,2,0.01980198
80.0 - BLD 12_8350180,96,7,0.067961165
80.0 - BLD 13_8350133,100,3,0.029126214
80.0 - BLD 14_8350179,98,5,0.048543689
81.0 - BLD 01_6251008,100,3,0.029126214
81.0 - BLD 02_6251015,101,2,0.019417476
81.0 - BLD 03_8256039,69,5,0.067567568
81.0 - BLD 04_7976396,100,3,0.029126214
81.0 - BLD 05_7834091,95,1,0.010416667
81.0 - BLD 06_6432604,101,2,0.019417476
82.0 - DOUGLASS I BLD 16_8322353,97,4,0.03960396
82.0 - DOUGLASS I BLD 17_8322358,91,10,0.099009901
83.0 - BLD 04_8300971,101,2,0.019417476
83.0 - BLD 05_8300952,99,4,0.038834951
83.0 - BLD 06_8300979,99,4,0.038834951
83.0 - BLD 07_8300981,96,7,0.067961165
83.0 - BLD 08_8125373,99,4,0.038834951
83.0 - BLD 09_8267453,99,4,0.038834951
83.0 - BLD 10_8300978,97,6,0.058252427
83.0 - BLD 11_8300998,98,5,0.048543689
83.0 - BLD 12_8267454,98,5,0.048543689
83.0 - BLD 13_8300970,95,7,0.068627451
83.0 - BLD 14_8300968,100,3,0.029126214
83.0 - BLD 15_8300988,97,6,0.058252427
83.0 - BLD 16_8300974,95,8,0.077669903
83.0 - BLD 17_8300992,99,4,0.038834951
83.0 - BLD 18_8300996,94,9,0.087378641
83.0 - BLD 19_8267456,96,7,0.067961165
83.0 - BLD 20_8300995,97,6,0.058252427
83.0 - BLD 21_8300972,97,6,0.058252427
83.0 - BLD 22_8300973,97,6,0.058252427
83.0 - BLD 23_8300967,96,7,0.067961165
83.0 - BLD 24_8300991,97,6,0.058252427
83.0 - BLD 25_8300980,101,2,0.019417476
83.0 - BLD 26_8300993,93,10,0.097087379
83.0 - BLD 27_8300976,99,4,0.038834951
83.0 - BLD 28_8300994,98,5,0.048543689
83.0 - BLD 29_8300975,100,3,0.029126214
84.0 - BLD 01_8125779,83,3,0.034883721
84.0 - BLD 02_8125783,81,5,0.058139535
84.0 - BLD 03_8125767,81,5,0.058139535
84.0 - BLD 04_8125769,80,6,0.069767442
84.0 - BLD 05_8125770,85,1,0.011627907
84.0 - BLD 06_8096608,83,3,0.034883721
84.0 - BLD 07_8125768,101,2,0.019417476
84.0 - BLD 08_8125771,83,3,0.034883721
84.0 - BLD 09_8125778,100,3,0.029126214
85.0 - ALBANY II BLD 07_6026253,73,3,0.039473684
85.0 - ALBANY II BLD 08_5081862,74,2,0.026315789
85.0 - ALBANY II BLD 09_5081863,70,6,0.078947368
86.0 - BLD 01_7141435,98,2,0.02
86.0 - BLD 02_7166147,91,10,0.099009901
86.0 - BLD 03_7161621,99,2,0.01980198
86.0 - BLD 04_7161630,100,1,0.00990099
86.0 - BLD 05_7141437,99,1,0.01
86.0 - BLD 06_7161622,99,2,0.01980198
86.0 - BLD 07_7161620,98,3,0.02970297
86.0 - BLD 08_7161619,98,2,0.02
87.0 - BLD 01_8142958,61,2,0.031746032
87.0 - BLD 02_8142945,62,1,0.015873016
87.0 - BLD 03_8142943,59,4,0.063492063
87.0 - BLD 04_8142959,59,4,0.063492063
87.0 - BLD 05_8142967,61,2,0.031746032
87.0 - BLD 06_8142944,62,1,0.015873016
87.0 - BLD 07_8142973,59,4,0.063492063
87.0 - BLD 08_8142946,61,2,0.031746032
87.0 - BLD 09_8142960,61,2,0.031746032
88.0 - BLD 01_8350206,61,7,0.102941176
88.0 - BLD 01_8350351,66,2,0.029411765
88.0 - BLD 03_8350353,66,2,0.029411765
88.0 - BLD 04_8349970,66,3,0.043478261
88.0 - BLD 05_8350205,66,2,0.029411765
88.0 - BLD 06_8350352,66,2,0.029411765
88.0 - BLD 07_8350346,67,1,0.014705882
88.0 - BLD 08_8349973,100,3,0.029126214
88.0 - BLD 09_8350348,63,5,0.073529412
88.0 - BLD 10_8350350,66,2,0.029411765
88.0 - BLD 11_8350347,99,4,0.038834951
88.0 - BLD 12_8350132,99,4,0.038834951
89.0 - BLD 01_8231994,97,5,0.049019608
89.0 - BLD 02_8232066,67,1,0.014705882
89.0 - BLD 03_8232047,100,3,0.029126214
89.0 - BLD 04_8232045,101,2,0.019417476
89.0 - BLD 05_8232057,100,3,0.029126214
89.0 - BLD 06_8232046,99,4,0.038834951
89.0 - BLD 07_7719184,101,2,0.019417476
89.0 - BLD 08_7573701,101,2,0.019417476
89.0 - BLD 09_8232056,95,8,0.077669903
89.0 - BLD 10_8232055,67,2,0.028985507
89.0 - BLD 11_8232067,100,3,0.029126214
89.0 - BLD 12_8232065,67,1,0.014705882
89.0 - BLD 13_6774512,101,2,0.019417476
89.0 - BLD 14_6356892,100,2,0.019607843
89.0 - BLD 15_6432246,101,2,0.019417476
89.0 - BLD 16_7719133,98,5,0.048543689
89.0 - BLD 17_7271963,99,4,0.038834951
89.0 - BLD 18_7695016,101,2,0.019417476
89.0 - BLD 19_7504980,97,4,0.03960396
89.0 - BLD 20_5537192,98,5,0.048543689
89.0 - BLD 21_7725428,100,3,0.029126214
89.0 - BLD 22_6598841,101,2,0.019417476
89.0 - BLD 23 - Community Center_7861436,101,2,0.019417476
9.0 - BLD 01_7929671,98,2,0.02
9.0 - BLD 01_7930059,98,2,0.02
9.0 - BLD 02_7929699,97,3,0.03
9.0 - BLD 03_7929680,95,5,0.05
9.0 - BLD 04_7929694,98,2,0.02
9.0 - BLD 05_7930054,99,1,0.01
9.0 - BLD 06_7929579,98,2,0.02
9.0 - BLD 07_7930053,97,4,0.03960396
9.0 - BLD 08_7930046,98,2,0.02
9.0 - BLD 09_8362678,62,2,0.03125
9.0 - BLD 10_7930041,98,2,0.02
91.0 - BLD 01_6147322,57,3,0.05
91.0 - BLD 02_6148190,53,1,0.018518519
91.0 - BLD 03_7874338,98,5,0.048543689
92.0 - BLD 11_7692864,64,1,0.015384615
92.0 - BLD 15_5706695,63,2,0.030769231
92.0 - BLD 16_7161509,63,2,0.030769231
92.0 - BLD 17_5178135,61,4,0.061538462
92.0 - BLD 20_6316120,62,3,0.046153846
92.0 - BLD 21_6853046,64,1,0.015384615
92.0 - BLD 22_6815165,60,5,0.076923077
92.0 - BLD 25 - Community Center_8078351,99,2,0.01980198
93.0 - BLD 01_7890040,98,5,0.048543689
93.0 - BLD 02 - Community Center_6938198,98,4,0.039215686
93.0 - BLD 02_8008779,100,3,0.029126214
93.0 - BLD 03_8008789,100,3,0.029126214
93.0 - BLD 04_7890050,100,3,0.029126214
93.0 - BLD 05_7929777,99,4,0.038834951
93.0 - BLD 06_8075321,100,3,0.029126214
96.0 - BLD 01_5922430,99,4,0.038834951
96.0 - BLD 02_8802096,101,2,0.019417476
96.0 - BLD 03_8072599,95,3,0.030612245
96.0 - BLD 04_6867055,101,2,0.019417476
96.0 - BLD 05_5922332,96,6,0.058823529
96.0 - BLD 06_8072600,100,3,0.029126214
96.0 - BLD 07_7719186,101,2,0.019417476
96.0 - BLD 08_5922010,101,2,0.019417476
97.0 - BLD 01_6689046,101,2,0.019417476
97.0 - BLD 02_6647840,101,2,0.019417476
97.0 - BLD 03_8205892,72,4,0.052631579
97.0 - BLD 04_6623223,94,9,0.087378641
97.0 - BLD 05_6852189,101,2,0.019417476
97.0 - BLD 09_6458213,101,2,0.019417476
97.0 - BLD 09_6852169,94,1,0.010526316
97.0 - BLD 10 - Community Center_7294308,97,1,0.010204082
97.0 - BLD 10 - Community Center_7694984,99,4,0.038834951
98.0 - BLD 14_99800010,57,1,0.017241379
98.0 - BLD 15_99275963,97,5,0.049019608
98.0 - BLD 15_99277502,100,2,0.019607843
99.0 - BLD 01_7574708,97,6,0.058252427
99.0 - BLD 02_7165928,97,4,0.03960396
99.0 - BLD 03_7861469,97,4,0.03960396
99.0 - BLD 04_7382884,98,4,0.039215686
99.0 - BLD 05_7574878,99,4,0.038834951
999.0 - BLD 04_6774523,59,2,0.032786885
999.0 - BLD 07_5911415,58,3,0.049180328
999.0 - BLD 07_6852194,60,1,0.016393443
999.0 - BLD 08_6147920,55,6,0.098360656