,Account,Month,Prorated_Consumption,Prorated_Charge
0,47071-MN10022,2015-12-01,49535.2,2648.032
1,47071-MN10022,2016-01-01,66604.48965517242,4428.180413793104
2,47071-MN10022,2016-02-01,64873.74784482759,4436.665711206897
3,47071-MN10022,2016-03-01,71370.8728448276,5365.3873922413795
4,47071-MN10022,2016-04-01,70375.6896551724,5452.242816091954
5,47071-MN10022,2016-05-01,69688.25,6270.034791666667
6,47071-MN10022,2016-06-01,69036.75,6621.020875
7,47071-MN10022,2016-07-01,70034.96875,6560.725375
8,47071-MN10022,2016-08-01,65409.831249999996,6202.122625
9,47071-MN10022,2016-09-01,61730.95862068965,6022.2114482758625
10,47071-MN10022,2016-10-01,57498.10344827587,5716.542413793102
11,47071-MN10022,2016-11-01,55433.731681034486,4378.101950431034
12,47071-MN10022,2016-12-01,54386.71875,4119.4084375
13,47071-MN10022,2017-01-01,55358.65301724138,7472.353749999999
14,47071-MN10022,2017-02-01,46056.275862068964,6948.403686209196
15,47071-MN10022,2017-03-01,52111.33004926109,8129.743810183662
16,47071-MN10022,2017-04-01,48012.095238095244,7822.901613455627
17,47071-MN10022,2017-05-01,53941.297619047626,9306.438892996342
18,47071-MN10022,2017-06-01,51621.1736453202,9528.878889189655
19,47071-MN10022,2017-07-01,8905.862068965518,2077.113956333259
20,47071-MN10022,2017-08-01,46938.206896551725,8449.939194859846
21,47071-MN10022,2017-09-01,57207.078817733985,9883.7291754867
22,47071-MN10022,2017-10-01,52447.04761904762,8798.330230385716
23,47071-MN10022,2017-11-01,47850.94252873563,7471.859659348277
24,47071-MN10022,2017-12-01,47419.590804597705,7399.766651451725
25,47071-MN10022,2018-01-01,44127.78850574713,7040.7755986264365
26,47071-MN10022,2018-02-01,44215.44827586207,6757.664040025287
27,47071-MN10022,2018-03-01,48751.89655172414,7268.687247591133
28,47071-MN10022,2018-04-01,48372.12903225806,7256.779213341014
29,47071-MN10022,2018-05-01,47413.69855394884,8678.143856929923
30,47071-MN10022,2018-06-01,34614.6724137931,6573.876836152874
31,47071-MN10022,2018-07-01,39407.120689655174,7298.77881318046
32,47071-MN10022,2018-08-01,39498.979310344825,7180.842366552874
33,47071-MN10022,2018-09-01,37404.43571428572,7065.860441628571
34,47071-MN10022,2018-10-01,37662.09331797235,6752.396118684332
35,47071-MN10022,2018-11-01,34879.42269187987,5600.228007818132
36,47071-MN10022,2018-12-01,4779.448275862069,823.7316995689655
37,47074-MN10043,2015-12-01,36964.8,2147.096
38,47074-MN10043,2016-01-01,50767.92413793104,3563.032620689655
39,47074-MN10043,2016-02-01,52334.119612068964,3852.4591918103447
40,47074-MN10043,2016-03-01,52207.776939655174,4177.004601293103
41,47074-MN10043,2016-04-01,51961.379310344826,4465.994252873564
42,47074-MN10043,2016-05-01,54594.5,5437.437708333333
43,47074-MN10043,2016-06-01,57444.3,5937.349625
44,47074-MN10043,2016-07-01,62843.54375,6184.1850625
45,47074-MN10043,2016-08-01,62854.05625,6515.6049375
46,47074-MN10043,2016-09-01,64581.22068965517,6978.905655172413
47,47074-MN10043,2016-10-01,58945.68965517241,6010.141034482759
48,47074-MN10043,2016-11-01,47055.72090517241,4078.2543103448274
49,47074-MN10043,2016-12-01,44877.71875,3455.3
50,47074-MN10043,2017-01-01,50661.56034482759,6900.72959770115
51,47074-MN10043,2017-02-01,40686.24137931035,6361.003384428735
52,47074-MN10043,2017-03-01,42545.73399014778,6843.869758262972
53,47074-MN10043,2017-04-01,40996.97235023041,6688.765807994239
54,47074-MN10043,2017-05-01,44922.086763070074,8390.573348468075
55,47074-MN10043,2017-06-01,48680.96551724138,9346.185790558622
56,47074-MN10043,2017-07-01,55703.431590656284,10445.151629876527
57,47074-MN10043,2017-08-01,62546.80978865406,11638.296455371745
58,47074-MN10043,2017-09-01,50528.3448275862,9799.857859486947
59,47074-MN10043,2017-10-01,46126.4367816092,8531.597458721953
60,47074-MN10043,2017-11-01,40351.33333333333,6364.725155062367
61,47074-MN10043,2017-12-01,40322.51190476191,6285.3532240481945
62,47074-MN10043,2018-01-01,41432.421428571426,6599.209467285139
63,47074-MN10043,2018-02-01,39835.606896551726,6346.6178922160925
64,47074-MN10043,2018-03-01,45851.89655172414,7397.84292537931
65,47074-MN10043,2018-04-01,46049.39655172414,7425.002628229328
66,47074-MN10043,2018-05-01,45972.74137931034,8453.147890667222
67,47074-MN10043,2018-06-01,46243.41379310344,8632.88742833908
68,47074-MN10043,2018-07-01,49022.7319243604,9192.97683087004
69,47074-MN10043,2018-08-01,49727.81979977753,9271.005845135705
70,47074-MN10043,2018-09-01,45613.65024630542,8504.139307503694
71,47074-MN10043,2018-10-01,44286.01382488479,7917.891397370679
72,47074-MN10043,2018-11-01,40114.68075639599,6461.780754470454
73,47074-MN10043,2018-12-01,5479.448275862069,969.9131625517241
74,47072-MN10028,2015-12-01,82257.6,3985.2239999999997
75,47072-MN10028,2016-01-01,101132.50344827585,6125.711172413792
76,47072-MN10028,2016-02-01,95950.27155172414,6115.587640086207
77,47072-MN10028,2016-03-01,105159.52155172414,7051.742359913793
78,47072-MN10028,2016-04-01,103217.27011494251,7324.878160919541
79,47072-MN10028,2016-05-01,106627.77083333333,8866.339791666665
80,47072-MN10028,2016-06-01,107305.2625,9414.324874999998
81,47072-MN10028,2016-07-01,114293.8,9972.012312500001
82,47072-MN10028,2016-08-01,111682.20000000001,9828.845687499997
83,47072-MN10028,2016-09-01,105960.66206896552,9640.12020689655
84,47072-MN10028,2016-10-01,104558.5172413793,9277.203793103447
85,47072-MN10028,2016-11-01,87245.02693965517,6252.984375
86,47072-MN10028,2016-12-01,80980.46875,5494.98625
87,47072-MN10028,2017-01-01,84692.43534482758,10631.58793821839
88,47072-MN10028,2017-02-01,74579.0,10500.235552932185
89,47072-MN10028,2017-03-01,74666.6896551724,10502.339669206569
90,47072-MN10028,2017-04-01,71087.2258064516,10164.020648223504
91,47072-MN10028,2017-05-01,72825.87764182425,11239.044724453837
92,47072-MN10028,2017-06-01,70397.89655172414,11123.548644517241
93,47072-MN10028,2017-07-01,72238.54838709676,11335.5987113515
94,47072-MN10028,2017-08-01,68017.7619577308,11529.149434786428
95,47072-MN10028,2017-09-01,36968.1724137931,6787.863265862069
96,47072-MN10028,2017-10-01,30060.0,5237.349204413794
97,47072-MN10028,2017-11-01,26375.37931034483,3976.9071344137933
98,47072-MN10028,2017-12-01,29357.724137931033,4356.564936333332
99,47072-MN10028,2018-01-01,28955.513793103448,4323.798374587356
100,47072-MN10028,2018-02-01,26540.141379310342,4048.0017061827584
101,47072-MN10028,2018-03-01,27273.44827586207,4266.79313337931
102,47072-MN10028,2018-04-01,27468.64367816092,4359.441988530404
103,47072-MN10028,2018-05-01,28970.045977011498,5102.187220504078
104,47072-MN10028,2018-06-01,29410.620689655174,5756.271152036782
105,47072-MN10028,2018-07-01,31527.827586206895,5825.725659233333
106,47072-MN10028,2018-08-01,30761.90574712644,5476.585103966667
107,47072-MN10028,2018-09-01,28509.05238095238,5253.492398473811
108,47072-MN10028,2018-10-01,28337.34331797235,4990.543541819269
109,47072-MN10028,2018-11-01,27316.457174638486,4342.860290780485
110,47072-MN10028,2018-12-01,3768.4137931034484,660.8789407931034
111,47075-MN10049,2015-12-01,45942.4,2548.424
112,47075-MN10049,2016-01-01,62040.7724137931,4278.037034482758
113,47075-MN10049,2016-02-01,57512.2650862069,4129.4083405172405
114,47075-MN10049,2016-03-01,61140.07974137931,4601.628211206897
115,47075-MN10049,2016-04-01,58861.98275862069,4892.272413793104
116,47075-MN10049,2016-05-01,59335.5625,5813.226250000001
117,47075-MN10049,2016-06-01,58648.537500000006,6243.08575
118,47075-MN10049,2016-07-01,68070.025,7152.9258125
119,47075-MN10049,2016-08-01,68472.775,7293.852187500001
120,47075-MN10049,2016-09-01,67739.87586206896,7635.113103448276
121,47075-MN10049,2016-10-01,66782.58620689655,7297.351724137931
122,47075-MN10049,2016-11-01,58063.70043103448,5182.6317349137935
123,47075-MN10049,2016-12-01,51700.625,4559.5659375
124,47075-MN10049,2017-01-01,63088.32974137931,9164.1741091954
125,47075-MN10049,2017-02-01,57761.65517241379,9076.356777649426
126,47075-MN10049,2017-03-01,71253.39901477832,11211.780994583743
127,47075-MN10049,2017-04-01,64028.17050691244,10426.663455087559
128,47075-MN10049,2017-05-01,73598.80978865406,12858.140320035596
129,47075-MN10049,2017-06-01,74157.75862068965,13228.213075413794
130,47075-MN10049,2017-07-01,69204.56062291435,12448.249676937707
131,47075-MN10049,2017-08-01,71455.71523915461,13060.06393832436
132,47075-MN10049,2017-09-01,66377.69950738916,12219.005704558127
133,47075-MN10049,2017-10-01,55140.48847926267,10511.533911859446
134,47075-MN10049,2017-11-01,53424.36866359447,9019.744199044493
135,47075-MN10049,2017-12-01,55513.40886699508,9020.770599793103
136,47075-MN10049,2018-01-01,56905.14827586207,9223.049248283909
137,47075-MN10049,2018-02-01,53736.09310344828,8854.714706474711
138,47075-MN10049,2018-03-01,57772.58620689655,9423.861990413794
139,47075-MN10049,2018-04-01,58275.9540229885,9434.96709688784
140,47075-MN10049,2018-05-01,59808.5632183908,10937.728762663886
141,47075-MN10049,2018-06-01,55802.4367816092,10251.957575326436
142,47075-MN10049,2018-07-01,61775.83908045977,11298.829467437932
143,47075-MN10049,2018-08-01,61137.160919540234,11116.00145916207
144,47075-MN10049,2018-09-01,57820.666666666664,10891.312173438095
145,47075-MN10049,2018-10-01,57994.74193548387,10710.596069520305
146,47075-MN10049,2018-11-01,53509.12013348164,8891.366398873783
147,47075-MN10049,2018-12-01,7328.137931034483,1333.4657890344827
148,47078-MN10067,2015-12-01,40714.4,2412.1040000000003
149,47078-MN10067,2016-01-01,53487.22068965517,3949.327724137931
150,47078-MN10067,2016-02-01,50666.098060344826,3936.033275862069
151,47078-MN10067,2016-03-01,55331.24676724138,4530.028793103448
152,47078-MN10067,2016-04-01,55151.86781609196,4878.461206896552
153,47078-MN10067,2016-05-01,56149.729166666664,5838.480624999999
154,47078-MN10067,2016-06-01,55573.6375,5922.168374999999
155,47078-MN10067,2016-07-01,57691.4875,6230.286625
156,47078-MN10067,2016-08-01,61426.912500000006,7266.273374999999
157,47078-MN10067,2016-09-01,61631.606896551726,7336.612896551724
158,47078-MN10067,2016-10-01,54607.551724137935,6102.527586206897
159,47078-MN10067,2016-11-01,45625.42887931035,4278.578954741379
160,47078-MN10067,2016-12-01,44916.8125,4032.9765625
161,47078-MN10067,2017-01-01,48430.55172413793,7134.59367816092
162,47078-MN10067,2017-02-01,44598.206896551725,7204.085914458621
163,47078-MN10067,2017-03-01,52354.66995073891,8713.843485844747
164,47078-MN10067,2017-04-01,54586.15207373272,9167.700333567971
165,47078-MN10067,2017-05-01,58148.31590656285,10732.87459296774
166,47078-MN10067,2017-06-01,59199.62068965518,11313.225111862068
167,47078-MN10067,2017-07-01,65239.16017797553,12107.064132073418
168,47078-MN10067,2017-08-01,70086.66740823137,13401.163296305895
169,47078-MN10067,2017-09-01,64724.94088669951,12547.285443365767
170,47078-MN10067,2017-10-01,60032.58095238096,11341.158754792858
171,47078-MN10067,2017-11-01,54030.13333333333,9003.419618333333
172,47078-MN10067,2017-12-01,57388.92857142857,9418.938914652135
173,47078-MN10067,2018-01-01,59238.171428571426,9627.763961447865
174,47078-MN10067,2018-02-01,54678.934482758625,8938.569752477011
175,47078-MN10067,2018-03-01,62111.10837438423,10207.146463689656
176,47078-MN10067,2018-04-01,59317.63133640553,9705.901291814514
177,47078-MN10067,2018-05-01,63782.3637374861,11661.852527082036
178,47078-MN10067,2018-06-01,61522.69540229885,11481.997879136783
179,47078-MN10067,2018-07-01,66896.20114942528,12397.68255517931
180,47078-MN10067,2018-08-01,69610.63218390805,12567.727710887359
181,47078-MN10067,2018-09-01,64801.0119047619,12164.136051971429
182,47078-MN10067,2018-10-01,61254.80529953917,11162.466556767282
183,47078-MN10067,2018-11-01,53726.44716351501,9260.611641753245
184,47078-MN10067,2018-12-01,7302.068965517241,1353.3503314080458
185,47069-MN10007,2015-12-01,7766.400000000001,682.6800000000001
186,47069-MN10007,2016-01-01,10471.772413793104,1075.9199999999998
187,47069-MN10007,2016-02-01,11158.577586206897,1114.136875
188,47069-MN10007,2016-03-01,12362.112068965518,1295.044504310345
189,47069-MN10007,2016-04-01,13864.137931034482,1472.5669540229885
190,47069-MN10007,2016-05-01,16485.125,1837.7804166666667
191,47069-MN10007,2016-06-01,14787.275,1882.02925
192,47069-MN10007,2016-07-01,13845.1,1928.6995
193,47069-MN10007,2016-08-01,13455.1,1910.6164999999999
194,47069-MN10007,2016-09-01,12644.95172413793,1868.4891034482757
195,47069-MN10007,2016-10-01,11519.793103448275,1590.6155172413792
196,47069-MN10007,2016-11-01,9547.936422413793,1129.0763793103447
197,47069-MN10007,2016-12-01,9261.09375,916.656875
198,47069-MN10007,2017-01-01,9219.791666666666,1428.0243318965515
199,47069-MN10007,2017-02-01,8775.074712643678,1469.3431584091954
200,47069-MN10007,2017-03-01,9873.724137931034,1880.803963245977
201,47069-MN10007,2017-04-01,10605.83448275862,2039.193815732147
202,47069-MN10007,2017-05-01,10953.165517241378,3064.9213880264742
203,47069-MN10007,2017-06-01,11910.931034482759,2358.2884141034483
204,47069-MN10007,2017-07-01,12180.522803114573,2676.4128698120135
205,47069-MN10007,2017-08-01,14397.890989988875,3682.041410091435
206,47069-MN10007,2017-09-01,14362.83251231527,3372.4354262899014
207,47069-MN10007,2017-10-01,13321.405529953918,2886.0452715864058
208,47069-MN10007,2017-11-01,12320.594470046082,2219.9083982498014
209,47069-MN10007,2017-12-01,10922.373271889403,1875.6132259437472
210,47069-MN10007,2018-01-01,11948.656284760846,2069.365274651984
211,47069-MN10007,2018-02-01,10839.206896551725,1934.5694725471265
212,47069-MN10007,2018-03-01,11711.896551724138,2128.446584448276
213,47069-MN10007,2018-04-01,11385.8908045977,2813.9273457988506
214,47069-MN10007,2018-05-01,11761.833333333334,2824.6775787666666
215,47069-MN10007,2018-06-01,12470.142857142857,2729.212430700493
216,47069-MN10007,2018-07-01,12909.211981566821,2648.430680925313
217,47069-MN10007,2018-08-01,13638.748609566184,2572.5455374523544
218,47069-MN10007,2018-09-01,12696.039408866995,2522.2545361432676
219,47069-MN10007,2018-10-01,12125.502304147465,2312.59837537212
220,47069-MN10007,2018-11-01,10884.3893214683,1928.7874142202447
221,47069-MN10007,2018-12-01,1484.9655172413793,287.0512205862069
222,47068-MN10000,2015-12-01,55862.399999999994,3299.6800000000003
223,47068-MN10000,2016-01-01,73788.87586206896,4705.773448275862
224,47068-MN10000,2016-02-01,71429.53663793103,4510.834989224138
225,47068-MN10000,2016-03-01,79269.15301724138,5468.575700431034
226,47068-MN10000,2016-04-01,78526.86781609197,5870.834195402298
227,47068-MN10000,2016-05-01,80552.72916666667,7218.7647916666665
228,47068-MN10000,2016-06-01,79402.8375,7452.784875
229,47068-MN10000,2016-07-01,80280.9125,7288.1685625
230,47068-MN10000,2016-08-01,79795.2875,7034.6954375000005
231,47068-MN10000,2016-09-01,76661.29655172414,6941.118689655173
232,47068-MN10000,2016-10-01,74642.06896551725,6728.387931034482
233,47068-MN10000,2016-11-01,60410.34698275862,4495.675441810345
234,47068-MN10000,2016-12-01,57272.4375,4000.1415625
235,47068-MN10000,2017-01-01,60972.75,8129.851099137931
236,47068-MN10000,2017-02-01,56056.46551724138,8007.138441662069
237,47068-MN10000,2017-03-01,62245.03448275862,9330.930450057143
238,47068-MN10000,2017-04-01,61499.419354838705,9317.013295175115
239,47068-MN10000,2017-05-01,64607.13236929922,11374.289720726363
240,47068-MN10000,2017-06-01,63506.620689655174,11229.073696896552
241,47068-MN10000,2017-07-01,65096.76307007786,11313.164211989988
242,47068-MN10000,2017-08-01,76468.89210233593,13272.130478720357
243,47068-MN10000,2017-09-01,75204.31527093596,12726.741475563053
244,47068-MN10000,2017-10-01,72558.25714285714,11819.297028004763
245,47068-MN10000,2017-11-01,60364.979310344825,9463.097701342529
246,47068-MN10000,2017-12-01,55493.58843159066,8472.875162820912
247,47068-MN10000,2018-01-01,62424.273637374856,9164.06052873541
248,47068-MN10000,2018-02-01,55206.93103448275,8246.009530926438
249,47068-MN10000,2018-03-01,61205.17241379311,9134.957649068967
250,47068-MN10000,2018-04-01,62942.6551724138,9662.369861564888
251,47068-MN10000,2018-05-01,64226.8275862069,10800.594793779941
252,47068-MN10000,2018-06-01,59074.00574712644,10241.77871596092
253,47068-MN10000,2018-07-01,65226.54597701149,11339.33761094138
254,47068-MN10000,2018-08-01,65985.68735632183,11248.813390391955
255,47068-MN10000,2018-09-01,62066.48505747126,15410.157807395402
256,47068-MN10000,2018-10-01,63123.54505005562,15033.983955743777
257,47068-MN10000,2018-11-01,55245.79977753059,12400.952814670014
258,47068-MN10000,2018-12-01,7545.103448275862,1956.5849537241381
259,47069-MN10011,2015-12-01,19315.199999999997,1411.5120000000002
260,47069-MN10011,2016-01-01,25589.144827586206,2033.9469655172416
261,47069-MN10011,2016-02-01,25858.373922413793,2118.7679094827586
262,47069-MN10011,2016-03-01,31048.488146551725,2639.841056034483
263,47069-MN10011,2016-04-01,31354.626436781607,2908.6704022988506
264,47069-MN10011,2016-05-01,34149.729166666664,3502.837916666667
265,47069-MN10011,2016-06-01,32585.8375,3811.0797499999994
266,47069-MN10011,2016-07-01,32182.50625,3850.11275
267,47069-MN10011,2016-08-01,31082.69375,3757.6152500000003
268,47069-MN10011,2016-09-01,29475.675862068965,3929.2884137931037
269,47069-MN10011,2016-10-01,27409.137931034486,3321.757586206897
270,47069-MN10011,2016-11-01,22322.77370689655,2094.2643749999997
271,47069-MN10011,2016-12-01,21963.3125,1882.28375
272,47069-MN10011,2017-01-01,23095.5,3429.0158979885055
273,47069-MN10011,2017-02-01,21084.275862068967,3256.977398873563
274,47069-MN10011,2017-03-01,23802.295566502464,3903.04078145936
275,47069-MN10011,2017-04-01,24008.78341013825,4045.2712092269585
276,47069-MN10011,2017-05-01,24846.921023359286,6290.365704934371
277,47069-MN10011,2017-06-01,24589.689655172413,3950.8415106896546
278,47069-MN10011,2017-07-01,25612.647385984426,4547.710112859844
279,47069-MN10011,2017-08-01,28377.076751946606,5748.38614647119
280,47069-MN10011,2017-09-01,28274.310344827587,5776.4433628894085
281,47069-MN10011,2017-10-01,28818.03225806452,5420.430688574885
282,47069-MN10011,2017-11-01,27033.82488479263,4409.086655583982
283,47069-MN10011,2017-12-01,24442.562211981567,3896.3572441579536
284,47069-MN10011,2018-01-01,26760.89098998888,4126.774521766185
285,47069-MN10011,2018-02-01,23979.41379310345,3995.05070417931
286,47069-MN10011,2018-03-01,26946.551724137928,4383.874548
287,47069-MN10011,2018-04-01,25998.057471264365,4202.402730328698
288,47069-MN10011,2018-05-01,25408.97701149425,4787.51890277475
289,47069-MN10011,2018-06-01,20852.856321839077,4032.2670875747126
290,47069-MN10011,2018-07-01,24935.23333333333,4688.545246898924
291,47069-MN10011,2018-08-01,26698.466666666664,4872.409914001075
292,47069-MN10011,2018-09-01,26299.240476190476,6480.979918730954
293,47069-MN10011,2018-10-01,26565.763824884794,5057.056561487328
294,47069-MN10011,2018-11-01,24815.4623655914,5728.148739841491
295,47069-MN10011,2018-12-01,4256.666666666667,1031.7362857068965
296,47070-MN10016,2015-12-01,53404.799999999996,2789.152
297,47070-MN10016,2016-01-01,65047.751724137925,3943.2535172413795
298,47070-MN10016,2016-02-01,59537.85452586207,3735.9794827586206
299,47070-MN10016,2016-03-01,63279.00754310345,4380.174999999999
300,47070-MN10016,2016-04-01,61914.25287356322,4754.041666666667
301,47070-MN10016,2016-05-01,62777.395833333336,5808.528958333334
302,47070-MN10016,2016-06-01,61411.9375,5849.797375
303,47070-MN10016,2016-07-01,64473.3125,5811.4960625
304,47070-MN10016,2016-08-01,62065.4875,6621.745937500001
305,47070-MN10016,2016-09-01,57702.06206896552,6080.1517241379315
306,47070-MN10016,2016-10-01,53917.68965517242,5293.264137931034
307,47070-MN10016,2016-11-01,48047.76077586207,3560.385387931034
308,47070-MN10016,2016-12-01,49827.5625,3812.07125
309,47070-MN10016,2017-01-01,55216.625,7949.802787356322
310,47070-MN10016,2017-02-01,53602.81034482759,8251.564667973562
311,47070-MN10016,2017-03-01,59969.26108374384,9694.753406205828
312,47070-MN10016,2017-04-01,60755.589861751156,9894.154029851383
313,47070-MN10016,2017-05-01,61547.25250278087,11304.131569406007
314,47070-MN10016,2017-06-01,59068.13793103448,11381.855864206897
315,47070-MN10016,2017-07-01,60441.5127919911,11531.240651258066
316,47070-MN10016,2017-08-01,72893.659621802,14138.090416983316
317,47070-MN10016,2017-09-01,79029.84729064039,14976.001824544337
318,47070-MN10016,2017-10-01,76077.04147465437,13320.636920762674
319,47070-MN10016,2017-11-01,73494.24423963134,11748.842342555059
320,47070-MN10016,2017-12-01,69570.94930875576,10945.248825348162
321,47070-MN10016,2018-01-01,79027.77975528364,11784.541600405859
322,47070-MN10016,2018-02-01,69035.1724137931,10499.900519832185
323,47070-MN10016,2018-03-01,77637.41379310345,11833.21239937931
324,47070-MN10016,2018-04-01,75594.16091954023,11688.1042861891
325,47070-MN10016,2018-05-01,78245.08602150537,14331.05312967742
326,47070-MN10016,2018-06-01,84010.00921658987,14616.113097739395
327,47070-MN10016,2018-07-01,80859.70046082951,13932.868986744475
328,47070-MN10016,2018-08-01,80518.03763440861,14136.915173580644
329,47070-MN10016,2018-09-01,78483.61904761904,18980.258837623154
330,47070-MN10016,2018-10-01,74545.85944700462,18477.977884860717
331,47070-MN10016,2018-11-01,67699.42380422693,15716.256693309233
332,47070-MN10016,2018-12-01,9249.931034482759,2461.6415842068964
333,47073-MN10034,2015-12-01,72924.8,4010.072
334,47073-MN10034,2016-01-01,97505.33793103449,6698.897310344828
335,47073-MN10034,2016-02-01,91850.26831896552,6708.311314655172
336,47073-MN10034,2016-03-01,90963.83512931035,7095.667306034482
337,47073-MN10034,2016-04-01,88851.09195402298,7154.49540229885
338,47073-MN10034,2016-05-01,91294.10416666667,8528.076041666665
339,47073-MN10034,2016-06-01,88256.5625,8500.070625
340,47073-MN10034,2016-07-01,90122.625,8656.894375
341,47073-MN10034,2016-08-01,91120.77500000001,8874.855625
342,47073-MN10034,2016-09-01,93869.53103448276,9298.785517241378
343,47073-MN10034,2016-10-01,92723.96551724138,9096.235172413792
344,47073-MN10034,2016-11-01,80672.07219827586,6669.108685344827
345,47073-MN10034,2016-12-01,77476.40625,6193.561874999999
346,47073-MN10034,2017-01-01,80441.45833333333,6353.758750000001
347,47073-MN10034,2017-02-01,69956.38644688645,5790.892637362636
348,47073-MN10034,2017-03-01,76597.25274725274,6410.817032967032
349,47073-MN10034,2017-04-01,74126.37362637362,6204.016483516482
350,47073-MN10034,2017-05-01,76886.5335071708,7732.847032594525
351,47073-MN10034,2017-06-01,74487.9745762712,7856.553983050848
352,47073-MN10034,2017-07-01,79257.71027884088,8414.862185347185
353,47073-MN10034,2017-08-01,92105.61290322582,9550.779354838709
354,47073-MN10034,2017-09-01,88902.87430478311,9380.42749721913
355,47073-MN10034,2017-10-01,85792.2869855395,8758.35895439377
356,47073-MN10034,2017-11-01,83230.33986175114,7001.729838709678
357,47073-MN10034,2017-12-01,74497.20073891626,10730.898195402297
358,47073-MN10034,2018-01-01,80297.72068965518,12354.139740081571
359,47073-MN10034,2018-02-01,66243.70645161289,10365.528677419356
360,47073-MN10034,2018-03-01,80863.08243727598,12505.100510938042
361,47073-MN10034,2018-04-01,71320.59498207885,11081.568369610342
362,47073-MN10034,2018-05-01,76306.24026696329,13061.500889858731
363,47073-MN10034,2018-06-01,76299.44252873564,13212.047811589657
364,47073-MN10034,2018-07-01,88935.41954022988,15182.661814985058
365,47073-MN10034,2018-08-01,89878.08045977012,15137.61082661494
366,47073-MN10034,2018-09-01,88213.33333333333,15535.793132571429
367,47073-MN10034,2018-10-01,89532.375,14819.48485577232
368,47073-MN10034,2018-11-01,86819.625,13428.80335560945
369,47073-MN10034,2018-12-01,11989.0,2007.566819546798
370,277107-MN10163,2016-05-01,625.0,171.5625
371,277107-MN10163,2016-06-01,788.3333333333334,215.35483333333332
372,277107-MN10163,2016-07-01,786.6666666666667,215.60766666666666
373,277107-MN10163,2016-08-01,813.3333333333334,150.46
374,277107-MN10163,2016-09-01,821.1494252873563,127.69155172413792
375,277107-MN10163,2016-10-01,855.1724137931034,132.14586206896553
376,277107-MN10163,2016-11-01,110.34482758620689,28.190663129973473
377,277107-MN10163,2016-12-01,-4676.617204301088,-285.1523457402808
378,277107-MN10163,2017-01-01,142518.55268817203,10340.475397849463
379,277107-MN10163,2017-02-01,146608.69784946236,11344.092204301074
380,277107-MN10163,2017-03-01,158173.36666666667,12756.377051282052
381,277107-MN10163,2017-04-01,148934.15625,12478.907115384616
382,277107-MN10163,2017-05-01,149686.97278225806,14565.165241935485
383,277107-MN10163,2017-06-01,161595.59510567298,15914.256051167964
384,277107-MN10163,2017-07-01,179507.7274749722,18119.671852057843
385,277107-MN10163,2017-08-01,181079.0,18410.535
386,277107-MN10163,2017-09-01,172023.82424916571,18108.388665183535
387,277107-MN10163,2017-10-01,172663.11123470523,16197.11552836485
388,277107-MN10163,2017-11-01,172482.44623655913,13560.761827956989
389,277107-MN10163,2017-12-01,200058.62873563208,15116.239540229897
390,277107-MN10163,2018-01-01,158144.78631813126,23511.036696329254
391,277107-MN10163,2018-02-01,147997.0580645161,22054.126451612905
392,277107-MN10163,2018-03-01,174806.20465949818,25815.521955764467
393,277107-MN10163,2018-04-01,147544.63082437275,22423.14499565489
394,277107-MN10163,2018-05-01,154085.36151279198,26495.623780845388
395,277107-MN10163,2018-06-01,139681.0632183908,24132.04592138506
396,277107-MN10163,2018-07-01,152776.36666666667,25256.483582909343
397,277107-MN10163,2018-08-01,146453.5634408602,25534.761376344086
398,277107-MN10163,2018-09-01,151678.61751152074,26944.074746543774
399,277107-MN10163,2018-10-01,163511.6857142857,26973.52158102826
400,277107-MN10163,2018-11-01,159880.9448275862,24422.127480030853
401,277107-MN10163,2018-12-01,22053.655172413793,3741.0752246551724
402,47069-MN10006,2015-12-01,233.59999999999997,31.295999999999996
403,47069-MN10006,2016-01-01,305.81379310344823,46.824
404,47069-MN10006,2016-02-01,292.71120689655174,46.255625
405,47069-MN10006,2016-03-01,314.18534482758616,50.481616379310346
406,47069-MN10006,2016-04-01,308.1896551724138,50.36609195402299
407,47069-MN10006,2016-05-01,321.25,57.276041666666664
408,47069-MN10006,2016-06-01,314.25,56.822625
409,47069-MN10006,2016-07-01,328.625,59.2005
410,47069-MN10006,2016-08-01,324.775,58.6435
411,47069-MN10006,2016-09-01,312.5310344827586,56.52503448275862
412,47069-MN10006,2016-10-01,318.3448275862069,57.6893103448276
413,47069-MN10006,2016-11-01,304.0991379310345,50.3390301724138
414,47069-MN10006,2016-12-01,311.4637096774194,51.14030241935484
415,47069-MN10006,2017-01-01,319.69462365591403,72.16329687572713
416,47069-MN10006,2017-02-01,273.0,66.20609163060108
417,47069-MN10006,2017-03-01,323.3238095238096,77.63477296717409
418,47069-MN10006,2017-04-01,307.46543778801845,75.75789065552996
419,47069-MN10006,2017-05-01,321.88431590656285,83.10782907230255
420,47069-MN10006,2017-06-01,307.39310344827584,80.85444137931034
421,47069-MN10006,2017-07-01,321.99375,83.756
422,47069-MN10006,2017-08-01,344.6821120689655,89.17635588965517
423,47069-MN10006,2017-09-01,318.1527093596059,82.74598564605913
424,47069-MN10006,2017-10-01,321.77142857142854,83.09523863095238
425,47069-MN10006,2017-11-01,306.5931034482759,75.05440259195402
426,47069-MN10006,2017-12-01,305.67356321839077,74.31815677471265
427,47069-MN10006,2018-01-01,323.8436781609196,78.84106305287357
428,47069-MN10006,2018-02-01,285.1034482758621,69.38962041379311
429,47069-MN10006,2018-03-01,316.871921182266,77.57963571428573
430,47069-MN10006,2018-04-01,299.0267857142857,75.02016628571428
431,47069-MN10006,2018-05-01,323.3541666666667,84.114375
432,47069-MN10006,2018-06-01,317.3333333333333,83.37999999999998
433,47069-MN10006,2018-07-01,332.2903225806452,87.15274193548386
434,47069-MN10006,2018-08-01,328.8064516129032,86.42096774193548
435,47069-MN10006,2018-09-01,314.1101223581757,83.67853170189099
436,47069-MN10006,2018-10-01,321.9181034482759,85.29463362068965
437,47069-MN10006,2018-11-01,314.8060344827586,79.07295258620691
438,47069-MN10006,2018-12-01,42.06896551724138,10.455172413793104
439,115506-MN10159,2015-12-01,16788.8,2929.2438216
440,115506-MN10159,2016-01-01,22164.441379310345,4428.869051089655
441,115506-MN10159,2016-02-01,22338.821120689656,4600.723944529095
442,115506-MN10159,2016-03-01,24681.38577586207,5166.630288264008
443,115506-MN10159,2016-04-01,25266.55172413793,5366.266205517241
444,115506-MN10159,2016-05-01,26892.3125,6079.550127999999
445,115506-MN10159,2016-06-01,27286.2875,6388.307989999999
446,115506-MN10159,2016-07-01,28976.3375,7010.5415258124995
447,115506-MN10159,2016-08-01,28873.0625,6655.9227919875
448,115506-MN10159,2016-09-01,27200.8275862069,6193.465590855173
449,115506-MN10159,2016-10-01,24493.793103448275,5474.439956206896
450,115506-MN10159,2016-11-01,20686.629310344826,4393.502503981681
451,115506-MN10159,2016-12-01,19575.75,2968.0758563820564
452,115506-MN10159,2017-01-01,17990.387096774197,2530.8665149032254
453,115506-MN10159,2017-02-01,15922.440489432702,2527.8736832900204
454,115506-MN10159,2017-03-01,17038.344827586207,2832.163360590298
455,115506-MN10159,2017-04-01,17096.279199110122,2856.0032828616168
456,115506-MN10159,2017-05-01,16965.824249165737,3401.009245025584
457,115506-MN10159,2017-06-01,13992.48275862069,3114.645820724138
458,115506-MN10159,2017-07-01,8874.015572858732,2183.704015895439
459,115506-MN10159,2017-08-01,8140.757056451613,2056.4713467026213
460,115506-MN10159,2017-09-01,8939.653935185186,2281.781097143684
461,115506-MN10159,2017-10-01,8409.976105137393,2009.3190881859534
462,115506-MN10159,2017-11-01,8898.695852534562,1783.3540299688543
463,115506-MN10159,2017-12-01,8748.942857142858,1670.7871057827588
464,115506-MN10159,2018-01-01,9057.2,1731.0047564494253
465,115506-MN10159,2018-02-01,7733.793103448275,1484.5655846372742
466,115506-MN10159,2018-03-01,8282.814039408868,1641.0791148633007
467,115506-MN10159,2018-04-01,7491.580357142857,1509.9841568125
468,115506-MN10159,2018-05-01,7924.645833333333,1926.0768559374999
469,115506-MN10159,2018-06-01,8798.833333333334,2186.2094563333335
470,115506-MN10159,2018-07-01,10389.62365591398,2386.736617247312
471,115506-MN10159,2018-08-01,8807.548387096775,2117.2471812258063
472,115506-MN10159,2018-09-01,7953.954393770857,2002.1557391935487
473,115506-MN10159,2018-10-01,8145.925646551725,1968.62704346875
474,115506-MN10159,2018-11-01,8248.626077586207,1394.0437609105602
475,115506-MN10159,2018-12-01,1109.655172413793,172.63190262068966
476,70772-MN10152,2015-12-01,1645.6,179.456
477,70772-MN10152,2016-01-01,2168.296551724138,278.87262068965515
478,70772-MN10152,2016-02-01,1958.447198275862,263.2070043103448
479,70772-MN10152,2016-03-01,2023.0355603448274,278.37023706896554
480,70772-MN10152,2016-04-01,1787.787356321839,253.67413793103452
481,70772-MN10152,2016-05-01,1636.7083333333335,258.780625
482,70772-MN10152,2016-06-01,1529.3249999999998,247.223375
483,70772-MN10152,2016-07-01,1602.45625,258.661
484,70772-MN10152,2016-08-01,1616.94375,260.697
485,70772-MN10152,2016-09-01,1582.9172413793103,255.5028275862069
486,70772-MN10152,2016-10-01,1641.5862068965516,264.3506896551724
487,70772-MN10152,2016-11-01,1613.521551724138,233.4997952586207
488,70772-MN10152,2016-12-01,1675.0524193548385,239.75307459677418
489,70772-MN10152,2017-01-01,1793.0559139784946,367.63154003983783
490,70772-MN10152,2017-02-01,1560.6,343.73167652404373
491,70772-MN10152,2017-03-01,1774.238095238095,387.6397858750586
492,70772-MN10152,2017-04-01,1616.331797235023,364.90890236751153
493,70772-MN10152,2017-05-01,1634.8898776418241,389.96488775194655
494,70772-MN10152,2017-06-01,1510.4068965517242,369.1608203448276
495,70772-MN10152,2017-07-01,1560.58125,377.25775
496,70772-MN10152,2017-08-01,1656.9773706896553,397.5224264413793
497,70772-MN10152,2017-09-01,1567.384236453202,377.9819177371921
498,70772-MN10152,2017-10-01,1654.5238095238096,394.5052143547619
499,70772-MN10152,2017-11-01,1642.0229885057472,367.4543249149425
500,70772-MN10152,2017-12-01,1705.8436781609196,377.7165851517242
501,70772-MN10152,2018-01-01,1801.8114942528734,400.4994190160919
502,70772-MN10152,2018-02-01,1589.3793103448274,353.0441465218391
503,70772-MN10152,2018-03-01,1752.204433497537,392.0524537549261
504,70772-MN10152,2018-04-01,1620.5089285714284,372.47476210714285
505,70772-MN10152,2018-05-01,1626.0625,390.78999999999996
506,70772-MN10152,2018-06-01,1543.5,376.15833333333336
507,70772-MN10152,2018-07-01,1619.0645161290324,394.13666666666666
508,70772-MN10152,2018-08-01,1600.516129032258,390.6958064516129
509,70772-MN10152,2018-09-01,1568.626251390434,387.5810901001113
510,70772-MN10152,2018-10-01,1642.4806034482758,402.06716594827583
511,70772-MN10152,2018-11-01,1681.6918103448277,387.19800646551727
512,70772-MN10152,2018-12-01,226.6206896551724,51.57793103448276
513,70772-MN10151,2015-12-01,15416.8,2396.136
514,70772-MN10151,2016-01-01,22151.61379310345,3631.542620689655
515,70772-MN10151,2016-02-01,22040.08620689655,3580.7482543103447
516,70772-MN10151,2016-03-01,26416.05172413793,4360.234504310345
517,70772-MN10151,2016-04-01,27758.44827586207,4855.625287356323
518,70772-MN10151,2016-05-01,29865.5625,6698.752083333334
519,70772-MN10151,2016-06-01,28033.4375,6629.23925
520,70772-MN10151,2016-07-01,29831.5625,6712.7766875
521,70772-MN10151,2016-08-01,22140.637499999997,5442.6053125
522,70772-MN10151,2016-09-01,15725.731034482757,4106.683103448276
523,70772-MN10151,2016-10-01,12353.48275862069,3173.4024137931037
524,70772-MN10151,2016-11-01,10493.398706896553,2062.0804202586205
525,70772-MN10151,2016-12-01,10673.67137096774,2001.7266431451612
526,70772-MN10151,2017-01-01,10624.935483870966,1986.1458064516132
527,70772-MN10151,2017-02-01,9260.413978494624,1765.4406129032257
528,70772-MN10151,2017-03-01,10913.166666666668,2159.318931034483
529,70772-MN10151,2017-04-01,10749.032258064517,2237.409032120759
530,70772-MN10151,2017-05-01,11050.484983314793,2868.9267999137237
531,70772-MN10151,2017-06-01,11221.931034482759,3119.1127879310343
532,70772-MN10151,2017-07-01,12094.885057471265,3286.5716775
533,70772-MN10151,2017-08-01,11354.5,3339.293343933333
534,70772-MN10151,2017-09-01,10585.738095238094,3047.8209698880946
535,70772-MN10151,2017-10-01,9578.42857142857,2592.6276015785716
536,70772-MN10151,2017-11-01,9125.862068965518,1895.8048175482759
537,70772-MN10151,2017-12-01,9919.931034482757,1973.2152753103449
538,70772-MN10151,2018-01-01,10344.806896551725,2047.5270661080458
539,70772-MN10151,2018-02-01,9749.572413793103,1935.4993229264371
540,70772-MN10151,2018-03-01,11171.077586206897,2266.272137206897
541,70772-MN10151,2018-04-01,9473.625,2080.708112
542,70772-MN10151,2018-05-01,9636.291666666668,2601.5981249999995
543,70772-MN10151,2018-06-01,9483.5,2708.3516666666665
544,70772-MN10151,2018-07-01,9935.172043010754,2849.2694623655916
545,70772-MN10151,2018-08-01,10232.129032258066,2809.0048387096776
546,70772-MN10151,2018-09-01,10020.23915461624,2902.680756395995
547,70772-MN10151,2018-10-01,9639.449353448275,2619.187338362069
548,70772-MN10151,2018-11-01,9136.481681034482,1977.566109913793
549,70772-MN10151,2018-12-01,1215.8620689655172,250.42482758620687
550,70772-MN10153,2015-12-01,5963.636363636364,1011.9212121212122
551,70772-MN10153,2016-01-01,11250.156739811911,1940.9129258098224
552,70772-MN10153,2016-02-01,9973.706896551725,1852.9621120689653
553,70772-MN10153,2016-03-01,10864.91379310345,2061.378577586207
554,70772-MN10153,2016-04-01,11147.58620689655,2306.093172413793
555,70772-MN10153,2016-05-01,6885.0,2148.0685625
556,70772-MN10153,2016-06-01,12499.0,3156.0061041666663
557,70772-MN10153,2016-07-01,16191.241379310344,3770.1335402298846
558,70772-MN10153,2016-08-01,12407.508620689656,3246.3037931034482
559,70772-MN10153,2016-09-01,11199.491379310344,2964.2989655172414
560,70772-MN10153,2016-10-01,9811.41379310345,2434.650344827586
561,70772-MN10153,2016-11-01,8543.657327586207,1772.4356896551722
562,70772-MN10153,2016-12-01,8618.6875,1651.7216666666668
563,70772-MN10153,2017-01-01,8650.1,1646.5153333333333
564,70772-MN10153,2017-02-01,7561.93125,1454.6855
565,70772-MN10153,2017-03-01,8055.168750000001,1582.5005
566,70772-MN10153,2017-04-01,8116.728571428571,1757.729957672414
567,70772-MN10153,2017-05-01,8019.135944700461,2000.706734585651
568,70772-MN10153,2017-06-01,8548.004449388209,2328.1774005005564
569,70772-MN10153,2017-07-01,9691.511679644049,2573.915881660734
570,70772-MN10153,2017-08-01,10370.315906562848,2857.981001925473
571,70772-MN10153,2017-09-01,9534.103448275862,2611.663029369458
572,70772-MN10153,2017-10-01,8945.714285714286,2285.672088392857
573,70772-MN10153,2017-11-01,7344.47926267281,1597.195904860599
574,70772-MN10153,2017-12-01,7207.94930875576,1425.8526988536867
575,70772-MN10153,2018-01-01,7293.822660098523,1456.4697140061573
576,70772-MN10153,2018-02-01,6376.711902113459,1274.8876208820911
577,70772-MN10153,2018-03-01,7478.184649610678,1500.8981835661848
578,70772-MN10153,2018-04-01,7325.620689655173,1624.9921285517244
579,70772-MN10153,2018-05-01,8387.329741379312,2196.0534051724135
580,70772-MN10153,2018-06-01,9194.054166666665,2469.2359166666665
581,70772-MN10153,2018-07-01,9844.258333333333,2558.400333333333
582,70772-MN10153,2018-08-01,9815.474999999999,2518.6473333333333
583,70772-MN10153,2018-09-01,9237.633333333333,2575.7836666666667
584,70772-MN10153,2018-10-01,8924.266666666666,2365.9365
585,70772-MN10153,2018-11-01,7834.071428571428,1716.909642857143
586,70772-MN10153,2018-12-01,2486.4285714285716,489.5428571428572
587,47082-MN10072,2015-12-01,408839.39354838716,27346.42870967742
588,47082-MN10072,2016-01-01,556101.2096774194,37339.5235483871
589,47082-MN10072,2016-02-01,523791.90788530465,9679.199964157708
590,47082-MN10072,2016-03-01,499506.1951388889,27320.911840277775
591,47082-MN10072,2016-04-01,485975.7743951613,33762.07496975807
592,47082-MN10072,2016-05-01,510949.9693548387,35436.50024360401
593,47082-MN10072,2016-06-01,524180.82666666666,35961.604724137935
594,47082-MN10072,2016-07-01,550800.9459139785,39526.322774193555
595,47082-MN10072,2016-08-01,540615.5322580646,37894.33096774194
596,47082-MN10072,2016-09-01,513243.49343715236,35884.53156840934
597,47082-MN10072,2016-10-01,495292.0484983315,34795.63068965517
598,47082-MN10072,2016-11-01,469282.2580645162,32348.816129032257
599,47082-MN10072,2016-12-01,531637.2951612903,36489.883870967744
600,47082-MN10072,2017-01-01,549605.1499999999,38001.918620689656
601,47082-MN10072,2017-02-01,460420.5,32263.518879310348
602,47082-MN10072,2017-03-01,491511.7,34612.924499999994
603,47082-MN10072,2017-04-01,458281.94999999995,32086.143
604,47082-MN10072,2017-05-01,478492.3933333333,34034.416333333334
605,47082-MN10072,2017-06-01,490900.9657575757,34063.64987878788
606,47082-MN10072,2017-07-01,523748.01159874606,36571.82154649948
607,47082-MN10072,2017-08-01,498949.95203761756,34767.20845350052
608,47082-MN10072,2017-09-01,454244.62382445135,32602.71671891327
609,47082-MN10072,2017-10-01,443325.6820197044,32105.16849753695
610,47082-MN10072,2017-11-01,428160.34142857144,30936.42757142857
611,47082-MN10072,2017-12-01,498384.6058064516,34781.565354838705
612,47082-MN10072,2018-01-01,479411.23548387096,35523.03032258064
613,47082-MN10072,2018-02-01,423720.08698553947,32283.7013570634
614,47082-MN10072,2018-03-01,467275.6517241379,33453.31896551724
615,47082-MN10072,2018-04-01,452685.8172413793,33237.93689655173
616,47082-MN10072,2018-05-01,450439.9227586207,34998.587103448284
617,47082-MN10072,2018-06-01,449051.86,32359.550545454545
618,47082-MN10072,2018-07-01,468361.20666666667,33611.89478787879
619,47082-MN10072,2018-08-01,461587.49020833336,32909.83004166667
620,47082-MN10072,2018-09-01,437486.203125,31813.890625
621,47095-MN10119,2015-12-01,4967.272727272727,1178.7345454545455
622,47095-MN10119,2016-01-01,20685.32727272727,4890.523454545455
623,47095-MN10119,2016-02-01,24747.46896551724,5784.103379310345
624,47095-MN10119,2016-03-01,25122.212284482757,5815.016120689655
625,47095-MN10119,2016-04-01,23708.098060344826,5402.491810344827
626,47095-MN10119,2016-05-01,26560.054022988505,7115.669689655172
627,47095-MN10119,2016-06-01,27428.629166666666,9151.49475
628,47095-MN10119,2016-07-01,30980.178879310344,9035.749008620689
629,47095-MN10119,2016-08-01,34041.35862068966,9759.79324137931
630,47095-MN10119,2016-09-01,28984.4,8056.484
631,47095-MN10119,2016-10-01,31173.379310344826,9728.368275862069
632,47095-MN10119,2016-11-01,24916.88735632184,6569.849057471265
633,47095-MN10119,2016-12-01,20446.82424242424,5140.704484848485
634,47095-MN10119,2017-01-01,20759.542424242427,5101.248181818181
635,47095-MN10119,2017-02-01,20689.85053763441,5083.380322580645
636,47095-MN10119,2017-03-01,24112.849462365593,5795.923010752688
637,47095-MN10119,2017-04-01,24738.2183908046,5930.470114942528
638,47095-MN10119,2017-05-01,22358.94827586207,6382.418739224138
639,47095-MN10119,2017-06-01,21435.5,6136.489479166667
640,47095-MN10119,2017-07-01,24097.8275862069,7439.06143678161
641,47095-MN10119,2017-08-01,17660.03099965169,5514.123361198189
642,47095-MN10119,2017-09-01,6174.400731452457,1959.759759665622
643,47095-MN10119,2017-10-01,23654.9175374434,7492.587981539533
644,47095-MN10119,2017-11-01,20168.27314524556,6953.18579414838
645,47095-MN10119,2017-12-01,19991.0702020202,7109.8656565656565
646,47095-MN10119,2018-01-01,20682.06717171717,6547.940777777778
647,47095-MN10119,2018-02-01,20184.023330074946,6085.35806712284
648,47095-MN10119,2018-03-01,18942.100407298793,5775.189276311502
649,47095-MN10119,2018-04-01,19930.317972831766,6349.899621734588
650,47095-MN10119,2018-05-01,20359.53600240447,6105.248026033416
651,47095-MN10119,2018-06-01,17243.43743890518,5147.424887585533
652,47095-MN10119,2018-07-01,1843.95202020202,621.1100505050505
653,47095-MN10119,2018-08-01,1843.95202020202,621.1100505050505
654,47095-MN10119,2018-09-01,1368.0934343434344,460.8235858585859
655,47098-MN10125,2015-12-01,117303.52941176471,11591.302058823527
656,47098-MN10125,2016-01-01,180268.88438133875,19965.567251521297
657,47098-MN10125,2016-02-01,167382.06896551725,18946.776896551724
658,47098-MN10125,2016-03-01,164175.83982202449,17874.63508342603
659,47098-MN10125,2016-04-01,151647.6084538376,17045.6166407119
660,47098-MN10125,2016-05-01,165846.06896551725,7267.7250689655175
661,47098-MN10125,2016-06-01,179001.0,15545.2845
662,47098-MN10125,2016-07-01,190408.10344827588,22160.779051724137
663,47098-MN10125,2016-08-01,181182.89655172414,21314.398781609194
664,47098-MN10125,2016-09-01,161984.0,18964.97811494253
665,47098-MN10125,2016-10-01,163556.12903225806,17679.988809788654
666,47098-MN10125,2016-11-01,162874.83870967742,16856.949032258064
667,47098-MN10125,2016-12-01,184839.62049335864,17833.678709677417
668,47098-MN10125,2017-01-01,186070.1014198783,18732.606896551722
669,47098-MN10125,2017-02-01,152336.55172413794,16456.190689655174
670,47098-MN10125,2017-03-01,159277.59733036708,17656.763058954395
671,47098-MN10125,2017-04-01,148258.95439377087,17983.11245828699
672,47098-MN10125,2017-05-01,146647.54022988505,19133.32622988506
673,47098-MN10125,2017-06-01,177118.66666666666,21331.325041666667
674,47098-MN10125,2017-07-01,195351.0344827586,23281.070452586206
675,47098-MN10125,2017-08-01,192399.63218390802,22872.916505747125
676,47098-MN10125,2017-09-01,180698.2988505747,21464.62901149425
677,47098-MN10125,2017-10-01,179722.00222469412,19964.67642936596
678,47098-MN10125,2017-11-01,165089.03225806452,17925.714193548385
679,47098-MN10125,2017-12-01,164122.35294117648,17631.936091081592
680,47098-MN10125,2018-01-01,161312.12981744422,18357.02638945233
681,47098-MN10125,2018-02-01,166466.2068965517,18222.380689655172
682,47098-MN10125,2018-03-01,197059.3103448276,20793.673281423802
683,47098-MN10125,2018-04-01,164656.55172413794,19580.444649610676
684,47098-MN10125,2018-05-01,151674.11494252871,19799.193264367816
685,47098-MN10125,2018-06-01,155994.3333333333,20200.32247916667
686,47098-MN10125,2018-07-01,173583.9655172414,22675.296325431034
687,47098-MN10125,2018-08-01,161483.0344827586,20323.473862068964
688,47098-MN10125,2018-09-01,143979.03448275864,18335.218551724138
689,47098-MN10125,2018-10-01,119214.77196885429,15371.05570634038
690,47098-MN10125,2018-11-01,122507.52688172043,15106.884408602149
691,47098-MN10125,2018-12-01,20826.666666666664,2546.913333333333
692,47121-MN10129,2015-12-01,20151.724137931036,1919.2344827586207
693,47121-MN10129,2016-01-01,43205.85161964473,3558.224305120167
694,47121-MN10129,2016-02-01,42005.1828631139,3126.8012121212123
695,47121-MN10129,2016-03-01,43837.24137931035,3413.67
696,47121-MN10129,2016-04-01,40200.0,3219.4646428571427
697,47121-MN10129,2016-05-01,42656.470588235294,3727.9400630252103
698,47121-MN10129,2016-06-01,46065.6346749226,2978.5310835913315
699,47121-MN10129,2016-07-01,51818.94736842105,1999.7121052631583
700,47121-MN10129,2016-08-01,54781.44736842105,3896.1205427631576
701,47121-MN10129,2016-09-01,48146.833333333336,4308.550229166667
702,47121-MN10129,2016-10-01,42822.09523809524,3738.589904761905
703,47121-MN10129,2016-11-01,42228.57142857143,3271.545714285714
704,47121-MN10129,2016-12-01,45590.857142857145,3385.0062857142857
705,47121-MN10129,2017-01-01,44411.90147783251,3299.9380492610835
706,47121-MN10129,2017-02-01,36892.72525027809,2802.8887986651835
707,47121-MN10129,2017-03-01,39352.51612903226,3199.749580645161
708,47121-MN10129,2017-04-01,36910.620689655174,3122.718172413793
709,47121-MN10129,2017-05-01,40456.379310344826,3679.2451400862074
710,47121-MN10129,2017-06-01,43466.379310344826,4141.46520474138
711,47121-MN10129,2017-07-01,49729.287356321845,4678.243149425288
712,47121-MN10129,2017-08-01,46458.29885057472,4572.777540229885
713,47121-MN10129,2017-09-01,40782.64738598443,4038.708954393771
714,47121-MN10129,2017-10-01,39057.35261401557,3489.4155283648497
715,47121-MN10129,2017-11-01,37987.50507099391,3096.7440162271805
716,47121-MN10129,2017-12-01,44047.529411764706,3447.9246274509806
717,47121-MN10129,2018-01-01,45936.0,3538.750666666667
718,47121-MN10129,2018-02-01,38806.89655172414,3044.083103448276
719,47121-MN10129,2018-03-01,40479.16405433647,3204.1326541274816
720,47121-MN10129,2018-04-01,38014.62904911181,3306.7956217345873
721,47121-MN10129,2018-05-01,42893.793103448275,4106.234137931035
722,47121-MN10129,2018-06-01,59913.396029258096,5633.227816091954
723,47121-MN10129,2018-07-01,76781.77638453501,7070.299425287356
724,47121-MN10129,2018-08-01,78566.10240334379,7100.732392894462
725,47121-MN10129,2018-09-01,67684.24242424243,6220.073062770563
726,47121-MN10129,2018-10-01,47828.0,4469.114452380953
727,47121-MN10129,2018-11-01,38443.42857142857,3410.648761904762
728,47121-MN10129,2018-12-01,16148.57142857143,1398.5485714285714
729,277107-MN10167,2016-10-01,6222.857142857143,794.34
730,277107-MN10167,2016-11-01,9257.142857142857,1124.20625
731,277107-MN10167,2016-12-01,8040.0,946.5507500000001
732,277107-MN10167,2017-01-01,9095.172413793103,1513.5027332758623
733,277107-MN10167,2017-02-01,8169.827586206897,1597.858149788654
734,277107-MN10167,2017-03-01,9403.387096774193,1800.3430846774195
735,277107-MN10167,2017-04-01,10013.094384707289,1968.2521595596518
736,277107-MN10167,2017-05-01,10105.615292712067,2097.725758827445
737,277107-MN10167,2017-06-01,9513.592880978866,2024.6773037330368
738,277107-MN10167,2017-07-01,9834.310344827587,2116.235685137931
739,277107-MN10167,2017-08-01,10353.275862068966,2187.7686810816094
740,277107-MN10167,2017-09-01,10288.866995073891,2174.540720346962
741,277107-MN10167,2017-10-01,10626.995073891627,2216.337458674877
742,277107-MN10167,2017-11-01,9910.528735632184,1971.3930878836484
743,277107-MN10167,2017-12-01,8893.333333333334,1739.3241770129032
744,277107-MN10167,2018-01-01,10420.57142857143,2004.527425738916
745,277107-MN10167,2018-02-01,9100.460829493088,1753.4800996481806
746,277107-MN10167,2018-03-01,9726.967741935485,1883.688474612903
747,277107-MN10167,2018-04-01,9763.310344827587,1898.1121379310346
748,277107-MN10167,2018-05-01,9580.689655172413,1959.3283620689654
749,277107-MN10167,2018-06-01,9408.0,1964.0535
750,277107-MN10167,2018-07-01,10142.0,2116.384625
751,277107-MN10167,2018-08-01,10530.0,2207.1953750000002
752,277107-MN10167,2018-09-01,10448.0,2212.842
753,277107-MN10167,2018-10-01,10509.5,2187.15575
754,277107-MN10167,2018-11-01,9908.214285714286,1967.1323214285712
755,277107-MN10167,2018-12-01,3614.285714285714,699.4939285714286
756,47095-MN10116,2015-12-01,2996.9523809523807,651.3536507936508
757,47095-MN10116,2016-01-01,11613.190476190475,2523.9953968253967
758,47095-MN10116,2016-02-01,10930.339901477832,2385.8954351395732
759,47095-MN10116,2016-03-01,11979.36099137931,2635.4720797413793
760,47095-MN10116,2016-04-01,11619.983836206897,2520.368265086207
761,47095-MN10116,2016-05-01,12657.83908045977,3126.90883908046
762,47095-MN10116,2016-06-01,11130.677083333334,2856.6819583333336
763,47095-MN10116,2016-07-01,10783.035560344828,2840.1150646551723
764,47095-MN10116,2016-08-01,11112.820689655171,2871.170643678161
765,47095-MN10116,2016-09-01,11091.05,2745.0461666666665
766,47095-MN10116,2016-10-01,11882.715517241379,2790.2256034482757
767,47095-MN10116,2016-11-01,11814.767816091953,2648.2362298850576
768,47095-MN10116,2016-12-01,12108.630303030302,2572.3679393939397
769,47095-MN10116,2017-01-01,12129.436363636363,2618.461393939394
770,47095-MN10116,2017-02-01,11519.490322580645,2534.688430107527
771,47095-MN10116,2017-03-01,12503.543010752688,2726.6945698924733
772,47095-MN10116,2017-04-01,12223.30459770115,2793.601436781609
773,47095-MN10116,2017-05-01,12260.674568965518,3083.1078340517242
774,47095-MN10116,2017-06-01,11326.520833333334,2826.9873958333333
775,47095-MN10116,2017-07-01,11085.83908045977,2939.0944252873564
776,47095-MN10116,2017-08-01,10548.771134593993,2955.1786929922137
777,47095-MN10116,2017-09-01,10446.815072302557,2751.0951001112353
778,47095-MN10116,2017-10-01,11566.0,2963.362068965517
779,47095-MN10116,2017-11-01,11118.041379310345,2666.858379310345
780,47095-MN10116,2017-12-01,11641.41212121212,2891.4478484848487
781,47095-MN10116,2018-01-01,11250.787878787878,2904.934484848485
782,47095-MN10116,2018-02-01,10321.806451612903,2830.5929247311833
783,47095-MN10116,2018-03-01,11242.593548387096,3077.2437419354837
784,47095-MN10116,2018-04-01,11128.841379310343,3077.315034482758
785,47095-MN10116,2018-05-01,10978.758620689656,3184.3664655172415
786,47095-MN10116,2018-06-01,73847.59999999999,24831.754500000003
787,47095-MN10116,2018-07-01,347545.2965517241,121092.80696551726
788,47095-MN10116,2018-08-01,361155.6659482758,123492.54540948276
789,47095-MN10116,2018-09-01,315214.0375,83303.61395833333
790,47095-MN10116,2018-10-01,319916.77931034483,82940.87201149426
791,47095-MN10116,2018-11-01,209961.62068965516,55398.07965517242
792,47092-MN10081,2015-12-01,3947.3939393939395,1007.8012121212122
793,47092-MN10081,2016-01-01,18598.80606060606,4995.274787878789
794,47092-MN10081,2016-02-01,26646.59310344827,8003.046068965518
795,47092-MN10081,2016-03-01,10914.394396551725,4119.033556034483
796,47092-MN10081,2016-04-01,13846.433189655172,4822.591271551724
797,47092-MN10081,2016-05-01,14421.879310344828,4811.688770114943
798,47092-MN10081,2016-06-01,16284.5,5733.031520833333
799,47092-MN10081,2016-07-01,16464.344827586207,6614.941778017241
800,47092-MN10081,2016-08-01,21223.188505747126,7588.175701149425
801,47092-MN10081,2016-09-01,18505.466666666667,7822.340333333333
802,47092-MN10081,2016-10-01,20643.379310344826,7527.428793103448
803,47092-MN10081,2016-11-01,20775.020689655175,6486.632873563219
804,47092-MN10081,2016-12-01,14756.963636363636,4672.150606060606
805,47092-MN10081,2017-01-01,12856.303030303032,4331.838060606061
806,47092-MN10081,2017-02-01,8172.688172043011,3953.20047311828
807,47092-MN10081,2017-03-01,1666.645161290323,3417.9875268817204
808,47092-MN10081,2017-04-01,-2779.6724137931033,3000.864942528736
809,47092-MN10081,2017-05-01,204.6036637931034,3217.260474137931
810,47092-MN10081,2017-06-01,1599.46875,3218.7579166666665
811,47092-MN10081,2017-07-01,12025.155172413793,5774.70091954023
812,47092-MN10081,2017-08-01,18128.094827586207,7772.3074137931035
813,47092-MN10081,2017-09-01,18205.83620689655,6164.42948275862
814,47092-MN10081,2017-10-01,13860.03448275862,5563.172068965518
815,47092-MN10081,2017-11-01,14982.279310344828,5434.819448275862
816,47092-MN10081,2017-12-01,12516.887878787878,4736.157333333334
817,47092-MN10081,2018-01-01,8022.478787878788,4141.979333333333
818,47092-MN10081,2018-02-01,6296.055913978495,4030.5276559139784
819,47092-MN10081,2018-03-01,2996.277419354839,3583.379677419355
820,47092-MN10081,2018-04-01,2667.1586206896554,3123.58
821,47092-MN10081,2018-05-01,3665.241379310345,3111.075
822,47092-MN10081,2018-06-01,3254.2,3246.117
823,47092-MN10081,2018-07-01,8698.110344827586,5021.7642068965515
824,47092-MN10081,2018-08-01,7894.627155172414,4151.7703556034485
825,47092-MN10081,2018-09-01,6971.795833333334,4337.475770833334
826,47092-MN10081,2018-10-01,9598.666666666668,4309.071666666667
827,47092-MN10081,2018-11-01,9525.533333333333,4210.558666666667
828,47092-MN10081,2018-12-01,6575.066666666667,2904.667333333333
829,47094-MN10102,2015-12-01,3365.818181818182,404.99636363636364
830,47094-MN10102,2016-01-01,13256.981818181817,1617.3916363636365
831,47094-MN10102,2016-02-01,13186.924137931033,1684.899931034483
832,47094-MN10102,2016-03-01,13759.025862068966,1680.6258189655173
833,47094-MN10102,2016-04-01,13150.21551724138,1540.2028017241378
834,47094-MN10102,2016-05-01,13960.534482758621,1889.693448275862
835,47094-MN10102,2016-06-01,12859.6875,1850.0393749999998
836,47094-MN10102,2016-07-01,12314.84698275862,1681.352004310345
837,47094-MN10102,2016-08-01,12826.165517241378,1817.8726206896552
838,47094-MN10102,2016-09-01,13339.8,1774.761
839,47094-MN10102,2016-10-01,13526.206896551725,1750.129827586207
840,47094-MN10102,2016-11-01,13509.526436781609,1717.26583908046
841,47094-MN10102,2016-12-01,13432.084848484848,1716.54296969697
842,47094-MN10102,2017-01-01,13955.315151515151,1682.1476969696969
843,47094-MN10102,2017-02-01,13437.221505376345,1612.1164086021506
844,47094-MN10102,2017-03-01,13089.811827956988,1755.3105913978493
845,47094-MN10102,2017-04-01,12805.66091954023,1778.160632183908
846,47094-MN10102,2017-05-01,12698.859913793103,1889.3329094827589
847,47094-MN10102,2017-06-01,11816.145833333334,1697.8714583333333
848,47094-MN10102,2017-07-01,12215.028735632186,1863.7914942528737
849,47094-MN10102,2017-08-01,12850.637931034484,1912.0051724137932
850,47094-MN10102,2017-09-01,12407.948275862069,1845.9993103448276
851,47094-MN10102,2017-10-01,12562.41379310345,1961.3451724137929
852,47094-MN10102,2017-11-01,12150.537931034482,1769.724517241379
853,47094-MN10102,2017-12-01,12801.145454545454,1915.4670606060608
854,47094-MN10102,2018-01-01,12891.921212121213,1953.4652727272726
855,47094-MN10102,2018-02-01,12656.30752688172,1956.5770537634405
856,47094-MN10102,2018-03-01,13743.225806451614,2039.9496129032254
857,47094-MN10102,2018-04-01,13254.896551724138,2032.5402758620687
858,47094-MN10102,2018-05-01,13294.353448275862,2107.986724137931
859,47094-MN10102,2018-06-01,12540.95,1881.4189999999999
860,47094-MN10102,2018-07-01,12781.593103448276,2046.098068965517
861,47094-MN10102,2018-08-01,12305.800646551725,2027.5616810344832
862,47094-MN10102,2018-09-01,11890.272916666667,1799.7552500000002
863,47094-MN10102,2018-10-01,12338.466666666667,1782.1123333333335
864,47094-MN10102,2018-11-01,11690.666666666668,1731.3733333333334
865,47094-MN10102,2018-12-01,8635.0,1260.5853333333334
866,47094-MN10101,2015-12-01,0.0,196.6830303030303
867,47094-MN10101,2016-01-01,0.0,891.3819696969697
868,47094-MN10101,2016-02-01,0.0,924.5381034482759
869,47094-MN10101,2016-03-01,0.0,934.9418965517241
870,47094-MN10101,2016-04-01,0.0,920.1915517241379
871,47094-MN10101,2016-05-01,0.0,989.2394482758621
872,47094-MN10101,2016-06-01,0.0,943.1521249999998
873,47094-MN10101,2016-07-01,0.0,864.7432543103448
874,47094-MN10101,2016-08-01,0.0,878.1329540229885
875,47094-MN10101,2016-09-01,0.0,904.5212916666667
876,47094-MN10101,2016-10-01,0.0,909.9867887931034
877,47094-MN10101,2016-11-01,0.0,937.1065862068966
878,47094-MN10101,2016-12-01,0.0,957.6146363636364
879,47094-MN10101,2017-01-01,0.0,871.0563636363637
880,47094-MN10101,2017-02-01,0.0,775.3406451612902
881,47094-MN10101,2017-03-01,0.0,751.0553548387096
882,47094-MN10101,2017-04-01,0.0,735.9208965517241
883,47094-MN10101,2017-05-01,0.0,729.8962284482759
884,47094-MN10101,2017-06-01,0.0,681.0830818965517
885,47094-MN10101,2017-07-01,0.0,720.0875862068965
886,47094-MN10101,2017-08-01,0.0,737.5212068965518
887,47094-MN10101,2017-09-01,0.0,712.0805172413793
888,47094-MN10101,2017-10-01,0.0,721.0941379310345
889,47094-MN10101,2017-11-01,0.0,697.3183448275863
890,47094-MN10101,2017-12-01,0.0,728.8010909090909
891,47094-MN10101,2018-01-01,0.0,719.118909090909
892,47094-MN10101,2018-02-01,0.0,701.1723225806452
893,47094-MN10101,2018-03-01,0.0,761.8456774193548
894,47094-MN10101,2018-04-01,0.0,734.2853793103448
895,47094-MN10101,2018-05-01,0.0,736.3561206896552
896,47094-MN10101,2018-06-01,0.0,694.4965
897,47094-MN10101,2018-07-01,0.0,708.0670344827587
898,47094-MN10101,2018-08-01,0.0,681.4361530172414
899,47094-MN10101,2018-09-01,0.0,658.1248125
900,47094-MN10101,2018-10-01,0.0,683.4246666666667
901,47094-MN10101,2018-11-01,0.0,647.5486666666667
902,47094-MN10101,2018-12-01,0.0,478.29466666666667
903,47098-MN10126,2015-12-01,44668.23529411764,5943.216176470588
904,47098-MN10126,2016-01-01,43442.10953346856,8617.39037525355
905,47098-MN10126,2016-02-01,38052.41379310345,7970.2751724137925
906,47098-MN10126,2016-03-01,46983.04783092324,8244.407953281423
907,47098-MN10126,2016-04-01,47847.29699666296,7800.27170189099
908,47098-MN10126,2016-05-01,51550.89655172414,9613.767620689656
909,47098-MN10126,2016-06-01,68946.0,10625.3713125
910,47098-MN10126,2016-07-01,76590.0,11236.793020833333
911,47098-MN10126,2016-08-01,70388.96551724138,11106.012528735631
912,47098-MN10126,2016-09-01,70532.41379310345,9716.55724137931
913,47098-MN10126,2016-10-01,71589.58843159066,8880.995283648499
914,47098-MN10126,2016-11-01,57517.41935483871,7967.742580645161
915,47098-MN10126,2016-12-01,57853.96584440228,8268.88844402277
916,47098-MN10126,2017-01-01,49116.2677484787,8381.926795131847
917,47098-MN10126,2017-02-01,21566.896551724138,6847.909310344828
918,47098-MN10126,2017-03-01,10053.837597330366,7087.924160177976
919,47098-MN10126,2017-04-01,8318.576195773081,7153.145494994437
920,47098-MN10126,2017-05-01,8096.735632183907,7384.0261609195395
921,47098-MN10126,2017-06-01,21035.333333333332,8183.223666666667
922,47098-MN10126,2017-07-01,45841.724137931036,9480.533620689655
923,47098-MN10126,2017-08-01,44589.6091954023,10269.274379310344
924,47098-MN10126,2017-09-01,41109.70114942529,9721.015620689655
925,47098-MN10126,2017-10-01,46631.54616240267,8517.704927697441
926,47098-MN10126,2017-11-01,49207.74193548387,8367.872903225805
927,47098-MN10126,2017-12-01,48036.736242884246,7928.055313092978
928,47098-MN10126,2018-01-01,47015.010141987834,7966.970993914807
929,47098-MN10126,2018-02-01,61462.06896551725,9140.034482758621
930,47098-MN10126,2018-03-01,61370.05561735261,10028.875984427143
931,47098-MN10126,2018-04-01,35838.22024471635,8950.504705228032
932,47098-MN10126,2018-05-01,36864.91954022989,8534.076068965516
933,47098-MN10126,2018-06-01,45837.66666666667,8649.9756875
934,47098-MN10126,2018-07-01,54621.551724137935,10301.89755387931
935,47098-MN10126,2018-08-01,53615.44827586207,10220.56475862069
936,47098-MN10126,2018-09-01,47681.10344827586,9590.876965517242
937,47098-MN10126,2018-10-01,45783.670745272524,9175.229098998889
938,47098-MN10126,2018-11-01,46769.892473118285,8733.491935483871
939,47098-MN10126,2018-12-01,7893.333333333334,1455.06
940,47088-MN10074,2015-12-01,47698.666666666664,3738.3497186666664
941,47088-MN10074,2016-01-01,69482.4367816092,5491.812542091953
942,47088-MN10074,2016-02-01,67652.22988505747,5285.493871908046
943,47088-MN10074,2016-03-01,72108.69791666667,5610.936061833333
944,47088-MN10074,2016-04-01,71917.00208333333,5607.1619204
945,47088-MN10074,2016-05-01,79708.96666666667,6823.303532766666
946,47088-MN10074,2016-06-01,81552.375,6784.370550333333
947,47088-MN10074,2016-07-01,90714.55833333332,7325.792499133333
948,47088-MN10074,2016-08-01,92187.56666666667,7213.198747616667
949,47088-MN10074,2016-09-01,83898.9827586207,6647.853292215517
950,47088-MN10074,2016-10-01,80500.08866995075,6378.522245605911
951,47088-MN10074,2016-11-01,71561.6866359447,5438.17403329954
952,47088-MN10074,2016-12-01,71134.74193548388,5211.370894462366
953,47088-MN10074,2017-01-01,72230.8275862069,5345.595932977012
954,47088-MN10074,2017-02-01,65505.9536637931,4938.909403939656
955,47088-MN10074,2017-03-01,73697.8739224138,5644.819997508621
956,47088-MN10074,2017-04-01,74145.44827586207,5931.973681172414
957,47088-MN10074,2017-05-01,79893.44200626959,6286.422906341693
958,47088-MN10074,2017-06-01,87008.85454545455,6921.6958799272725
959,47088-MN10074,2017-07-01,97122.9103448276,8097.888264696552
960,47088-MN10074,2017-08-01,93658.5987460815,7708.520378648902
961,47088-MN10074,2017-09-01,81024.66233766235,6816.026508668831
962,47088-MN10074,2017-10-01,75695.92857142858,6758.242690785715
963,47088-MN10074,2017-11-01,68335.79032258065,5991.20268167742
964,47088-MN10074,2017-12-01,70315.1339198436,6463.443569777126
965,47088-MN10074,2018-01-01,72543.23092998954,6525.0245016489025
966,47088-MN10074,2018-02-01,65425.93103448275,5731.278998206896
967,47088-MN10074,2018-03-01,73999.85129310345,6367.683231252156
968,47088-MN10074,2018-04-01,77064.66594827586,6889.994683092673
969,47088-MN10074,2018-05-01,85558.49655172415,7685.549213344827
970,47088-MN10074,2018-06-01,97138.3375,8708.373224750001
971,47088-MN10074,2018-07-01,112729.1625,9907.490659349998
972,47088-MN10074,2018-08-01,105264.9625,9332.1677128375
973,47088-MN10074,2018-09-01,88980.9375,7722.274107338362
974,47088-MN10074,2018-10-01,82576.55172413794,6895.563434
975,47088-MN10074,2018-11-01,75063.57327586207,6035.873270599139
976,47088-MN10074,2018-12-01,22255.875,1773.201673125
977,47122-MN10137,2015-12-01,39641.37931034483,3945.0413793103444
978,47122-MN10137,2016-01-01,83856.802507837,7449.7537722048055
979,47122-MN10137,2016-02-01,80286.64576802508,6786.155538140021
980,47122-MN10137,2016-03-01,87775.1724137931,7640.569310344828
981,47122-MN10137,2016-04-01,86182.85714285713,7458.965
982,47122-MN10137,2016-05-01,95791.26050420168,8776.328529411763
983,47122-MN10137,2016-06-01,99700.88235294117,9159.386470588235
984,47122-MN10137,2016-07-01,115574.6,10003.9304
985,47122-MN10137,2016-08-01,121352.9,10137.1542875
986,47122-MN10137,2016-09-01,104432.16666666667,8793.205645833332
987,47122-MN10137,2016-10-01,94033.90476190476,8134.278238095238
988,47122-MN10137,2016-11-01,76982.85714285713,6612.551428571428
989,47122-MN10137,2016-12-01,76683.42857142858,6637.563142857143
990,47122-MN10137,2017-01-01,80552.039408867,6797.757201970444
991,47122-MN10137,2017-02-01,76169.87764182425,6108.112880978866
992,47122-MN10137,2017-03-01,86007.2258064516,7177.3917741935475
993,47122-MN10137,2017-04-01,85489.10344827586,7383.693620689655
994,47122-MN10137,2017-05-01,88806.89655172414,8129.150754310344
995,47122-MN10137,2017-06-01,91104.8275862069,8433.149935344827
996,47122-MN10137,2017-07-01,99929.83908045977,9205.646689655172
997,47122-MN10137,2017-08-01,94186.02298850575,8988.32572413793
998,47122-MN10137,2017-09-01,84076.08453837597,7951.685372636262
999,47122-MN10137,2017-10-01,80139.08787541713,7350.175661846497
1000,47122-MN10137,2017-11-01,71394.72616632859,6454.006653144016
1001,47122-MN10137,2017-12-01,75790.74509803922,6535.296254901961
1002,47122-MN10137,2018-01-01,77778.66666666667,6585.629333333334
1003,47122-MN10137,2018-02-01,69468.96551724138,6089.626379310344
1004,47122-MN10137,2018-03-01,76202.54963427378,6933.321650992686
1005,47122-MN10137,2018-04-01,74583.65726227795,6956.950417972832
1006,47122-MN10137,2018-05-01,80990.3448275862,7697.8099999999995
1007,47122-MN10137,2018-06-01,76755.69487983281,7757.047460815047
1008,47122-MN10137,2018-07-01,72011.20167189132,7191.230815047022
1009,47122-MN10137,2018-08-01,64609.40438871473,6035.419487983281
1010,47122-MN10137,2018-09-01,75883.8961038961,6907.919502164503
1011,47122-MN10137,2018-10-01,80979.61904761905,7257.437285714286
1012,47122-MN10137,2018-11-01,58588.95238095238,5078.023428571429
1013,47122-MN10137,2018-12-01,22045.714285714286,1784.3485714285712
1014,47108-MN10128,2015-12-01,1329.6,178.8260952
1015,47108-MN10128,2016-01-01,1671.7939393939396,224.91258061818183
1016,47108-MN10128,2016-02-01,1600.261233019854,212.77507659561127
1017,47108-MN10128,2016-03-01,1707.5114942528737,228.70236591954023
1018,47108-MN10128,2016-04-01,1590.9367816091954,217.503497045977
1019,47108-MN10128,2016-05-01,1658.444938820912,243.4865599755284
1020,47108-MN10128,2016-06-01,1638.4516129032259,251.8728238451613
1021,47108-MN10128,2016-07-01,1404.8333333333333,242.54621279999998
1022,47108-MN10128,2016-08-01,1351.2878787878788,240.78478106060606
1023,47108-MN10128,2016-09-01,1285.4081996434938,229.07091167468806
1024,47108-MN10128,2016-10-01,1227.8039215686274,204.2667882647059
1025,47108-MN10128,2016-11-01,1026.095238095238,138.68589671428572
1026,47108-MN10128,2016-12-01,952.1651785714286,115.3707012232143
1027,47108-MN10128,2017-01-01,918.0491071428571,111.14380641964286
1028,47108-MN10128,2017-02-01,899.3226600985222,108.95258274630544
1029,47108-MN10128,2017-03-01,1136.4344827586206,137.87157109655172
1030,47108-MN10128,2017-04-01,1204.3777777777777,152.30607691111112
1031,47108-MN10128,2017-05-01,1196.9281045751634,207.01941094771243
1032,47108-MN10128,2017-06-01,1269.3529411764705,232.754463
1033,47108-MN10128,2017-07-01,957.9411764705883,184.21528819117646
1034,47108-MN10128,2017-08-01,596.2413793103449,118.26103971551726
1035,47108-MN10128,2017-09-01,527.4137931034483,104.52049293103448
1036,47108-MN10128,2017-10-01,538.8742393509127,101.2227008387424
1037,47108-MN10128,2017-11-01,521.5063025210084,79.29909840756302
1038,47108-MN10128,2017-12-01,532.0231092436975,74.46406897478992
1039,47108-MN10128,2018-01-01,534.286004056795,74.5151162616633
1040,47108-MN10128,2018-02-01,483.52183908045976,67.42613615402298
1041,47108-MN10128,2018-03-01,531.597619047619,74.09347753809524
1042,47108-MN10128,2018-04-01,513.6607142857143,77.15771049107143
1043,47108-MN10128,2018-05-01,532.675,100.07949783749999
1044,47108-MN10128,2018-06-01,518.4727272727273,104.25354478181818
1045,47108-MN10128,2018-07-01,537.5844155844156,111.79816588961039
1046,47108-MN10128,2018-08-01,533.9815668202765,112.46566328341014
1047,47108-MN10128,2018-09-01,514.7168458781362,108.31866220071683
1048,47108-MN10128,2018-10-01,524.1503267973857,105.00210444444443
1049,47108-MN10128,2018-11-01,513.579831932773,80.11448399999999
1050,47108-MN10128,2018-12-01,68.71428571428571,9.988890999999999
1051,47089-MN10075,2015-12-01,76103.33333333333,5575.490301333334
1052,47089-MN10075,2016-01-01,109667.5287356322,8008.55914445977
1053,47089-MN10075,2016-02-01,103978.4712643678,7503.63877654023
1054,47089-MN10075,2016-03-01,111364.76041666666,-16802.118027083336
1055,47089-MN10075,2016-04-01,108365.60625,-24623.936432150003
1056,47089-MN10075,2016-05-01,116861.96666666667,-18472.30830076667
1057,47089-MN10075,2016-06-01,117024.58333333334,-9092.972999083333
1058,47089-MN10075,2016-07-01,125510.71666666667,-1110.0608750166668
1059,47089-MN10075,2016-08-01,129286.28333333333,6380.596601766667
1060,47089-MN10075,2016-09-01,123910.5775862069,8463.780959172414
1061,47089-MN10075,2016-10-01,121484.02955665025,8335.353600827588
1062,47089-MN10075,2016-11-01,113163.78801843317,7558.274938709677
1063,47089-MN10075,2016-12-01,113780.35483870967,7335.656722623657
1064,47089-MN10075,2017-01-01,110865.37931034483,7226.363873252874
1065,47089-MN10075,2017-02-01,98904.18318965517,6425.052398382543
1066,47089-MN10075,2017-03-01,109797.50646551725,7203.936327307112
1067,47089-MN10075,2017-04-01,108124.24137931033,7381.172244310345
1068,47089-MN10075,2017-05-01,114402.78056426332,7825.162982322883
1069,47089-MN10075,2017-06-01,118418.90909090909,8321.424835290909
1070,47089-MN10075,2017-07-01,128343.65517241378,9460.261799282758
1071,47089-MN10075,2017-08-01,128175.43573667711,9365.492155517242
1072,47089-MN10075,2017-09-01,114809.90909090909,8734.074017642857
1073,47089-MN10075,2017-10-01,112032.75,9061.577467107143
1074,47089-MN10075,2017-11-01,105942.54032258065,8536.188408379032
1075,47089-MN10075,2017-12-01,118957.64907135876,9323.912021173997
1076,47089-MN10075,2018-01-01,122712.26750261233,9837.470578455592
1077,47089-MN10075,2018-02-01,105746.20689655172,8677.073204551725
1078,47089-MN10075,2018-03-01,113796.83620689655,9319.119087064655
1079,47089-MN10075,2018-04-01,112089.0948275862,9197.790332349137
1080,47089-MN10075,2018-05-01,123932.52183908047,10081.55053454253
1081,47089-MN10075,2018-06-01,118816.07083333333,9531.293845733333
1082,47089-MN10075,2018-07-01,136040.0625,11143.9472996
1083,47089-MN10075,2018-08-01,128426.9375,10645.993867025001
1084,47089-MN10075,2018-09-01,106756.99353448277,8824.859120409483
1085,47089-MN10075,2018-10-01,101753.17241379312,8103.29506275862
1086,47089-MN10075,2018-11-01,99764.99030172414,7514.345058675646
1087,47089-MN10075,2018-12-01,30137.90625,2242.29188953125
1088,47092-MN10080,2015-12-01,4066.909090909091,958.6254545454545
1089,47092-MN10080,2016-01-01,16642.09090909091,3859.516545454546
1090,47092-MN10080,2016-02-01,18918.206896551725,4162.38075862069
1091,47092-MN10080,2016-03-01,19723.261853448275,4654.62880387931
1092,47092-MN10080,2016-04-01,19417.462284482757,5428.843265086207
1093,47092-MN10080,2016-05-01,22678.268965517243,6272.710505747127
1094,47092-MN10080,2016-06-01,23240.08125,7694.212479166667
1095,47092-MN10080,2016-07-01,23974.029094827587,7410.30494612069
1096,47092-MN10080,2016-08-01,23758.75632183908,7003.763908045978
1097,47092-MN10080,2016-09-01,24745.183333333334,7791.5008333333335
1098,47092-MN10080,2016-10-01,23505.474137931036,8251.152844827586
1099,47092-MN10080,2016-11-01,19958.675862068965,6057.409655172414
1100,47092-MN10080,2016-12-01,16813.32727272727,4575.2472727272725
1101,47092-MN10080,2017-01-01,16364.406060606061,4788.3653939393935
1102,47092-MN10080,2017-02-01,15219.027956989248,4283.439913978495
1103,47092-MN10080,2017-03-01,16925.005376344085,4647.954086021506
1104,47092-MN10080,2017-04-01,17483.591954022988,4730.340229885057
1105,47092-MN10080,2017-05-01,17173.303879310344,5333.773415948275
1106,47092-MN10080,2017-06-01,16433.4375,5065.7830208333335
1107,47092-MN10080,2017-07-01,20445.43103448276,6518.681149425287
1108,47092-MN10080,2017-08-01,23749.818965517243,7798.48801724138
1109,47092-MN10080,2017-09-01,21140.870689655174,6111.62301724138
1110,47092-MN10080,2017-10-01,20588.310344827587,7055.344482758621
1111,47092-MN10080,2017-11-01,18385.168965517245,6481.607999999999
1112,47092-MN10080,2017-12-01,17546.99090909091,5102.3559393939395
1113,47092-MN10080,2018-01-01,19486.642424242425,5542.463393939394
1114,47092-MN10080,2018-02-01,18911.202150537632,5218.702989247312
1115,47092-MN10080,2018-03-01,19627.064516129034,5355.2556774193545
1116,47092-MN10080,2018-04-01,20350.06896551724,5692.313655172414
1117,47092-MN10080,2018-05-01,18928.681034482757,5569.262844827586
1118,47092-MN10080,2018-06-01,19443.25,6190.8875
1119,47092-MN10080,2018-07-01,26303.379310344826,9217.715172413795
1120,47092-MN10080,2018-08-01,27801.007786429367,9320.0719243604
1121,47092-MN10080,2018-09-01,16735.612903225807,5547.732903225807
1122,47092-MN10084,2015-12-01,3296.242424242424,613.6848484848484
1123,47092-MN10084,2016-01-01,15422.357575757576,2940.053151515151
1124,47092-MN10084,2016-02-01,22562.951724137933,4533.63648275862
1125,47092-MN10084,2016-03-01,12734.854525862069,2668.7717672413796
1126,47092-MN10084,2016-04-01,11729.635416666666,2343.78125
1127,47092-MN10084,2016-05-01,11445.458333333332,2679.5625
1128,47092-MN10084,2016-06-01,11076.25,2593.125
1129,47092-MN10084,2016-07-01,11445.458333333332,2679.5625
1130,47092-MN10084,2016-08-01,11390.458333333332,2675.1265
1131,47092-MN10084,2016-09-01,10749.833333333332,2556.511
1132,47092-MN10084,2016-10-01,11145.155172413793,2593.1725862068965
1133,47092-MN10084,2016-11-01,12053.27816091954,2524.413747126437
1134,47092-MN10084,2016-12-01,12361.612121212122,2543.341393939394
1135,47092-MN10084,2017-01-01,12127.121212121212,2516.5052727272723
1136,47092-MN10084,2017-02-01,11109.268817204302,2398.190064516129
1137,47092-MN10084,2017-03-01,11890.231182795698,2567.0569354838713
1138,47092-MN10084,2017-04-01,11584.62643678161,2616.447413793104
1139,47092-MN10084,2017-05-01,12107.956896551725,3069.6022737068965
1140,47092-MN10084,2017-06-01,11295.75,2743.8653125
1141,47092-MN10084,2017-07-01,11828.46551724138,2896.9458620689657
1142,47092-MN10084,2017-08-01,12324.534482758621,3050.7016379310344
1143,47092-MN10084,2017-09-01,12183.46551724138,3028.039396551724
1144,47092-MN10084,2017-10-01,13130.931034482759,3208.347931034483
1145,47092-MN10084,2017-11-01,12040.603448275862,2800.1541724137933
1146,47092-MN10084,2017-12-01,12408.772727272728,2959.1573636363637
1147,47092-MN10084,2018-01-01,12308.327272727274,2951.3256363636365
1148,47092-MN10084,2018-02-01,11578.14193548387,2765.301548387097
1149,47092-MN10084,2018-03-01,12615.85806451613,2988.7584516129036
1150,47092-MN10084,2018-04-01,12100.88275862069,2893.171448275862
1151,47092-MN10084,2018-05-01,12037.51724137931,3014.519051724138
1152,47092-MN10084,2018-06-01,11151.2,2879.7375
1153,47092-MN10084,2018-07-01,11676.903448275863,3204.4327586206896
1154,47092-MN10084,2018-08-01,11821.638487208009,3231.663047830923
1155,47092-MN10084,2018-09-01,8430.258064516129,2145.454193548387
1156,47093-MN10091,2015-12-01,3405.5757575757575,703.0812121212122
1157,47093-MN10091,2016-01-01,13286.624242424241,2763.788787878788
1158,47093-MN10091,2016-02-01,12709.041379310343,2727.0606896551726
1159,47093-MN10091,2016-03-01,13018.133620689656,2783.468060344828
1160,47093-MN10091,2016-04-01,11924.762931034482,2531.084698275862
1161,47093-MN10091,2016-05-01,12223.762068965518,3040.132551724138
1162,47093-MN10091,2016-06-01,11384.975,2988.082125
1163,47093-MN10091,2016-07-01,11309.849137931034,2795.786702586207
1164,47093-MN10091,2016-08-01,12272.942528735632,3108.9318390804597
1165,47093-MN10091,2016-09-01,12470.083333333332,3133.100833333333
1166,47093-MN10091,2016-10-01,12964.284482758621,3103.653534482759
1167,47093-MN10091,2016-11-01,13085.76551724138,2934.295632183908
1168,47093-MN10091,2016-12-01,13465.836363636365,3034.307878787879
1169,47093-MN10091,2017-01-01,13724.363636363636,3019.9694545454545
1170,47093-MN10091,2017-02-01,12416.258064516129,2838.4218064516126
1171,47093-MN10091,2017-03-01,13080.408602150537,3108.8108602150537
1172,47093-MN10091,2017-04-01,12503.678160919539,3020.2557471264367
1173,47093-MN10091,2017-05-01,12346.936422413793,3350.955086206897
1174,47093-MN10091,2017-06-01,11371.21875,3103.4575
1175,47093-MN10091,2017-07-01,11905.706896551725,3221.3443103448276
1176,47093-MN10091,2017-08-01,9136.857619577308,2520.70181868743
1177,47093-MN10091,2017-09-01,2269.0044493882087,629.4450778642931
1178,47093-MN10091,2017-10-01,12270.48275862069,3312.593793103448
1179,47093-MN10091,2017-11-01,13360.737931034482,3213.837786
1180,47093-MN10091,2017-12-01,14985.801253918497,3502.3018036969697
1181,47093-MN10091,2018-01-01,14520.73207941484,4015.3850201880878
1182,47093-MN10091,2018-02-01,17778.72539859103,5250.958615921394
1183,47093-MN10091,2018-03-01,12677.051612903226,3270.9147741935485
1184,47093-MN10091,2018-04-01,12891.434482758621,3370.807172413793
1185,47093-MN10091,2018-05-01,12759.384872080089,3529.9403114571746
1186,47093-MN10091,2018-06-01,9031.58064516129,2527.2845161290325
1187,47093-MN10094,2015-12-01,5610.909090909091,1257.347878787879
1188,47093-MN10094,2016-01-01,22787.090909090908,5114.892121212121
1189,47093-MN10094,2016-02-01,25272.1724137931,5759.15448275862
1190,47093-MN10094,2016-03-01,26102.6400862069,6147.34457974138
1191,47093-MN10094,2016-04-01,24578.221982758623,5615.9316271551725
1192,47093-MN10094,2016-05-01,27476.865517241382,7093.817643678161
1193,47093-MN10094,2016-06-01,28295.006250000002,8369.359791666668
1194,47093-MN10094,2016-07-01,32568.404094827587,10013.259461206897
1195,47093-MN10094,2016-08-01,34274.62298850575,10496.44308045977
1196,47093-MN10094,2016-09-01,28853.816666666666,8407.219333333333
1197,47093-MN10094,2016-10-01,27463.629310344826,10019.395172413793
1198,47093-MN10094,2016-11-01,22712.88735632184,6005.832827586207
1199,47093-MN10094,2016-12-01,20067.642424242425,5474.033818181819
1200,47093-MN10094,2017-01-01,19389.69090909091,5349.989848484849
1201,47093-MN10094,2017-02-01,18925.045161290323,5321.859946236559
1202,47093-MN10094,2017-03-01,20908.354838709678,5914.136720430108
1203,47093-MN10094,2017-04-01,21081.206896551725,6086.891666666666
1204,47093-MN10094,2017-05-01,20386.605603448275,7421.9790625000005
1205,47093-MN10094,2017-06-01,21234.6875,8832.4109375
1206,47093-MN10094,2017-07-01,27740.534482758623,9717.266206896551
1207,47093-MN10094,2017-08-01,21442.175194660736,7919.673147942159
1208,47093-MN10094,2017-09-01,5216.479977753061,1648.1578865406009
1209,47093-MN10094,2017-10-01,25055.172413793105,8263.826206896552
1210,47093-MN10094,2017-11-01,24273.206896551725,8299.956432827585
1211,47093-MN10094,2017-12-01,25472.870428422153,7413.2825438662485
1212,47093-MN10094,2018-01-01,23129.278996865207,8234.474929788923
1213,47093-MN10094,2018-02-01,31731.9751575825,11931.418774273638
1214,47093-MN10094,2018-03-01,17880.8064516129,5947.925870967742
1215,47093-MN10094,2018-04-01,17629.724137931036,6250.360413793103
1216,47093-MN10094,2018-05-01,18260.695216907676,6048.360166852058
1217,47093-MN10094,2018-06-01,16023.58064516129,4829.7774193548385
1218,47092-MN10082,2015-12-01,5635.393939393939,1325.68
1219,47092-MN10082,2016-01-01,22310.40606060606,5236.602
1220,47092-MN10082,2016-02-01,22467.30344827586,5267.7752413793105
1221,47092-MN10082,2016-03-01,22511.927801724138,5525.32900862069
1222,47092-MN10082,2016-04-01,21046.41702586207,5377.247198275862
1223,47092-MN10082,2016-05-01,22230.885057471263,6299.061218390805
1224,47092-MN10082,2016-06-01,22652.010416666668,7444.816895833334
1225,47092-MN10082,2016-07-01,23850.10452586207,7058.133954741379
1226,47092-MN10082,2016-08-01,24921.151724137933,6556.036482758622
1227,47092-MN10082,2016-09-01,19863.15,5341.6305
1228,47092-MN10082,2016-10-01,19216.594827586207,5806.5075
1229,47092-MN10082,2016-11-01,19103.255172413796,5132.933333333333
1230,47092-MN10082,2016-12-01,17199.4,4430.955757575757
1231,47092-MN10082,2017-01-01,16977.4,4573.41690909091
1232,47092-MN10082,2017-02-01,15824.729032258065,4397.584322580645
1233,47092-MN10082,2017-03-01,17434.204301075268,4595.034677419355
1234,47092-MN10082,2017-04-01,18443.908045977012,4980.783620689655
1235,47092-MN10082,2017-05-01,17702.071120689656,5468.661379310344
1236,47092-MN10082,2017-06-01,15845.854166666668,4770.588333333333
1237,47092-MN10082,2017-07-01,18959.350574712644,5910.53408045977
1238,47092-MN10082,2017-08-01,22638.48275862069,6322.722586206896
1239,47092-MN10082,2017-09-01,19681.96551724138,5816.819482758621
1240,47092-MN10082,2017-10-01,18232.827586206895,7333.43172413793
1241,47092-MN10082,2017-11-01,16830.506896551724,6006.572793103448
1242,47092-MN10082,2017-12-01,15713.033333333333,4757.141909090909
1243,47092-MN10082,2018-01-01,14705.0,4839.568424242425
1244,47092-MN10082,2018-02-01,14191.827956989247,4646.149053763441
1245,47092-MN10082,2018-03-01,15121.838709677419,4500.1796129032255
1246,47092-MN10082,2018-04-01,15917.517241379312,4825.978206896552
1247,47092-MN10082,2018-05-01,16950.73275862069,4933.881293103448
1248,47092-MN10082,2018-06-01,17199.95,5109.110500000001
1249,47092-MN10082,2018-07-01,20123.144827586206,6522.962344827587
1250,47092-MN10082,2018-08-01,22136.042269187987,6788.458364849834
1251,47092-MN10082,2018-09-01,13743.612903225807,4731.781290322581
1252,47076-MN10056,2015-12-01,13828.387096774193,8951.948387096774
1253,47076-MN10056,2016-01-01,24216.27956989247,4940.7516129032265
1254,47076-MN10056,2016-02-01,20283.645833333332,24.9359375
1255,47076-MN10056,2016-03-01,20143.963362068964,26.626821120689655
1256,47076-MN10056,2016-04-01,12985.8908045977,21.17290804597701
1257,47076-MN10056,2016-05-01,6472.768817204302,11.265301075268816
1258,47076-MN10056,2016-06-01,4772.903225806452,6.7064516129032254
1259,47076-MN10056,2016-07-01,10605.461290322579,6.5142473118279565
1260,47076-MN10056,2016-08-01,12087.4868852459,6.477349726775957
1261,47076-MN10056,2016-09-01,10579.180327868853,6.388524590163934
1262,47076-MN10056,2016-10-01,16176.27416619559,5.901079706048614
1263,47076-MN10056,2016-11-01,19723.196120689656,6.733254310344828
1264,47076-MN10056,2016-12-01,20615.788306451614,14599.397802419357
1265,47076-MN10056,2017-01-01,20393.532814238042,8031.362736373749
1266,47076-MN10056,2017-02-01,13863.366379310344,5.726336206896551
1267,47076-MN10056,2017-03-01,11760.474999999999,6.22925
1268,47076-MN10056,2017-04-01,9148.262068965518,5.0471724137931036
1269,47076-MN10056,2017-05-01,5225.137931034483,6.276077586206896
1270,47076-MN10056,2017-06-01,5430.0,6.00675
1271,47076-MN10056,2017-07-01,9517.21875,6.4966875
1272,47076-MN10056,2017-08-01,15883.78125,6.2333125
1273,47076-MN10056,2017-09-01,18977.51724137931,5.0471724137931036
1274,47076-MN10056,2017-10-01,22414.413793103446,4.910344827586206
1275,47076-MN10056,2017-11-01,17908.225828262337,3228.4011494252873
1276,47076-MN10056,2017-12-01,16207.326797385622,4763.6322222222225
1277,47076-MN10056,2018-01-01,16207.326797385622,4763.6322222222225
1278,47076-MN10056,2018-02-01,14638.875816993464,4302.635555555556
1279,47076-MN10056,2018-03-01,16207.326797385622,4763.6322222222225
1280,47076-MN10056,2018-04-01,6356.690224807872,1508.9525396825397
1281,47076-MN10056,2018-05-01,988.2527472527472,-295.91714285714284
1282,47076-MN10056,2018-06-01,956.3736263736264,-286.3714285714285
1283,47076-MN10056,2018-07-01,4018.734845799362,-101.1480184331797
1284,47076-MN10056,2018-08-01,5685.5,5.975
1285,47076-MN10056,2018-09-01,9041.102150537634,-1017.6605053763442
1286,47076-MN10056,2018-10-01,13665.708333333334,786.3819166666666
1287,47076-MN10056,2018-11-01,19776.48214285714,4634.296607142856
1288,47076-MN10056,2018-12-01,7787.142857142857,2115.682142857143
1289,47093-MN10093,2015-12-01,8432.484848484848,1732.5503030303032
1290,47093-MN10093,2016-01-01,34148.11515151515,7127.349696969698
1291,47093-MN10093,2016-02-01,37441.5724137931,8227.471724137931
1292,47093-MN10093,2016-03-01,38253.1088362069,8527.27952586207
1293,47093-MN10093,2016-04-01,35256.5463362069,8354.184267241379
1294,47093-MN10093,2016-05-01,37394.63908045977,9900.658482758621
1295,47093-MN10093,2016-06-01,40897.97083333333,12300.431312499999
1296,47093-MN10093,2016-07-01,47440.97629310345,13104.620204741379
1297,47093-MN10093,2016-08-01,48392.91954022989,12964.401149425288
1298,47093-MN10093,2016-09-01,44005.66666666667,12466.760833333332
1299,47093-MN10093,2016-10-01,44720.51724137931,13436.258706896551
1300,47093-MN10093,2016-11-01,37871.949425287356,9982.963126436782
1301,47093-MN10093,2016-12-01,32871.89696969697,7602.747030303031
1302,47093-MN10093,2017-01-01,37079.869696969705,7873.872636363636
1303,47093-MN10093,2017-02-01,34661.863440860216,8032.901322580644
1304,47093-MN10093,2017-03-01,33875.403225806454,9097.468010752687
1305,47093-MN10093,2017-04-01,31688.18965517241,8251.227873563217
1306,47093-MN10093,2017-05-01,32625.904094827587,9950.041605603448
1307,47093-MN10093,2017-06-01,33434.40625,9963.975520833334
1308,47093-MN10093,2017-07-01,41577.58620689655,11942.05908045977
1309,47093-MN10093,2017-08-01,42784.22830923248,12168.472989432701
1310,47093-MN10093,2017-09-01,41978.32341490545,12184.323217463849
1311,47093-MN10093,2017-10-01,42525.65517241379,13087.360689655174
1312,47093-MN10093,2017-11-01,38304.50689655173,11546.564689655172
1313,47093-MN10093,2017-12-01,38223.6393939394,10631.09206060606
1314,47093-MN10093,2018-01-01,35811.92727272728,9327.928606060605
1315,47093-MN10093,2018-02-01,28290.16559139785,8469.834043010753
1316,47093-MN10093,2018-03-01,29645.167741935486,8697.067290322579
1317,47093-MN10093,2018-04-01,29552.868965517242,10057.53227586207
1318,47093-MN10093,2018-05-01,29191.834260289208,8742.903014460513
1319,47093-MN10093,2018-06-01,23796.096774193546,6908.39870967742
1320,47093-MN10090,2015-12-01,10633.939393939394,2240.3442424242426
1321,47093-MN10090,2016-01-01,44542.86060606061,9407.113757575758
1322,47093-MN10090,2016-02-01,55920.82068965517,11862.527862068968
1323,47093-MN10090,2016-03-01,69143.75431034483,14143.014762931036
1324,47093-MN10090,2016-04-01,74513.72844827586,14517.073168103449
1325,47093-MN10090,2016-05-01,65865.46321839081,15325.160206896551
1326,47093-MN10090,2016-06-01,65055.683333333334,16604.0035
1327,47093-MN10090,2016-07-01,67660.88793103448,17032.692155172415
1328,47093-MN10090,2016-08-01,71445.46206896551,18357.10501149425
1329,47093-MN10090,2016-09-01,64338.149999999994,16876.895333333334
1330,47093-MN10090,2016-10-01,62675.629310344826,16348.917931034484
1331,47093-MN10090,2016-11-01,54812.08735632184,13490.998068965517
1332,47093-MN10090,2016-12-01,46835.98787878788,10742.352181818182
1333,47093-MN10090,2017-01-01,42885.778787878786,10011.95115151515
1334,47093-MN10090,2017-02-01,42209.60537634408,10224.259376344087
1335,47093-MN10090,2017-03-01,46999.82795698925,11556.54629032258
1336,47093-MN10090,2017-04-01,50685.747126436785,11937.64051724138
1337,47093-MN10090,2017-05-01,51597.30495689655,14044.36948275862
1338,47093-MN10090,2017-06-01,51406.11458333333,14114.295
1339,47093-MN10090,2017-07-01,62867.683908045976,17334.397586206895
1340,47093-MN10090,2017-08-01,61574.98275862069,17644.444913793104
1341,47093-MN10090,2017-09-01,55704.879310344826,16816.97715517241
1342,47093-MN10090,2017-10-01,54194.206896551725,15773.39448275862
1343,47093-MN10090,2017-11-01,47064.71379310345,13529.551862068965
1344,47093-MN10090,2017-12-01,42700.39696969697,11428.144303030303
1345,47093-MN10090,2018-01-01,40134.30303030303,11344.893696969697
1346,47093-MN10090,2018-02-01,37964.032258064515,11362.010193548387
1347,47093-MN10090,2018-03-01,35986.76774193548,10048.543806451613
1348,47093-MN10090,2018-04-01,37506.3724137931,10782.243724137932
1349,47093-MN10090,2018-05-01,40617.795328142376,11029.618275862069
1350,47093-MN10090,2018-06-01,32542.032258064515,8908.36
1351,47093-MN10092,2015-12-01,6551.030303030303,1526.7248484848485
1352,47093-MN10092,2016-01-01,26662.369696969698,6072.545151515152
1353,47093-MN10092,2016-02-01,29580.048275862067,6292.601034482758
1354,47093-MN10092,2016-03-01,29423.52047413793,6618.217403017242
1355,47093-MN10092,2016-04-01,27027.2036637931,6215.36880387931
1356,47093-MN10092,2016-05-01,28828.0275862069,7995.481091954023
1357,47093-MN10092,2016-06-01,30969.9875,9625.061041666666
1358,47093-MN10092,2016-07-01,35317.433189655174,10260.832693965516
1359,47093-MN10092,2016-08-01,34949.31264367816,9602.220597701149
1360,47093-MN10092,2016-09-01,30872.816666666666,8896.227333333334
1361,47093-MN10092,2016-10-01,32606.112068965514,8795.166896551724
1362,47093-MN10092,2016-11-01,30440.53793103448,7862.966436781609
1363,47093-MN10092,2016-12-01,26680.236363636363,6805.68393939394
1364,47093-MN10092,2017-01-01,24914.530303030304,6651.589727272727
1365,47093-MN10092,2017-02-01,22695.672043010753,6198.166225806452
1366,47093-MN10092,2017-03-01,24493.661290322583,6592.088440860214
1367,47093-MN10092,2017-04-01,26393.362068965518,7251.797988505747
1368,47093-MN10092,2017-05-01,25528.512931034486,7940.586594827586
1369,47093-MN10092,2017-06-01,24794.625,7681.897083333333
1370,47093-MN10092,2017-07-01,29994.93103448276,9597.348735632184
1371,47093-MN10092,2017-08-01,38629.891546162406,13092.574624582869
1372,47093-MN10092,2017-09-01,49897.83259176863,16561.259513348163
1373,47093-MN10092,2017-10-01,25925.896551724138,8542.132068965519
1374,47093-MN10092,2017-11-01,22874.348275862067,7602.588724137931
1375,47093-MN10092,2017-12-01,21863.372727272726,6683.78693939394
1376,47093-MN10092,2018-01-01,20939.327272727274,6419.850727272727
1377,47093-MN10092,2018-02-01,20722.045161290323,6349.562107526882
1378,47093-MN10092,2018-03-01,22455.954838709677,6716.239225806452
1379,47093-MN10092,2018-04-01,21691.91724137931,6682.673655172413
1380,47093-MN10092,2018-05-01,23799.450500556173,7184.223248053393
1381,47093-MN10092,2018-06-01,18328.032258064515,5684.717096774193
1382,47092-MN10083,2015-12-01,4815.515151515152,987.0351515151515
1383,47092-MN10083,2016-01-01,19323.28484848485,3989.074848484848
1384,47092-MN10083,2016-02-01,20419.027586206896,4319.71
1385,47092-MN10083,2016-03-01,20666.2974137931,4380.6859375
1386,47092-MN10083,2016-04-01,20185.668103448275,4446.136476293103
1387,47092-MN10083,2016-05-01,20732.640229885055,5321.27391954023
1388,47092-MN10083,2016-06-01,21814.941666666666,5974.739916666666
1389,47092-MN10083,2016-07-01,25366.7974137931,6762.833405172414
1390,47092-MN10083,2016-08-01,27671.827586206895,7425.19967816092
1391,47092-MN10083,2016-09-01,25182.5,7466.168166666667
1392,47092-MN10083,2016-10-01,27330.603448275862,8771.89077586207
1393,47092-MN10083,2016-11-01,25015.963218390803,6240.849057471265
1394,47092-MN10083,2016-12-01,20343.38787878788,4807.100848484849
1395,47092-MN10083,2017-01-01,16293.77878787879,4416.932484848485
1396,47092-MN10083,2017-02-01,19239.347311827958,4695.675139784947
1397,47092-MN10083,2017-03-01,20102.086021505376,5033.229193548387
1398,47092-MN10083,2017-04-01,20469.71264367816,5194.981896551723
1399,47092-MN10083,2017-05-01,20673.52693965517,5862.417478448277
1400,47092-MN10083,2017-06-01,20180.760416666668,5557.293958333334
1401,47092-MN10083,2017-07-01,23723.471264367814,6573.8358045977
1402,47092-MN10083,2017-08-01,22042.112068965518,6275.345862068965
1403,47092-MN10083,2017-09-01,20603.094827586207,5749.1917241379315
1404,47092-MN10083,2017-10-01,20026.379310344826,5588.873103448276
1405,47092-MN10083,2017-11-01,18456.475862068964,5451.272172413793
1406,47092-MN10083,2017-12-01,17959.31515151515,5043.9639090909095
1407,47092-MN10083,2018-01-01,16962.951515151515,4780.466424242424
1408,47092-MN10083,2018-02-01,16052.04946236559,4541.9223440860205
1409,47092-MN10083,2018-03-01,15962.483870967742,4386.446322580645
1410,47092-MN10083,2018-04-01,15973.103448275862,4538.38675862069
1411,47092-MN10083,2018-05-01,16753.79977753059,4570.628854282536
1412,47092-MN10083,2018-06-01,13285.09677419355,3698.3183870967737
1413,47095-MN10117,2015-12-01,5426.424242424242,1002.4872727272727
1414,47095-MN10117,2016-01-01,27041.575757575756,5066.680727272727
1415,47095-MN10117,2016-02-01,44180.65517241379,8498.785448275863
1416,47095-MN10117,2016-03-01,23602.407327586207,4770.072801724137
1417,47095-MN10117,2016-04-01,22389.90301724138,4819.583405172414
1418,47095-MN10117,2016-05-01,25099.501149425287,6012.010011494253
1419,47095-MN10117,2016-06-01,26005.877083333333,7747.539395833334
1420,47095-MN10117,2016-07-01,29743.966594827587,7424.2802478448275
1421,47095-MN10117,2016-08-01,29382.689655172413,7545.716022988506
1422,47095-MN10117,2016-09-01,26705.0,7414.179666666667
1423,47095-MN10117,2016-10-01,29705.379310344826,9261.978793103448
1424,47095-MN10117,2016-11-01,25396.220689655172,5948.430206896552
1425,47095-MN10117,2016-12-01,21253.854545454546,4987.112363636364
1426,47095-MN10117,2017-01-01,21350.845454545455,4927.117303030303
1427,47095-MN10117,2017-02-01,21324.7,4932.052784946237
1428,47095-MN10117,2017-03-01,24114.5,5579.52188172043
1429,47095-MN10117,2017-04-01,23548.362068965518,5658.434770114943
1430,47095-MN10117,2017-05-01,22268.637931034486,6221.029396551724
1431,47095-MN10117,2017-06-01,21603.666666666668,5897.4608333333335
1432,47095-MN10117,2017-07-01,23297.454022988502,6873.784942528736
1433,47095-MN10117,2017-08-01,24167.87931034483,6819.09922413793
1434,47095-MN10117,2017-09-01,22711.810344827587,6463.102499999999
1435,47095-MN10117,2017-10-01,22469.758620689652,6654.0055172413795
1436,47095-MN10117,2017-11-01,20023.831034482755,5795.492482758621
1437,47095-MN10117,2017-12-01,19514.433333333334,5197.004121212121
1438,47095-MN10117,2018-01-01,18953.466666666667,5104.925878787878
1439,47095-MN10117,2018-02-01,18129.71612903226,5063.538774193548
1440,47095-MN10117,2018-03-01,19226.68387096774,5135.677225806452
1441,47095-MN10117,2018-04-01,19827.696551724137,5349.2022068965525
1442,47095-MN10117,2018-05-01,20929.942157953283,5393.886051167964
1443,47095-MN10117,2018-06-01,16499.16129032258,4342.147741935483
1444,47095-MN10118,2015-12-01,5679.272727272727,1203.071515151515
1445,47095-MN10118,2016-01-01,23273.32727272727,4943.340484848484
1446,47095-MN10118,2016-02-01,27028.779310344824,5728.792137931035
1447,47095-MN10118,2016-03-01,30373.83943965517,6335.964924568965
1448,47095-MN10118,2016-04-01,29573.19504310345,6809.998868534483
1449,47095-MN10118,2016-05-01,34611.08620689655,7966.045735632184
1450,47095-MN10118,2016-06-01,34063.625,8980.302270833334
1451,47095-MN10118,2016-07-01,34774.42672413793,8977.86578663793
1452,47095-MN10118,2016-08-01,34665.7816091954,8987.451609195403
1453,47095-MN10118,2016-09-01,32627.666666666668,8966.646666666667
1454,47095-MN10118,2016-10-01,34475.51724137931,10066.615517241378
1455,47095-MN10118,2016-11-01,30321.282758620688,7807.181149425287
1456,47095-MN10118,2016-12-01,26050.745454545453,5505.656060606061
1457,47095-MN10118,2017-01-01,24769.254545454543,5254.99493939394
1458,47095-MN10118,2017-02-01,23291.135483870967,5260.15394623656
1459,47095-MN10118,2017-03-01,25236.7311827957,5947.856720430108
1460,47095-MN10118,2017-04-01,23865.919540229886,5689.89856321839
1461,47095-MN10118,2017-05-01,22703.07004310345,6266.488103448276
1462,47095-MN10118,2017-06-01,21697.510416666668,5932.415
1463,47095-MN10118,2017-07-01,23122.798850574713,7060.264482758621
1464,47095-MN10118,2017-08-01,22479.53448275862,6682.57801724138
1465,47095-MN10118,2017-09-01,20960.3275862069,6240.550603448276
1466,47095-MN10118,2017-10-01,20719.137931034486,7464.948275862069
1467,47095-MN10118,2017-11-01,18753.73448275862,6847.287620689655
1468,47095-MN10118,2017-12-01,18502.936363636363,5842.673121212121
1469,47095-MN10118,2018-01-01,18135.363636363636,5435.3112121212125
1470,47095-MN10118,2018-02-01,17332.83870967742,5517.894408602151
1471,47095-MN10118,2018-03-01,18046.16129032258,5423.370258064516
1472,47095-MN10118,2018-04-01,17932.344827586207,5952.383724137931
1473,47095-MN10118,2018-05-01,19096.784204671858,5869.532146829811
1474,47095-MN10118,2018-06-01,14915.870967741936,4321.826129032258
1475,47095-MN10115,2015-12-01,4255.030303030303,1024.4678787878788
1476,47095-MN10115,2016-01-01,17326.769696969695,4050.7101212121215
1477,47095-MN10115,2016-02-01,19292.993103448276,4087.079931034482
1478,47095-MN10115,2016-03-01,19790.988146551725,4276.982693965518
1479,47095-MN10115,2016-04-01,19813.70150862069,4281.185237068966
1480,47095-MN10115,2016-05-01,22107.450574712646,5707.020137931035
1481,47095-MN10115,2016-06-01,22311.504166666666,7235.4480625
1482,47095-MN10115,2016-07-01,24491.528017241377,7534.022489224138
1483,47095-MN10115,2016-08-01,23985.301149425286,7421.292781609194
1484,47095-MN10115,2016-09-01,20086.483333333334,6141.790666666667
1485,47095-MN10115,2016-10-01,20591.4224137931,7660.435862068966
1486,47095-MN10115,2016-11-01,17466.027586206896,4976.964137931035
1487,47095-MN10115,2016-12-01,14456.072727272727,3931.747272727273
1488,47095-MN10115,2017-01-01,14444.760606060605,3853.3550606060608
1489,47095-MN10115,2017-02-01,14331.0311827957,3844.143795698925
1490,47095-MN10115,2017-03-01,15908.435483870968,4303.978870967741
1491,47095-MN10115,2017-04-01,14968.706896551725,4285.5336206896545
1492,47095-MN10115,2017-05-01,13541.730603448275,4679.903566810344
1493,47095-MN10115,2017-06-01,13181.229166666666,4609.5228125
1494,47095-MN10115,2017-07-01,15536.316091954024,5922.816379310346
1495,47095-MN10115,2017-08-01,16337.01724137931,5193.588620689655
1496,47095-MN10115,2017-09-01,15320.120689655172,4890.016551724138
1497,47095-MN10115,2017-10-01,15958.137931034484,5665.978620689655
1498,47095-MN10115,2017-11-01,14506.241379310346,5371.323827586208
1499,47095-MN10115,2017-12-01,13165.121212121212,4173.562515151515
1500,47095-MN10115,2018-01-01,12422.812121212122,3904.710484848485
1501,47095-MN10115,2018-02-01,11618.1311827957,3856.6644516129036
1502,47095-MN10115,2018-03-01,12211.735483870967,3914.3215483870968
1503,47095-MN10115,2018-04-01,12578.924137931033,4247.685103448277
1504,47095-MN10115,2018-05-01,13314.40489432703,4103.220767519467
1505,47095-MN10115,2018-06-01,10729.870967741936,3121.456129032258
1506,47094-MN10100,2016-01-01,61441.0,14365.96
1507,47094-MN10100,2016-02-01,127087.99999999999,18935.6
1508,47094-MN10100,2016-03-01,116825.0,15327.71
1509,47094-MN10100,2016-04-01,124116.0,22609.63
1510,47094-MN10100,2016-05-01,122268.0,18203.01
1511,47094-MN10100,2016-06-01,142908.0,26769.14
1512,47094-MN10100,2016-07-01,137984.0,28033.51
1513,47094-MN10100,2016-08-01,111228.0,24554.53
1514,47094-MN10100,2016-09-01,103995.0,30408.86
1515,47094-MN10100,2016-10-01,87429.0,33524.13
1516,47094-MN10100,2016-11-01,83234.0,22968.26
1517,47094-MN10100,2016-12-01,55429.0,14563.31
1518,47094-MN10100,2017-01-01,60069.0,15242.15
1519,47094-MN10100,2017-02-01,49708.0,14907.48
1520,47094-MN10100,2017-03-01,64714.0,16652.54
1521,47094-MN10100,2017-04-01,64900.00000000001,16314.91
1522,47094-MN10100,2017-05-01,73926.0,20422.77
1523,47094-MN10100,2017-06-01,70743.0,23044.5
1524,47094-MN10100,2017-07-01,82867.0,22419.07
1525,47094-MN10100,2017-08-01,93478.0,21698.22
1526,47094-MN10100,2017-09-01,76679.0,20629.75
1527,47094-MN10100,2017-10-01,81596.0,33346.29
1528,47094-MN10100,2017-11-01,61057.0,18778.68
1529,47094-MN10100,2017-12-01,56823.0,14563.8
1530,47094-MN10100,2018-01-01,68121.0,19942.3
1531,47094-MN10100,2018-02-01,62207.0,16076.790000000003
1532,47094-MN10100,2018-03-01,66621.0,15466.62
1533,47094-MN10100,2018-04-01,69335.0,19814.65
1534,47094-MN10100,2018-05-01,74335.0,15571.17
1535,47094-MN10100,2018-06-01,80070.0,17943.56
1536,47094-MN10100,2018-07-01,107680.03125,25787.64875
1537,47094-MN10100,2018-08-01,107787.96875,21018.58125
1538,47094-MN10100,2018-09-01,86745.0,18251.9
1539,47094-MN10100,2018-10-01,103344.0,28036.229999999996
1540,47094-MN10100,2018-11-01,57317.0,17860.1
1560,47123-MN10139,2016-01-01,138985.5,21299.41
1561,47123-MN10139,2016-02-01,134349.8,23330.71
1562,47123-MN10139,2016-03-01,142445.3,21430.96
1563,47123-MN10139,2016-04-01,136384.1,25918.6
1564,47123-MN10139,2016-05-01,144390.2,26088.37
1565,47123-MN10139,2016-06-01,150947.7,30393.63
1566,47123-MN10139,2016-07-01,170536.8,26152.04
1567,47123-MN10139,2016-08-01,175180.0,31570.68
1568,47123-MN10139,2016-09-01,156294.8,22099.92
1569,47123-MN10139,2016-10-01,141120.1,24084.74
1570,47123-MN10139,2016-11-01,146093.0,28545.54
1571,47123-MN10139,2016-12-01,143774.0,26867.65
1572,47123-MN10139,2017-01-01,148020.9,21266.16
1573,47123-MN10139,2017-02-01,141410.9,25653.11
1574,47123-MN10139,2017-03-01,159451.2,25755.57
1575,47123-MN10139,2017-04-01,147193.5,19738.86
1576,47123-MN10139,2017-05-01,151677.1,25800.77
1577,47123-MN10139,2017-06-01,148477.8,27860.55
1578,47123-MN10139,2017-07-01,158670.5,28447.67
1579,47123-MN10139,2017-08-01,159751.4,30981.48
1580,47123-MN10139,2017-09-01,149922.4,32416.77
1581,47123-MN10139,2017-10-01,136792.5,23257.96
1582,47123-MN10139,2017-11-01,134436.6,23833.28
1583,47123-MN10139,2017-12-01,132104.9,20057.51
1584,47123-MN10139,2018-01-01,140895.5,23702.74
1585,47123-MN10139,2018-02-01,129922.4,18087.0
1586,47123-MN10139,2018-03-01,141527.1,20935.96
1587,47123-MN10139,2018-04-01,132797.2,22890.97
1588,47123-MN10139,2018-05-01,138768.3,21280.15
1589,47123-MN10139,2018-06-01,132640.9,28351.9
1590,47123-MN10139,2018-07-01,150907.5,25066.8
1591,47123-MN10139,2018-08-01,151418.1,23743.86
1592,47123-MN10139,2018-09-01,136127.9,22811.19
1593,47123-MN10139,2018-10-01,130922.4,19982.33
1594,47123-MN10139,2018-11-01,124208.99999999999,25197.28
